nohup: ignoring input

  .   ____          _            __ _ _
 /\\ / ___'_ __ _ _(_)_ __  __ _ \ \ \ \
( ( )\___ | '_ | '_| | '_ \/ _` | \ \ \ \
 \\/  ___)| |_)| | | | | || (_| |  ) ) ) )
  '  |____| .__|_| |_|_| |_\__, | / / / /
 =========|_|==============|___/=/_/_/_/
 :: Spring Boot ::                (v3.2.0)

2026-01-05T04:04:40.656-05:00  INFO 4002 --- [hazmat-safety-system] [           main] com.hazmat.HazmatSafetyApplication       : Starting HazmatSafetyApplication v1.0.0 using Java 17.0.17 with PID 4002 (/home/ubuntu/hazmat-safety-system/backend/target/hazmat-safety-system-1.0.0.jar started by ubuntu in /home/ubuntu/hazmat-safety-system/backend)
2026-01-05T04:04:40.660-05:00 DEBUG 4002 --- [hazmat-safety-system] [           main] com.hazmat.HazmatSafetyApplication       : Running with Spring Boot v3.2.0, Spring v6.1.1
2026-01-05T04:04:40.661-05:00  INFO 4002 --- [hazmat-safety-system] [           main] com.hazmat.HazmatSafetyApplication       : No active profile set, falling back to 1 default profile: "default"
2026-01-05T04:04:42.085-05:00  INFO 4002 --- [hazmat-safety-system] [           main] o.s.b.w.embedded.tomcat.TomcatWebServer  : Tomcat initialized with port 8080 (http)
2026-01-05T04:04:42.094-05:00  INFO 4002 --- [hazmat-safety-system] [           main] o.apache.catalina.core.StandardService   : Starting service [Tomcat]
2026-01-05T04:04:42.094-05:00  INFO 4002 --- [hazmat-safety-system] [           main] o.apache.catalina.core.StandardEngine    : Starting Servlet engine: [Apache Tomcat/10.1.16]
2026-01-05T04:04:42.129-05:00  INFO 4002 --- [hazmat-safety-system] [           main] o.a.c.c.C.[Tomcat].[localhost].[/api]    : Initializing Spring embedded WebApplicationContext
2026-01-05T04:04:42.130-05:00  INFO 4002 --- [hazmat-safety-system] [           main] w.s.c.ServletWebServerApplicationContext : Root WebApplicationContext: initialization completed in 1382 ms
2026-01-05T04:04:42.177-05:00 DEBUG 4002 --- [hazmat-safety-system] [           main] com.hazmat.config.SecurityConfig$1       : Filter 'jwtAuthenticationFilter' configured for use
Logging initialized using 'class org.apache.ibatis.logging.stdout.StdOutImpl' adapter.
Initialization Sequence datacenterId:0 workerId:14
 _ _   |_  _ _|_. ___ _ |    _ 
| | |\/|_)(_| | |_\  |_)||_|_\ 
     /               |         
                        3.5.5 
2026-01-05T04:04:42.829-05:00  WARN 4002 --- [hazmat-safety-system] [           main] .s.s.UserDetailsServiceAutoConfiguration : 

Using generated security password: 0b617f5b-4de7-420a-8c73-7d37258c4853

This generated password is for development use only. Your security configuration must be updated before running your application in production.

2026-01-05T04:04:43.112-05:00  INFO 4002 --- [hazmat-safety-system] [           main] o.s.s.web.DefaultSecurityFilterChain     : Will secure any request with [org.springframework.security.web.session.DisableEncodeUrlFilter@4bbf38b8, org.springframework.security.web.context.request.async.WebAsyncManagerIntegrationFilter@4e67cfe1, org.springframework.security.web.context.SecurityContextHolderFilter@1aedf08d, org.springframework.security.web.header.HeaderWriterFilter@7b5ac347, org.springframework.web.filter.CorsFilter@55bf35e5, org.springframework.security.web.authentication.logout.LogoutFilter@42c54bad, com.hazmat.config.SecurityConfig$1@1bf14704, org.springframework.security.web.savedrequest.RequestCacheAwareFilter@b5d9f1e, org.springframework.security.web.servletapi.SecurityContextHolderAwareRequestFilter@350ff014, org.springframework.security.web.authentication.AnonymousAuthenticationFilter@25567581, org.springframework.security.web.session.SessionManagementFilter@664db2ca, org.springframework.security.web.access.ExceptionTranslationFilter@4e4395c, org.springframework.security.web.access.intercept.AuthorizationFilter@b01cb8d]
2026-01-05T04:04:43.355-05:00  INFO 4002 --- [hazmat-safety-system] [           main] o.s.b.w.embedded.tomcat.TomcatWebServer  : Tomcat started on port 8080 (http) with context path '/api'
2026-01-05T04:04:43.363-05:00  INFO 4002 --- [hazmat-safety-system] [           main] com.hazmat.HazmatSafetyApplication       : Started HazmatSafetyApplication in 3.14 seconds (process running for 3.613)
Creating a new SqlSession
SqlSession [org.apache.ibatis.session.defaults.DefaultSqlSession@44084713] was not registered for synchronization because synchronization is not active
2026-01-05T04:04:43.427-05:00  INFO 4002 --- [hazmat-safety-system] [           main] com.zaxxer.hikari.HikariDataSource       : HikariPool-1 - Starting...
2026-01-05T04:04:43.571-05:00  INFO 4002 --- [hazmat-safety-system] [           main] com.zaxxer.hikari.pool.HikariPool        : HikariPool-1 - Added connection com.mysql.cj.jdbc.ConnectionImpl@248d3a
2026-01-05T04:04:43.573-05:00  INFO 4002 --- [hazmat-safety-system] [           main] com.zaxxer.hikari.HikariDataSource       : HikariPool-1 - Start completed.
JDBC Connection [HikariProxyConnection@634435864 wrapping com.mysql.cj.jdbc.ConnectionImpl@248d3a] will not be managed by Spring
==>  Preparing: SELECT COUNT( * ) AS total FROM sys_admin
==> Parameters: 
<==    Columns: total
<==        Row: 1
<==      Total: 1
Closing non transactional SqlSession [org.apache.ibatis.session.defaults.DefaultSqlSession@44084713]
========================================
  企业危化品安全管理系统启动成功！
  访问地址: http://localhost:8080/api
  API文档: http://localhost:8080/api/swagger-ui.html
========================================
2026-01-05T04:09:33.984-05:00  INFO 4002 --- [hazmat-safety-system] [nio-8080-exec-1] o.a.c.c.C.[Tomcat].[localhost].[/api]    : Initializing Spring DispatcherServlet 'dispatcherServlet'
2026-01-05T04:09:33.985-05:00  INFO 4002 --- [hazmat-safety-system] [nio-8080-exec-1] o.s.web.servlet.DispatcherServlet        : Initializing Servlet 'dispatcherServlet'
2026-01-05T04:09:33.986-05:00  INFO 4002 --- [hazmat-safety-system] [nio-8080-exec-1] o.s.web.servlet.DispatcherServlet        : Completed initialization in 1 ms
2026-01-05T04:09:33.993-05:00 DEBUG 4002 --- [hazmat-safety-system] [nio-8080-exec-1] o.s.security.web.FilterChainProxy        : Securing POST /auth/login
2026-01-05T04:09:34.011-05:00 DEBUG 4002 --- [hazmat-safety-system] [nio-8080-exec-1] o.s.s.w.a.AnonymousAuthenticationFilter  : Set SecurityContextHolder to anonymous SecurityContext
2026-01-05T04:09:34.012-05:00  WARN 4002 --- [hazmat-safety-system] [nio-8080-exec-1] o.s.w.s.h.HandlerMappingIntrospector     : Cache miss for REQUEST dispatch to '/api/auth/login' (previous null). Performing MatchableHandlerMapping lookup. This is logged once only at WARN level, and every time at TRACE.
2026-01-05T04:09:34.022-05:00 DEBUG 4002 --- [hazmat-safety-system] [nio-8080-exec-1] o.s.security.web.FilterChainProxy        : Secured POST /auth/login
Creating a new SqlSession
SqlSession [org.apache.ibatis.session.defaults.DefaultSqlSession@615168d4] was not registered for synchronization because synchronization is not active
JDBC Connection [HikariProxyConnection@374985807 wrapping com.mysql.cj.jdbc.ConnectionImpl@248d3a] will not be managed by Spring
==>  Preparing: SELECT id,username,password,real_name,phone,email,avatar,status,create_time,update_time FROM sys_admin WHERE (username = ?)
==> Parameters: admin(String)
<==    Columns: id, username, password, real_name, phone, email, avatar, status, create_time, update_time
<==        Row: 1, admin, $2a$10$N.zmdr9k7uOCQb376NoUnuTJ8iAt6Z5EHsM8lE9lBOsl7iAt6Z5EH, 系统管理员, 13800000000, admin@example.com, null, 1, 2026-01-05 08:59:13, 2026-01-05 08:59:13
<==      Total: 1
Closing non transactional SqlSession [org.apache.ibatis.session.defaults.DefaultSqlSession@615168d4]
2026-01-05T04:09:41.872-05:00 DEBUG 4002 --- [hazmat-safety-system] [nio-8080-exec-2] o.s.security.web.FilterChainProxy        : Securing POST /auth/login
2026-01-05T04:09:41.874-05:00 DEBUG 4002 --- [hazmat-safety-system] [nio-8080-exec-2] o.s.s.w.a.AnonymousAuthenticationFilter  : Set SecurityContextHolder to anonymous SecurityContext
2026-01-05T04:09:41.875-05:00 DEBUG 4002 --- [hazmat-safety-system] [nio-8080-exec-2] o.s.security.web.FilterChainProxy        : Secured POST /auth/login
Creating a new SqlSession
SqlSession [org.apache.ibatis.session.defaults.DefaultSqlSession@5b965ed2] was not registered for synchronization because synchronization is not active
JDBC Connection [HikariProxyConnection@1604960632 wrapping com.mysql.cj.jdbc.ConnectionImpl@248d3a] will not be managed by Spring
==>  Preparing: SELECT id,username,password,real_name,phone,email,department,avatar,status,create_time,update_time FROM sys_user WHERE (username = ?)
==> Parameters: admin(String)
<==      Total: 0
Closing non transactional SqlSession [org.apache.ibatis.session.defaults.DefaultSqlSession@5b965ed2]
2026-01-05T04:10:08.474-05:00 DEBUG 4002 --- [hazmat-safety-system] [nio-8080-exec-3] o.s.security.web.FilterChainProxy        : Securing POST /auth/login
2026-01-05T04:10:08.475-05:00 DEBUG 4002 --- [hazmat-safety-system] [nio-8080-exec-3] o.s.s.w.a.AnonymousAuthenticationFilter  : Set SecurityContextHolder to anonymous SecurityContext
2026-01-05T04:10:08.475-05:00 DEBUG 4002 --- [hazmat-safety-system] [nio-8080-exec-3] o.s.security.web.FilterChainProxy        : Secured POST /auth/login
Creating a new SqlSession
SqlSession [org.apache.ibatis.session.defaults.DefaultSqlSession@3a336440] was not registered for synchronization because synchronization is not active
JDBC Connection [HikariProxyConnection@1041033182 wrapping com.mysql.cj.jdbc.ConnectionImpl@248d3a] will not be managed by Spring
==>  Preparing: SELECT id,username,password,real_name,phone,email,department,avatar,status,create_time,update_time FROM safety_admin WHERE (username = ?)
==> Parameters: admin(String)
<==      Total: 0
Closing non transactional SqlSession [org.apache.ibatis.session.defaults.DefaultSqlSession@3a336440]
2026-01-05T04:10:10.140-05:00 DEBUG 4002 --- [hazmat-safety-system] [nio-8080-exec-4] o.s.security.web.FilterChainProxy        : Securing POST /auth/login
2026-01-05T04:10:10.141-05:00 DEBUG 4002 --- [hazmat-safety-system] [nio-8080-exec-4] o.s.s.w.a.AnonymousAuthenticationFilter  : Set SecurityContextHolder to anonymous SecurityContext
2026-01-05T04:10:10.142-05:00 DEBUG 4002 --- [hazmat-safety-system] [nio-8080-exec-4] o.s.security.web.FilterChainProxy        : Secured POST /auth/login
Creating a new SqlSession
SqlSession [org.apache.ibatis.session.defaults.DefaultSqlSession@58a2a211] was not registered for synchronization because synchronization is not active
JDBC Connection [HikariProxyConnection@1449482101 wrapping com.mysql.cj.jdbc.ConnectionImpl@248d3a] will not be managed by Spring
==>  Preparing: SELECT id,username,password,real_name,phone,email,avatar,status,create_time,update_time FROM sys_admin WHERE (username = ?)
==> Parameters: admin(String)
<==    Columns: id, username, password, real_name, phone, email, avatar, status, create_time, update_time
<==        Row: 1, admin, $2a$10$N.zmdr9k7uOCQb376NoUnuTJ8iAt6Z5EHsM8lE9lBOsl7iAt6Z5EH, 系统管理员, 13800000000, admin@example.com, null, 1, 2026-01-05 08:59:13, 2026-01-05 08:59:13
<==      Total: 1
Closing non transactional SqlSession [org.apache.ibatis.session.defaults.DefaultSqlSession@58a2a211]
2026-01-05T04:10:12.026-05:00 DEBUG 4002 --- [hazmat-safety-system] [nio-8080-exec-5] o.s.security.web.FilterChainProxy        : Securing POST /auth/login
2026-01-05T04:10:12.028-05:00 DEBUG 4002 --- [hazmat-safety-system] [nio-8080-exec-5] o.s.s.w.a.AnonymousAuthenticationFilter  : Set SecurityContextHolder to anonymous SecurityContext
2026-01-05T04:10:12.028-05:00 DEBUG 4002 --- [hazmat-safety-system] [nio-8080-exec-5] o.s.security.web.FilterChainProxy        : Secured POST /auth/login
Creating a new SqlSession
SqlSession [org.apache.ibatis.session.defaults.DefaultSqlSession@2b4c32f4] was not registered for synchronization because synchronization is not active
JDBC Connection [HikariProxyConnection@1689703382 wrapping com.mysql.cj.jdbc.ConnectionImpl@248d3a] will not be managed by Spring
==>  Preparing: SELECT id,username,password,real_name,phone,email,department,avatar,status,create_time,update_time FROM sys_user WHERE (username = ?)
==> Parameters: admin(String)
<==      Total: 0
Closing non transactional SqlSession [org.apache.ibatis.session.defaults.DefaultSqlSession@2b4c32f4]
2026-01-05T04:10:21.720-05:00 DEBUG 4002 --- [hazmat-safety-system] [nio-8080-exec-6] o.s.security.web.FilterChainProxy        : Securing POST /auth/login
2026-01-05T04:10:21.721-05:00 DEBUG 4002 --- [hazmat-safety-system] [nio-8080-exec-6] o.s.s.w.a.AnonymousAuthenticationFilter  : Set SecurityContextHolder to anonymous SecurityContext
2026-01-05T04:10:21.722-05:00 DEBUG 4002 --- [hazmat-safety-system] [nio-8080-exec-6] o.s.security.web.FilterChainProxy        : Secured POST /auth/login
Creating a new SqlSession
SqlSession [org.apache.ibatis.session.defaults.DefaultSqlSession@56090ed8] was not registered for synchronization because synchronization is not active
JDBC Connection [HikariProxyConnection@1489959529 wrapping com.mysql.cj.jdbc.ConnectionImpl@248d3a] will not be managed by Spring
==>  Preparing: SELECT id,username,password,real_name,phone,email,department,avatar,status,create_time,update_time FROM sys_user WHERE (username = ?)
==> Parameters: safety(String)
<==      Total: 0
Closing non transactional SqlSession [org.apache.ibatis.session.defaults.DefaultSqlSession@56090ed8]
2026-01-05T04:10:23.335-05:00 DEBUG 4002 --- [hazmat-safety-system] [nio-8080-exec-7] o.s.security.web.FilterChainProxy        : Securing POST /auth/login
2026-01-05T04:10:23.337-05:00 DEBUG 4002 --- [hazmat-safety-system] [nio-8080-exec-7] o.s.s.w.a.AnonymousAuthenticationFilter  : Set SecurityContextHolder to anonymous SecurityContext
2026-01-05T04:10:23.337-05:00 DEBUG 4002 --- [hazmat-safety-system] [nio-8080-exec-7] o.s.security.web.FilterChainProxy        : Secured POST /auth/login
Creating a new SqlSession
SqlSession [org.apache.ibatis.session.defaults.DefaultSqlSession@544380ef] was not registered for synchronization because synchronization is not active
JDBC Connection [HikariProxyConnection@1518625815 wrapping com.mysql.cj.jdbc.ConnectionImpl@248d3a] will not be managed by Spring
==>  Preparing: SELECT id,username,password,real_name,phone,email,department,avatar,status,create_time,update_time FROM safety_admin WHERE (username = ?)
==> Parameters: safety(String)
<==    Columns: id, username, password, real_name, phone, email, department, avatar, status, create_time, update_time
<==        Row: 1, safety, $2a$10$N.zmdr9k7uOCQb376NoUnuTJ8iAt6Z5EHsM8lE9lBOsl7iAt6Z5EH, 安全管理员, 13800000001, safety@example.com, 安全管理部, null, 1, 2026-01-05 08:59:13, 2026-01-05 08:59:13
<==      Total: 1
Closing non transactional SqlSession [org.apache.ibatis.session.defaults.DefaultSqlSession@544380ef]
2026-01-05T04:10:52.033-05:00 DEBUG 4002 --- [hazmat-safety-system] [nio-8080-exec-8] o.s.security.web.FilterChainProxy        : Securing POST /auth/register
2026-01-05T04:10:52.034-05:00 DEBUG 4002 --- [hazmat-safety-system] [nio-8080-exec-8] o.s.s.w.a.AnonymousAuthenticationFilter  : Set SecurityContextHolder to anonymous SecurityContext
2026-01-05T04:10:52.035-05:00 DEBUG 4002 --- [hazmat-safety-system] [nio-8080-exec-8] o.s.security.web.FilterChainProxy        : Secured POST /auth/register
Creating a new SqlSession
SqlSession [org.apache.ibatis.session.defaults.DefaultSqlSession@6a58462a] was not registered for synchronization because synchronization is not active
JDBC Connection [HikariProxyConnection@589827433 wrapping com.mysql.cj.jdbc.ConnectionImpl@248d3a] will not be managed by Spring
==>  Preparing: SELECT COUNT( * ) AS total FROM sys_user WHERE (username = ?)
==> Parameters: huyiwen(String)
<==    Columns: total
<==        Row: 0
<==      Total: 1
Closing non transactional SqlSession [org.apache.ibatis.session.defaults.DefaultSqlSession@6a58462a]
Creating a new SqlSession
SqlSession [org.apache.ibatis.session.defaults.DefaultSqlSession@3bb26205] was not registered for synchronization because synchronization is not active
JDBC Connection [HikariProxyConnection@1420079768 wrapping com.mysql.cj.jdbc.ConnectionImpl@248d3a] will not be managed by Spring
==>  Preparing: INSERT INTO sys_user ( username, password, real_name, phone, email, department, status, create_time, update_time ) VALUES ( ?, ?, ?, ?, ?, ?, ?, ?, ? )
==> Parameters: huyiwen(String), $2a$10$nhrkfSvgfJCHZJyz2hyDfuhNROwBK397CTqUZVsaADcPHGR.jOsOy(String), Huyiwen(String), 17683728423(String), 17683728423@163.com(String), 测试部(String), 1(Integer), 2026-01-05T04:10:52.125721660(LocalDateTime), 2026-01-05T04:10:52.127456674(LocalDateTime)
<==    Updates: 1
Closing non transactional SqlSession [org.apache.ibatis.session.defaults.DefaultSqlSession@3bb26205]
2026-01-05T04:10:59.772-05:00 DEBUG 4002 --- [hazmat-safety-system] [nio-8080-exec-9] o.s.security.web.FilterChainProxy        : Securing POST /auth/login
2026-01-05T04:10:59.774-05:00 DEBUG 4002 --- [hazmat-safety-system] [nio-8080-exec-9] o.s.s.w.a.AnonymousAuthenticationFilter  : Set SecurityContextHolder to anonymous SecurityContext
2026-01-05T04:10:59.774-05:00 DEBUG 4002 --- [hazmat-safety-system] [nio-8080-exec-9] o.s.security.web.FilterChainProxy        : Secured POST /auth/login
Creating a new SqlSession
SqlSession [org.apache.ibatis.session.defaults.DefaultSqlSession@24535b05] was not registered for synchronization because synchronization is not active
JDBC Connection [HikariProxyConnection@714383871 wrapping com.mysql.cj.jdbc.ConnectionImpl@248d3a] will not be managed by Spring
==>  Preparing: SELECT id,username,password,real_name,phone,email,department,avatar,status,create_time,update_time FROM sys_user WHERE (username = ?)
==> Parameters: huyiwen(String)
<==    Columns: id, username, password, real_name, phone, email, department, avatar, status, create_time, update_time
<==        Row: 1, huyiwen, $2a$10$nhrkfSvgfJCHZJyz2hyDfuhNROwBK397CTqUZVsaADcPHGR.jOsOy, Huyiwen, 17683728423, 17683728423@163.com, 测试部, null, 1, 2026-01-05 04:10:52, 2026-01-05 04:10:52
<==      Total: 1
Closing non transactional SqlSession [org.apache.ibatis.session.defaults.DefaultSqlSession@24535b05]
2026-01-05T04:11:13.593-05:00 DEBUG 4002 --- [hazmat-safety-system] [io-8080-exec-10] o.s.security.web.FilterChainProxy        : Securing GET /dashboard/announcements
2026-01-05T04:11:13.593-05:00 DEBUG 4002 --- [hazmat-safety-system] [nio-8080-exec-1] o.s.security.web.FilterChainProxy        : Securing GET /dashboard/pending-plans
2026-01-05T04:11:13.594-05:00 DEBUG 4002 --- [hazmat-safety-system] [nio-8080-exec-2] o.s.security.web.FilterChainProxy        : Securing GET /dashboard/stats
2026-01-05T04:11:13.595-05:00 DEBUG 4002 --- [hazmat-safety-system] [nio-8080-exec-3] o.s.security.web.FilterChainProxy        : Securing GET /dashboard/hot-knowledge
2026-01-05T04:11:13.595-05:00 DEBUG 4002 --- [hazmat-safety-system] [nio-8080-exec-4] o.s.security.web.FilterChainProxy        : Securing GET /dashboard/pending-hazards
2026-01-05T04:11:13.647-05:00 DEBUG 4002 --- [hazmat-safety-system] [io-8080-exec-10] o.s.security.web.FilterChainProxy        : Secured GET /dashboard/announcements
2026-01-05T04:11:13.647-05:00 DEBUG 4002 --- [hazmat-safety-system] [nio-8080-exec-2] o.s.security.web.FilterChainProxy        : Secured GET /dashboard/stats
2026-01-05T04:11:13.647-05:00 DEBUG 4002 --- [hazmat-safety-system] [nio-8080-exec-1] o.s.security.web.FilterChainProxy        : Secured GET /dashboard/pending-plans
2026-01-05T04:11:13.648-05:00 DEBUG 4002 --- [hazmat-safety-system] [nio-8080-exec-3] o.s.security.web.FilterChainProxy        : Secured GET /dashboard/hot-knowledge
Creating a new SqlSession
SqlSession [org.apache.ibatis.session.defaults.DefaultSqlSession@35849d6e] was not registered for synchronization because synchronization is not active
Creating a new SqlSession
Creating a new SqlSession
SqlSession [org.apache.ibatis.session.defaults.DefaultSqlSession@27ff8106] was not registered for synchronization because synchronization is not active
SqlSession [org.apache.ibatis.session.defaults.DefaultSqlSession@32c61343] was not registered for synchronization because synchronization is not active
2026-01-05T04:11:13.650-05:00 DEBUG 4002 --- [hazmat-safety-system] [nio-8080-exec-4] o.s.security.web.FilterChainProxy        : Secured GET /dashboard/pending-hazards
JDBC Connection [HikariProxyConnection@19649358 wrapping com.mysql.cj.jdbc.ConnectionImpl@248d3a] will not be managed by Spring
==>  Preparing: SELECT COUNT( * ) AS total FROM hazmat_info WHERE (status = ?)
Creating a new SqlSession
SqlSession [org.apache.ibatis.session.defaults.DefaultSqlSession@59272e81] was not registered for synchronization because synchronization is not active
==> Parameters: 1(Integer)
Creating a new SqlSession
JDBC Connection [HikariProxyConnection@569274004 wrapping com.mysql.cj.jdbc.ConnectionImpl@7ac22c1e] will not be managed by Spring
JDBC Connection [HikariProxyConnection@1348488791 wrapping com.mysql.cj.jdbc.ConnectionImpl@249c4e26] will not be managed by Spring
==>  Preparing: SELECT id,title,content,category,cover_image,view_count,status,create_by,create_time,update_time FROM safety_knowledge WHERE (status = ?) ORDER BY view_count DESC LIMIT 5
==>  Preparing: SELECT id,title,description,check_type,plan_date,department,status,create_by,create_time,update_time FROM check_plan WHERE (status IN (?,?)) ORDER BY plan_date ASC
<==    Columns: total
<==        Row: 5
==> Parameters: 1(Integer)
<==      Total: 1
==> Parameters: 0(Integer), 1(Integer)
Closing non transactional SqlSession [org.apache.ibatis.session.defaults.DefaultSqlSession@35849d6e]
JDBC Connection [HikariProxyConnection@157142036 wrapping com.mysql.cj.jdbc.ConnectionImpl@1d3cf87a] will not be managed by Spring
Creating a new SqlSession
SqlSession [org.apache.ibatis.session.defaults.DefaultSqlSession@23f8bb23] was not registered for synchronization because synchronization is not active
==>  Preparing: SELECT id,title,content,type,priority,status,publish_time,create_by,create_time,update_time FROM announcement WHERE (status = ?) ORDER BY priority DESC,publish_time DESC LIMIT 5
==> Parameters: 1(Integer)
JDBC Connection [HikariProxyConnection@427340068 wrapping com.mysql.cj.jdbc.ConnectionImpl@248d3a] will not be managed by Spring
==>  Preparing: SELECT COUNT( * ) AS total FROM check_plan
SqlSession [org.apache.ibatis.session.defaults.DefaultSqlSession@6e3ddbc9] was not registered for synchronization because synchronization is not active
==> Parameters: 
<==    Columns: id, title, content, category, cover_image, view_count, status, create_by, create_time, update_time
<==    Columns: id, title, content, type, priority, status, publish_time, create_by, create_time, update_time
<==        Row: 1, 危险化学品安全操作规程, <<BLOB>>, 操作规程, null, 0, 1, null, 2026-01-05 08:59:13, 2026-01-05 08:59:13
<==    Columns: total
<==        Row: 0
<==      Total: 0
<==      Total: 1
Closing non transactional SqlSession [org.apache.ibatis.session.defaults.DefaultSqlSession@59272e81]
Closing non transactional SqlSession [org.apache.ibatis.session.defaults.DefaultSqlSession@23f8bb23]
<==        Row: 2, 化学品泄漏应急处置预案, <<BLOB>>, 应急预案, null, 0, 1, null, 2026-01-05 08:59:13, 2026-01-05 08:59:13
Creating a new SqlSession
SqlSession [org.apache.ibatis.session.defaults.DefaultSqlSession@62a785ad] was not registered for synchronization because synchronization is not active
<==        Row: 1, 企业危化品安全管理系统上线通知, <<BLOB>>, 通知, 1, 1, 2026-01-05 08:59:13, null, 2026-01-05 08:59:13, 2026-01-05 08:59:13
JDBC Connection [HikariProxyConnection@1280476694 wrapping com.mysql.cj.jdbc.ConnectionImpl@248d3a] will not be managed by Spring
JDBC Connection [HikariProxyConnection@1857544565 wrapping com.mysql.cj.jdbc.ConnectionImpl@25842790] will not be managed by Spring
==>  Preparing: SELECT COUNT( * ) AS total FROM check_record
==>  Preparing: SELECT id,title,description,location,hazard_level,hazard_type,images,reporter_id,reporter_name,report_time,status,handler_id,handler_name,handle_time,handle_result,create_time,update_time FROM hazard_report WHERE (status IN (?,?)) ORDER BY report_time DESC
<==        Row: 3, 个人防护装备使用指南, <<BLOB>>, 安全知识, null, 0, 1, null, 2026-01-05 08:59:13, 2026-01-05 08:59:13
==> Parameters: 
==> Parameters: 0(Integer), 1(Integer)
<==      Total: 3
<==        Row: 2, 系统简介, <<BLOB>>, 系统简介, 0, 1, 2026-01-05 08:59:13, null, 2026-01-05 08:59:13, 2026-01-05 08:59:13
Closing non transactional SqlSession [org.apache.ibatis.session.defaults.DefaultSqlSession@27ff8106]
<==      Total: 2
Closing non transactional SqlSession [org.apache.ibatis.session.defaults.DefaultSqlSession@32c61343]
<==    Columns: total
<==        Row: 0
<==      Total: 0
<==      Total: 1
Closing non transactional SqlSession [org.apache.ibatis.session.defaults.DefaultSqlSession@62a785ad]
Closing non transactional SqlSession [org.apache.ibatis.session.defaults.DefaultSqlSession@6e3ddbc9]
Creating a new SqlSession
SqlSession [org.apache.ibatis.session.defaults.DefaultSqlSession@7cec32cf] was not registered for synchronization because synchronization is not active
JDBC Connection [HikariProxyConnection@1694468528 wrapping com.mysql.cj.jdbc.ConnectionImpl@248d3a] will not be managed by Spring
==>  Preparing: SELECT COUNT( * ) AS total FROM hazard_report
==> Parameters: 
<==    Columns: total
<==        Row: 0
<==      Total: 1
Closing non transactional SqlSession [org.apache.ibatis.session.defaults.DefaultSqlSession@7cec32cf]
Creating a new SqlSession
SqlSession [org.apache.ibatis.session.defaults.DefaultSqlSession@20a90c62] was not registered for synchronization because synchronization is not active
JDBC Connection [HikariProxyConnection@684561515 wrapping com.mysql.cj.jdbc.ConnectionImpl@248d3a] will not be managed by Spring
==>  Preparing: SELECT COUNT( * ) AS total FROM hazard_report WHERE (status = ?)
==> Parameters: 0(Integer)
<==    Columns: total
<==        Row: 0
<==      Total: 1
Closing non transactional SqlSession [org.apache.ibatis.session.defaults.DefaultSqlSession@20a90c62]
Creating a new SqlSession
SqlSession [org.apache.ibatis.session.defaults.DefaultSqlSession@11aabbc1] was not registered for synchronization because synchronization is not active
JDBC Connection [HikariProxyConnection@1335545549 wrapping com.mysql.cj.jdbc.ConnectionImpl@248d3a] will not be managed by Spring
==>  Preparing: SELECT COUNT( * ) AS total FROM safety_knowledge WHERE (status = ?)
==> Parameters: 1(Integer)
<==    Columns: total
<==        Row: 3
<==      Total: 1
Closing non transactional SqlSession [org.apache.ibatis.session.defaults.DefaultSqlSession@11aabbc1]
Creating a new SqlSession
SqlSession [org.apache.ibatis.session.defaults.DefaultSqlSession@1d5bbc03] was not registered for synchronization because synchronization is not active
JDBC Connection [HikariProxyConnection@70182339 wrapping com.mysql.cj.jdbc.ConnectionImpl@248d3a] will not be managed by Spring
==>  Preparing: SELECT COUNT( * ) AS total FROM announcement WHERE (status = ?)
==> Parameters: 1(Integer)
<==    Columns: total
<==        Row: 2
<==      Total: 1
Closing non transactional SqlSession [org.apache.ibatis.session.defaults.DefaultSqlSession@1d5bbc03]
2026-01-05T04:12:46.671-05:00 DEBUG 4002 --- [hazmat-safety-system] [nio-8080-exec-5] o.s.security.web.FilterChainProxy        : Securing POST /auth/login
2026-01-05T04:12:46.672-05:00 DEBUG 4002 --- [hazmat-safety-system] [nio-8080-exec-5] o.s.s.w.a.AnonymousAuthenticationFilter  : Set SecurityContextHolder to anonymous SecurityContext
2026-01-05T04:12:46.673-05:00 DEBUG 4002 --- [hazmat-safety-system] [nio-8080-exec-5] o.s.security.web.FilterChainProxy        : Secured POST /auth/login
Creating a new SqlSession
SqlSession [org.apache.ibatis.session.defaults.DefaultSqlSession@559876ae] was not registered for synchronization because synchronization is not active
JDBC Connection [HikariProxyConnection@1449356768 wrapping com.mysql.cj.jdbc.ConnectionImpl@248d3a] will not be managed by Spring
==>  Preparing: SELECT id,username,password,real_name,phone,email,department,avatar,status,create_time,update_time FROM sys_user WHERE (username = ?)
==> Parameters: admin(String)
<==      Total: 0
Closing non transactional SqlSession [org.apache.ibatis.session.defaults.DefaultSqlSession@559876ae]
2026-01-05T04:12:48.031-05:00 DEBUG 4002 --- [hazmat-safety-system] [nio-8080-exec-6] o.s.security.web.FilterChainProxy        : Securing GET /dashboard/stats
2026-01-05T04:12:48.032-05:00 DEBUG 4002 --- [hazmat-safety-system] [nio-8080-exec-7] o.s.security.web.FilterChainProxy        : Securing GET /dashboard/pending-plans
2026-01-05T04:12:48.032-05:00 DEBUG 4002 --- [hazmat-safety-system] [nio-8080-exec-8] o.s.security.web.FilterChainProxy        : Securing GET /dashboard/announcements
2026-01-05T04:12:48.033-05:00 DEBUG 4002 --- [hazmat-safety-system] [nio-8080-exec-9] o.s.security.web.FilterChainProxy        : Securing GET /dashboard/hot-knowledge
2026-01-05T04:12:48.037-05:00 DEBUG 4002 --- [hazmat-safety-system] [nio-8080-exec-6] o.s.security.web.FilterChainProxy        : Secured GET /dashboard/stats
Creating a new SqlSession
2026-01-05T04:12:48.038-05:00 DEBUG 4002 --- [hazmat-safety-system] [nio-8080-exec-7] o.s.security.web.FilterChainProxy        : Secured GET /dashboard/pending-plans
SqlSession [org.apache.ibatis.session.defaults.DefaultSqlSession@19f3f052] was not registered for synchronization because synchronization is not active
2026-01-05T04:12:48.038-05:00 DEBUG 4002 --- [hazmat-safety-system] [nio-8080-exec-8] o.s.security.web.FilterChainProxy        : Secured GET /dashboard/announcements
Creating a new SqlSession
SqlSession [org.apache.ibatis.session.defaults.DefaultSqlSession@2ae8b3e1] was not registered for synchronization because synchronization is not active
2026-01-05T04:12:48.039-05:00 DEBUG 4002 --- [hazmat-safety-system] [nio-8080-exec-9] o.s.security.web.FilterChainProxy        : Secured GET /dashboard/hot-knowledge
Creating a new SqlSession
SqlSession [org.apache.ibatis.session.defaults.DefaultSqlSession@39168213] was not registered for synchronization because synchronization is not active
2026-01-05T04:12:48.039-05:00 DEBUG 4002 --- [hazmat-safety-system] [nio-8080-exec-1] o.s.security.web.FilterChainProxy        : Securing GET /dashboard/pending-hazards
Creating a new SqlSession
SqlSession [org.apache.ibatis.session.defaults.DefaultSqlSession@21866795] was not registered for synchronization because synchronization is not active
JDBC Connection [HikariProxyConnection@127029882 wrapping com.mysql.cj.jdbc.ConnectionImpl@248d3a] will not be managed by Spring
==>  Preparing: SELECT COUNT( * ) AS total FROM hazmat_info WHERE (status = ?)
==> Parameters: 1(Integer)
JDBC Connection [HikariProxyConnection@1201979050 wrapping com.mysql.cj.jdbc.ConnectionImpl@1d3cf87a] will not be managed by Spring
==>  Preparing: SELECT id,title,content,category,cover_image,view_count,status,create_by,create_time,update_time FROM safety_knowledge WHERE (status = ?) ORDER BY view_count DESC LIMIT 5
JDBC Connection [HikariProxyConnection@730747440 wrapping com.mysql.cj.jdbc.ConnectionImpl@7ac22c1e] will not be managed by Spring
==>  Preparing: SELECT id,title,description,check_type,plan_date,department,status,create_by,create_time,update_time FROM check_plan WHERE (status IN (?,?)) ORDER BY plan_date ASC
JDBC Connection [HikariProxyConnection@989446716 wrapping com.mysql.cj.jdbc.ConnectionImpl@249c4e26] will not be managed by Spring
==>  Preparing: SELECT id,title,content,type,priority,status,publish_time,create_by,create_time,update_time FROM announcement WHERE (status = ?) ORDER BY priority DESC,publish_time DESC LIMIT 5
==> Parameters: 1(Integer)
==> Parameters: 1(Integer)
==> Parameters: 0(Integer), 1(Integer)
<==    Columns: total
<==        Row: 5
<==      Total: 1
Closing non transactional SqlSession [org.apache.ibatis.session.defaults.DefaultSqlSession@19f3f052]
Creating a new SqlSession
<==      Total: 0
<==    Columns: id, title, content, category, cover_image, view_count, status, create_by, create_time, update_time
<==    Columns: id, title, content, type, priority, status, publish_time, create_by, create_time, update_time
SqlSession [org.apache.ibatis.session.defaults.DefaultSqlSession@7fab11da] was not registered for synchronization because synchronization is not active
JDBC Connection [HikariProxyConnection@2044464925 wrapping com.mysql.cj.jdbc.ConnectionImpl@248d3a] will not be managed by Spring
==>  Preparing: SELECT COUNT( * ) AS total FROM check_plan
==> Parameters: 
Closing non transactional SqlSession [org.apache.ibatis.session.defaults.DefaultSqlSession@2ae8b3e1]
<==        Row: 1, 危险化学品安全操作规程, <<BLOB>>, 操作规程, null, 0, 1, null, 2026-01-05 08:59:13, 2026-01-05 08:59:13
<==        Row: 1, 企业危化品安全管理系统上线通知, <<BLOB>>, 通知, 1, 1, 2026-01-05 08:59:13, null, 2026-01-05 08:59:13, 2026-01-05 08:59:13
2026-01-05T04:12:48.044-05:00 DEBUG 4002 --- [hazmat-safety-system] [nio-8080-exec-1] o.s.security.web.FilterChainProxy        : Secured GET /dashboard/pending-hazards
<==        Row: 2, 化学品泄漏应急处置预案, <<BLOB>>, 应急预案, null, 0, 1, null, 2026-01-05 08:59:13, 2026-01-05 08:59:13
<==    Columns: total
<==        Row: 0
<==      Total: 1
Closing non transactional SqlSession [org.apache.ibatis.session.defaults.DefaultSqlSession@7fab11da]
Creating a new SqlSession
Creating a new SqlSession
SqlSession [org.apache.ibatis.session.defaults.DefaultSqlSession@717113d6] was not registered for synchronization because synchronization is not active
SqlSession [org.apache.ibatis.session.defaults.DefaultSqlSession@43adb161] was not registered for synchronization because synchronization is not active
<==        Row: 2, 系统简介, <<BLOB>>, 系统简介, 0, 1, 2026-01-05 08:59:13, null, 2026-01-05 08:59:13, 2026-01-05 08:59:13
JDBC Connection [HikariProxyConnection@1689214223 wrapping com.mysql.cj.jdbc.ConnectionImpl@248d3a] will not be managed by Spring
<==        Row: 3, 个人防护装备使用指南, <<BLOB>>, 安全知识, null, 0, 1, null, 2026-01-05 08:59:13, 2026-01-05 08:59:13
==>  Preparing: SELECT COUNT( * ) AS total FROM check_record
==> Parameters: 
<==      Total: 3
Closing non transactional SqlSession [org.apache.ibatis.session.defaults.DefaultSqlSession@39168213]
JDBC Connection [HikariProxyConnection@2126252194 wrapping com.mysql.cj.jdbc.ConnectionImpl@7ac22c1e] will not be managed by Spring
==>  Preparing: SELECT id,title,description,location,hazard_level,hazard_type,images,reporter_id,reporter_name,report_time,status,handler_id,handler_name,handle_time,handle_result,create_time,update_time FROM hazard_report WHERE (status IN (?,?)) ORDER BY report_time DESC
<==    Columns: total
<==        Row: 0
==> Parameters: 0(Integer), 1(Integer)
<==      Total: 1
Closing non transactional SqlSession [org.apache.ibatis.session.defaults.DefaultSqlSession@43adb161]
Creating a new SqlSession
SqlSession [org.apache.ibatis.session.defaults.DefaultSqlSession@556ca87f] was not registered for synchronization because synchronization is not active
JDBC Connection [HikariProxyConnection@2070162698 wrapping com.mysql.cj.jdbc.ConnectionImpl@248d3a] will not be managed by Spring
==>  Preparing: SELECT COUNT( * ) AS total FROM hazard_report
==> Parameters: 
<==      Total: 2
<==      Total: 0
Closing non transactional SqlSession [org.apache.ibatis.session.defaults.DefaultSqlSession@21866795]
Closing non transactional SqlSession [org.apache.ibatis.session.defaults.DefaultSqlSession@717113d6]
<==    Columns: total
<==        Row: 0
<==      Total: 1
Closing non transactional SqlSession [org.apache.ibatis.session.defaults.DefaultSqlSession@556ca87f]
Creating a new SqlSession
SqlSession [org.apache.ibatis.session.defaults.DefaultSqlSession@8515f99] was not registered for synchronization because synchronization is not active
JDBC Connection [HikariProxyConnection@953037244 wrapping com.mysql.cj.jdbc.ConnectionImpl@248d3a] will not be managed by Spring
==>  Preparing: SELECT COUNT( * ) AS total FROM hazard_report WHERE (status = ?)
==> Parameters: 0(Integer)
<==    Columns: total
<==        Row: 0
<==      Total: 1
Closing non transactional SqlSession [org.apache.ibatis.session.defaults.DefaultSqlSession@8515f99]
Creating a new SqlSession
SqlSession [org.apache.ibatis.session.defaults.DefaultSqlSession@6da8d4ed] was not registered for synchronization because synchronization is not active
JDBC Connection [HikariProxyConnection@1862792022 wrapping com.mysql.cj.jdbc.ConnectionImpl@248d3a] will not be managed by Spring
==>  Preparing: SELECT COUNT( * ) AS total FROM safety_knowledge WHERE (status = ?)
==> Parameters: 1(Integer)
<==    Columns: total
<==        Row: 3
<==      Total: 1
Closing non transactional SqlSession [org.apache.ibatis.session.defaults.DefaultSqlSession@6da8d4ed]
Creating a new SqlSession
SqlSession [org.apache.ibatis.session.defaults.DefaultSqlSession@60b991f] was not registered for synchronization because synchronization is not active
JDBC Connection [HikariProxyConnection@818196972 wrapping com.mysql.cj.jdbc.ConnectionImpl@248d3a] will not be managed by Spring
==>  Preparing: SELECT COUNT( * ) AS total FROM announcement WHERE (status = ?)
==> Parameters: 1(Integer)
<==    Columns: total
<==        Row: 2
<==      Total: 1
Closing non transactional SqlSession [org.apache.ibatis.session.defaults.DefaultSqlSession@60b991f]
2026-01-05T04:12:48.534-05:00 DEBUG 4002 --- [hazmat-safety-system] [nio-8080-exec-4] o.s.security.web.FilterChainProxy        : Securing POST /auth/login
2026-01-05T04:12:48.535-05:00 DEBUG 4002 --- [hazmat-safety-system] [nio-8080-exec-4] o.s.s.w.a.AnonymousAuthenticationFilter  : Set SecurityContextHolder to anonymous SecurityContext
2026-01-05T04:12:48.535-05:00 DEBUG 4002 --- [hazmat-safety-system] [nio-8080-exec-4] o.s.security.web.FilterChainProxy        : Secured POST /auth/login
Creating a new SqlSession
SqlSession [org.apache.ibatis.session.defaults.DefaultSqlSession@5b1033f5] was not registered for synchronization because synchronization is not active
JDBC Connection [HikariProxyConnection@696054349 wrapping com.mysql.cj.jdbc.ConnectionImpl@25842790] will not be managed by Spring
==>  Preparing: SELECT id,username,password,real_name,phone,email,avatar,status,create_time,update_time FROM sys_admin WHERE (username = ?)
==> Parameters: admin(String)
<==    Columns: id, username, password, real_name, phone, email, avatar, status, create_time, update_time
<==        Row: 1, admin, $2a$10$N.zmdr9k7uOCQb376NoUnuTJ8iAt6Z5EHsM8lE9lBOsl7iAt6Z5EH, 系统管理员, 13800000000, admin@example.com, null, 1, 2026-01-05 08:59:13, 2026-01-05 08:59:13
<==      Total: 1
Closing non transactional SqlSession [org.apache.ibatis.session.defaults.DefaultSqlSession@5b1033f5]
2026-01-05T04:12:50.558-05:00 DEBUG 4002 --- [hazmat-safety-system] [nio-8080-exec-3] o.s.security.web.FilterChainProxy        : Securing POST /auth/login
2026-01-05T04:12:50.560-05:00 DEBUG 4002 --- [hazmat-safety-system] [nio-8080-exec-3] o.s.s.w.a.AnonymousAuthenticationFilter  : Set SecurityContextHolder to anonymous SecurityContext
2026-01-05T04:12:50.561-05:00 DEBUG 4002 --- [hazmat-safety-system] [nio-8080-exec-3] o.s.security.web.FilterChainProxy        : Secured POST /auth/login
Creating a new SqlSession
SqlSession [org.apache.ibatis.session.defaults.DefaultSqlSession@68467e71] was not registered for synchronization because synchronization is not active
JDBC Connection [HikariProxyConnection@365328824 wrapping com.mysql.cj.jdbc.ConnectionImpl@7ac22c1e] will not be managed by Spring
==>  Preparing: SELECT id,username,password,real_name,phone,email,department,avatar,status,create_time,update_time FROM safety_admin WHERE (username = ?)
==> Parameters: admin(String)
<==      Total: 0
Closing non transactional SqlSession [org.apache.ibatis.session.defaults.DefaultSqlSession@68467e71]
2026-01-05T04:12:51.729-05:00 DEBUG 4002 --- [hazmat-safety-system] [io-8080-exec-10] o.s.security.web.FilterChainProxy        : Securing POST /auth/login
2026-01-05T04:12:51.730-05:00 DEBUG 4002 --- [hazmat-safety-system] [io-8080-exec-10] o.s.s.w.a.AnonymousAuthenticationFilter  : Set SecurityContextHolder to anonymous SecurityContext
2026-01-05T04:12:51.731-05:00 DEBUG 4002 --- [hazmat-safety-system] [io-8080-exec-10] o.s.security.web.FilterChainProxy        : Secured POST /auth/login
Creating a new SqlSession
SqlSession [org.apache.ibatis.session.defaults.DefaultSqlSession@37ed6642] was not registered for synchronization because synchronization is not active
JDBC Connection [HikariProxyConnection@429366096 wrapping com.mysql.cj.jdbc.ConnectionImpl@1d3cf87a] will not be managed by Spring
==>  Preparing: SELECT id,username,password,real_name,phone,email,department,avatar,status,create_time,update_time FROM safety_admin WHERE (username = ?)
==> Parameters: admin(String)
<==      Total: 0
Closing non transactional SqlSession [org.apache.ibatis.session.defaults.DefaultSqlSession@37ed6642]
2026-01-05T04:12:52.517-05:00 DEBUG 4002 --- [hazmat-safety-system] [nio-8080-exec-2] o.s.security.web.FilterChainProxy        : Securing POST /auth/login
2026-01-05T04:12:52.518-05:00 DEBUG 4002 --- [hazmat-safety-system] [nio-8080-exec-2] o.s.s.w.a.AnonymousAuthenticationFilter  : Set SecurityContextHolder to anonymous SecurityContext
2026-01-05T04:12:52.518-05:00 DEBUG 4002 --- [hazmat-safety-system] [nio-8080-exec-2] o.s.security.web.FilterChainProxy        : Secured POST /auth/login
Creating a new SqlSession
SqlSession [org.apache.ibatis.session.defaults.DefaultSqlSession@23ecc69a] was not registered for synchronization because synchronization is not active
JDBC Connection [HikariProxyConnection@1352609753 wrapping com.mysql.cj.jdbc.ConnectionImpl@248d3a] will not be managed by Spring
==>  Preparing: SELECT id,username,password,real_name,phone,email,department,avatar,status,create_time,update_time FROM safety_admin WHERE (username = ?)
==> Parameters: admin(String)
<==      Total: 0
Closing non transactional SqlSession [org.apache.ibatis.session.defaults.DefaultSqlSession@23ecc69a]
2026-01-05T04:13:02.901-05:00 DEBUG 4002 --- [hazmat-safety-system] [nio-8080-exec-5] o.s.security.web.FilterChainProxy        : Securing POST /auth/login
2026-01-05T04:13:02.902-05:00 DEBUG 4002 --- [hazmat-safety-system] [nio-8080-exec-5] o.s.s.w.a.AnonymousAuthenticationFilter  : Set SecurityContextHolder to anonymous SecurityContext
2026-01-05T04:13:02.903-05:00 DEBUG 4002 --- [hazmat-safety-system] [nio-8080-exec-5] o.s.security.web.FilterChainProxy        : Secured POST /auth/login
Creating a new SqlSession
SqlSession [org.apache.ibatis.session.defaults.DefaultSqlSession@4d67c468] was not registered for synchronization because synchronization is not active
JDBC Connection [HikariProxyConnection@14144697 wrapping com.mysql.cj.jdbc.ConnectionImpl@248d3a] will not be managed by Spring
==>  Preparing: SELECT id,username,password,real_name,phone,email,department,avatar,status,create_time,update_time FROM sys_user WHERE (username = ?)
==> Parameters: huyiwen(String)
<==    Columns: id, username, password, real_name, phone, email, department, avatar, status, create_time, update_time
<==        Row: 1, huyiwen, $2a$10$nhrkfSvgfJCHZJyz2hyDfuhNROwBK397CTqUZVsaADcPHGR.jOsOy, Huyiwen, 17683728423, 17683728423@163.com, 测试部, null, 1, 2026-01-05 04:10:52, 2026-01-05 04:10:52
<==      Total: 1
Closing non transactional SqlSession [org.apache.ibatis.session.defaults.DefaultSqlSession@4d67c468]
2026-01-05T04:13:04.723-05:00 DEBUG 4002 --- [hazmat-safety-system] [nio-8080-exec-7] o.s.security.web.FilterChainProxy        : Securing GET /dashboard/stats
2026-01-05T04:13:04.723-05:00 DEBUG 4002 --- [hazmat-safety-system] [nio-8080-exec-9] o.s.security.web.FilterChainProxy        : Securing GET /dashboard/hot-knowledge
2026-01-05T04:13:04.723-05:00 DEBUG 4002 --- [hazmat-safety-system] [nio-8080-exec-1] o.s.security.web.FilterChainProxy        : Securing GET /dashboard/pending-hazards
2026-01-05T04:13:04.724-05:00 DEBUG 4002 --- [hazmat-safety-system] [nio-8080-exec-6] o.s.security.web.FilterChainProxy        : Securing GET /dashboard/pending-plans
2026-01-05T04:13:04.723-05:00 DEBUG 4002 --- [hazmat-safety-system] [nio-8080-exec-8] o.s.security.web.FilterChainProxy        : Securing GET /dashboard/announcements
2026-01-05T04:13:04.727-05:00 DEBUG 4002 --- [hazmat-safety-system] [nio-8080-exec-9] o.s.security.web.FilterChainProxy        : Secured GET /dashboard/hot-knowledge
2026-01-05T04:13:04.728-05:00 DEBUG 4002 --- [hazmat-safety-system] [nio-8080-exec-7] o.s.security.web.FilterChainProxy        : Secured GET /dashboard/stats
Creating a new SqlSession
SqlSession [org.apache.ibatis.session.defaults.DefaultSqlSession@5622f3d9] was not registered for synchronization because synchronization is not active
Creating a new SqlSession
SqlSession [org.apache.ibatis.session.defaults.DefaultSqlSession@1dbf6e1d] was not registered for synchronization because synchronization is not active
2026-01-05T04:13:04.728-05:00 DEBUG 4002 --- [hazmat-safety-system] [nio-8080-exec-1] o.s.security.web.FilterChainProxy        : Secured GET /dashboard/pending-hazards
Creating a new SqlSession
SqlSession [org.apache.ibatis.session.defaults.DefaultSqlSession@7a0b43f7] was not registered for synchronization because synchronization is not active
2026-01-05T04:13:04.729-05:00 DEBUG 4002 --- [hazmat-safety-system] [nio-8080-exec-8] o.s.security.web.FilterChainProxy        : Secured GET /dashboard/announcements
JDBC Connection [HikariProxyConnection@2122587480 wrapping com.mysql.cj.jdbc.ConnectionImpl@1d3cf87a] will not be managed by Spring
JDBC Connection [HikariProxyConnection@576421038 wrapping com.mysql.cj.jdbc.ConnectionImpl@7ac22c1e] will not be managed by Spring
==>  Preparing: SELECT COUNT( * ) AS total FROM hazmat_info WHERE (status = ?)
Creating a new SqlSession
2026-01-05T04:13:04.729-05:00 DEBUG 4002 --- [hazmat-safety-system] [nio-8080-exec-6] o.s.security.web.FilterChainProxy        : Secured GET /dashboard/pending-plans
==>  Preparing: SELECT id,title,content,category,cover_image,view_count,status,create_by,create_time,update_time FROM safety_knowledge WHERE (status = ?) ORDER BY view_count DESC LIMIT 5
JDBC Connection [HikariProxyConnection@60625091 wrapping com.mysql.cj.jdbc.ConnectionImpl@248d3a] will not be managed by Spring
==>  Preparing: SELECT id,title,description,location,hazard_level,hazard_type,images,reporter_id,reporter_name,report_time,status,handler_id,handler_name,handle_time,handle_result,create_time,update_time FROM hazard_report WHERE (status IN (?,?)) ORDER BY report_time DESC
==> Parameters: 1(Integer)
==> Parameters: 0(Integer), 1(Integer)
Creating a new SqlSession
SqlSession [org.apache.ibatis.session.defaults.DefaultSqlSession@6dc1dd4a] was not registered for synchronization because synchronization is not active
SqlSession [org.apache.ibatis.session.defaults.DefaultSqlSession@3ef2311c] was not registered for synchronization because synchronization is not active
==> Parameters: 1(Integer)
JDBC Connection [HikariProxyConnection@297776609 wrapping com.mysql.cj.jdbc.ConnectionImpl@249c4e26] will not be managed by Spring
==>  Preparing: SELECT id,title,content,type,priority,status,publish_time,create_by,create_time,update_time FROM announcement WHERE (status = ?) ORDER BY priority DESC,publish_time DESC LIMIT 5
<==      Total: 0
Closing non transactional SqlSession [org.apache.ibatis.session.defaults.DefaultSqlSession@7a0b43f7]
JDBC Connection [HikariProxyConnection@1425233012 wrapping com.mysql.cj.jdbc.ConnectionImpl@248d3a] will not be managed by Spring
==> Parameters: 1(Integer)
==>  Preparing: SELECT id,title,description,check_type,plan_date,department,status,create_by,create_time,update_time FROM check_plan WHERE (status IN (?,?)) ORDER BY plan_date ASC
<==    Columns: id, title, content, category, cover_image, view_count, status, create_by, create_time, update_time
==> Parameters: 0(Integer), 1(Integer)
<==    Columns: id, title, content, type, priority, status, publish_time, create_by, create_time, update_time
<==        Row: 1, 危险化学品安全操作规程, <<BLOB>>, 操作规程, null, 0, 1, null, 2026-01-05 08:59:13, 2026-01-05 08:59:13
<==      Total: 0
<==        Row: 1, 企业危化品安全管理系统上线通知, <<BLOB>>, 通知, 1, 1, 2026-01-05 08:59:13, null, 2026-01-05 08:59:13, 2026-01-05 08:59:13
Closing non transactional SqlSession [org.apache.ibatis.session.defaults.DefaultSqlSession@3ef2311c]
<==        Row: 2, 化学品泄漏应急处置预案, <<BLOB>>, 应急预案, null, 0, 1, null, 2026-01-05 08:59:13, 2026-01-05 08:59:13
<==    Columns: total
<==        Row: 5
<==      Total: 1
Closing non transactional SqlSession [org.apache.ibatis.session.defaults.DefaultSqlSession@1dbf6e1d]
Creating a new SqlSession
SqlSession [org.apache.ibatis.session.defaults.DefaultSqlSession@374c2ca5] was not registered for synchronization because synchronization is not active
JDBC Connection [HikariProxyConnection@1373991895 wrapping com.mysql.cj.jdbc.ConnectionImpl@7ac22c1e] will not be managed by Spring
==>  Preparing: SELECT COUNT( * ) AS total FROM check_plan
==> Parameters: 
<==        Row: 3, 个人防护装备使用指南, <<BLOB>>, 安全知识, null, 0, 1, null, 2026-01-05 08:59:13, 2026-01-05 08:59:13
<==    Columns: total
<==        Row: 0
<==      Total: 1
<==      Total: 3
Closing non transactional SqlSession [org.apache.ibatis.session.defaults.DefaultSqlSession@374c2ca5]
Creating a new SqlSession
Closing non transactional SqlSession [org.apache.ibatis.session.defaults.DefaultSqlSession@5622f3d9]
SqlSession [org.apache.ibatis.session.defaults.DefaultSqlSession@eef8802] was not registered for synchronization because synchronization is not active
JDBC Connection [HikariProxyConnection@1477485694 wrapping com.mysql.cj.jdbc.ConnectionImpl@7ac22c1e] will not be managed by Spring
==>  Preparing: SELECT COUNT( * ) AS total FROM check_record
==> Parameters: 
<==    Columns: total
<==        Row: 0
<==      Total: 1
Closing non transactional SqlSession [org.apache.ibatis.session.defaults.DefaultSqlSession@eef8802]
Creating a new SqlSession
SqlSession [org.apache.ibatis.session.defaults.DefaultSqlSession@1cd760e8] was not registered for synchronization because synchronization is not active
JDBC Connection [HikariProxyConnection@1846166760 wrapping com.mysql.cj.jdbc.ConnectionImpl@7ac22c1e] will not be managed by Spring
==>  Preparing: SELECT COUNT( * ) AS total FROM hazard_report
<==        Row: 2, 系统简介, <<BLOB>>, 系统简介, 0, 1, 2026-01-05 08:59:13, null, 2026-01-05 08:59:13, 2026-01-05 08:59:13
<==      Total: 2
==> Parameters: 
Closing non transactional SqlSession [org.apache.ibatis.session.defaults.DefaultSqlSession@6dc1dd4a]
<==    Columns: total
<==        Row: 0
<==      Total: 1
Closing non transactional SqlSession [org.apache.ibatis.session.defaults.DefaultSqlSession@1cd760e8]
Creating a new SqlSession
SqlSession [org.apache.ibatis.session.defaults.DefaultSqlSession@1924cd00] was not registered for synchronization because synchronization is not active
JDBC Connection [HikariProxyConnection@1054031596 wrapping com.mysql.cj.jdbc.ConnectionImpl@7ac22c1e] will not be managed by Spring
==>  Preparing: SELECT COUNT( * ) AS total FROM hazard_report WHERE (status = ?)
==> Parameters: 0(Integer)
<==    Columns: total
<==        Row: 0
<==      Total: 1
Closing non transactional SqlSession [org.apache.ibatis.session.defaults.DefaultSqlSession@1924cd00]
Creating a new SqlSession
SqlSession [org.apache.ibatis.session.defaults.DefaultSqlSession@1044b2b7] was not registered for synchronization because synchronization is not active
JDBC Connection [HikariProxyConnection@792146290 wrapping com.mysql.cj.jdbc.ConnectionImpl@7ac22c1e] will not be managed by Spring
==>  Preparing: SELECT COUNT( * ) AS total FROM safety_knowledge WHERE (status = ?)
==> Parameters: 1(Integer)
<==    Columns: total
<==        Row: 3
<==      Total: 1
Closing non transactional SqlSession [org.apache.ibatis.session.defaults.DefaultSqlSession@1044b2b7]
Creating a new SqlSession
SqlSession [org.apache.ibatis.session.defaults.DefaultSqlSession@1ae25b2a] was not registered for synchronization because synchronization is not active
JDBC Connection [HikariProxyConnection@788956107 wrapping com.mysql.cj.jdbc.ConnectionImpl@7ac22c1e] will not be managed by Spring
==>  Preparing: SELECT COUNT( * ) AS total FROM announcement WHERE (status = ?)
==> Parameters: 1(Integer)
<==    Columns: total
<==        Row: 2
<==      Total: 1
Closing non transactional SqlSession [org.apache.ibatis.session.defaults.DefaultSqlSession@1ae25b2a]
2026-01-05T04:13:12.432-05:00 DEBUG 4002 --- [hazmat-safety-system] [nio-8080-exec-4] o.s.security.web.FilterChainProxy        : Securing GET /user/1
2026-01-05T04:13:12.442-05:00 DEBUG 4002 --- [hazmat-safety-system] [nio-8080-exec-4] o.s.security.web.FilterChainProxy        : Secured GET /user/1
Creating a new SqlSession
SqlSession [org.apache.ibatis.session.defaults.DefaultSqlSession@52270db5] was not registered for synchronization because synchronization is not active
JDBC Connection [HikariProxyConnection@1681890771 wrapping com.mysql.cj.jdbc.ConnectionImpl@25842790] will not be managed by Spring
==>  Preparing: SELECT id,username,password,real_name,phone,email,department,avatar,status,create_time,update_time FROM sys_user WHERE id=?
==> Parameters: 1(Long)
<==    Columns: id, username, password, real_name, phone, email, department, avatar, status, create_time, update_time
<==        Row: 1, huyiwen, $2a$10$nhrkfSvgfJCHZJyz2hyDfuhNROwBK397CTqUZVsaADcPHGR.jOsOy, Huyiwen, 17683728423, 17683728423@163.com, 测试部, null, 1, 2026-01-05 04:10:52, 2026-01-05 04:10:52
<==      Total: 1
Closing non transactional SqlSession [org.apache.ibatis.session.defaults.DefaultSqlSession@52270db5]
2026-01-05T04:13:22.202-05:00 DEBUG 4002 --- [hazmat-safety-system] [nio-8080-exec-3] o.s.security.web.FilterChainProxy        : Securing GET /user/1
2026-01-05T04:13:22.210-05:00 DEBUG 4002 --- [hazmat-safety-system] [nio-8080-exec-3] o.s.security.web.FilterChainProxy        : Secured GET /user/1
Creating a new SqlSession
SqlSession [org.apache.ibatis.session.defaults.DefaultSqlSession@469c29b6] was not registered for synchronization because synchronization is not active
JDBC Connection [HikariProxyConnection@502424290 wrapping com.mysql.cj.jdbc.ConnectionImpl@7ac22c1e] will not be managed by Spring
==>  Preparing: SELECT id,username,password,real_name,phone,email,department,avatar,status,create_time,update_time FROM sys_user WHERE id=?
==> Parameters: 1(Long)
<==    Columns: id, username, password, real_name, phone, email, department, avatar, status, create_time, update_time
<==        Row: 1, huyiwen, $2a$10$nhrkfSvgfJCHZJyz2hyDfuhNROwBK397CTqUZVsaADcPHGR.jOsOy, Huyiwen, 17683728423, 17683728423@163.com, 测试部, null, 1, 2026-01-05 04:10:52, 2026-01-05 04:10:52
<==      Total: 1
Closing non transactional SqlSession [org.apache.ibatis.session.defaults.DefaultSqlSession@469c29b6]
2026-01-05T04:13:25.783-05:00 DEBUG 4002 --- [hazmat-safety-system] [io-8080-exec-10] o.s.security.web.FilterChainProxy        : Securing GET /hazmat/category/all
2026-01-05T04:13:25.788-05:00 DEBUG 4002 --- [hazmat-safety-system] [io-8080-exec-10] o.s.security.web.FilterChainProxy        : Secured GET /hazmat/category/all
Creating a new SqlSession
2026-01-05T04:13:25.790-05:00 DEBUG 4002 --- [hazmat-safety-system] [nio-8080-exec-2] o.s.security.web.FilterChainProxy        : Securing GET /hazmat/info/list?pageNum=1&pageSize=10&name=&dangerType=
SqlSession [org.apache.ibatis.session.defaults.DefaultSqlSession@1f00f4a1] was not registered for synchronization because synchronization is not active
JDBC Connection [HikariProxyConnection@890058874 wrapping com.mysql.cj.jdbc.ConnectionImpl@1d3cf87a] will not be managed by Spring
==>  Preparing: SELECT id,name,code,description,danger_level,parent_id,sort_order,status,create_time,update_time FROM hazmat_category WHERE (status = ?) ORDER BY sort_order ASC
==> Parameters: 1(Integer)
<==    Columns: id, name, code, description, danger_level, parent_id, sort_order, status, create_time, update_time
2026-01-05T04:13:25.793-05:00 DEBUG 4002 --- [hazmat-safety-system] [nio-8080-exec-2] o.s.security.web.FilterChainProxy        : Secured GET /hazmat/info/list?pageNum=1&pageSize=10&name=&dangerType=
<==        Row: 1, 爆炸品, CAT001, <<BLOB>>, 极高, 0, 1, 1, 2026-01-05 08:59:13, 2026-01-05 08:59:13
<==        Row: 2, 压缩气体和液化气体, CAT002, <<BLOB>>, 高, 0, 2, 1, 2026-01-05 08:59:13, 2026-01-05 08:59:13
<==        Row: 3, 易燃液体, CAT003, <<BLOB>>, 高, 0, 3, 1, 2026-01-05 08:59:13, 2026-01-05 08:59:13
<==        Row: 4, 易燃固体, CAT004, <<BLOB>>, 中, 0, 4, 1, 2026-01-05 08:59:13, 2026-01-05 08:59:13
<==        Row: 5, 氧化剂和有机过氧化物, CAT005, <<BLOB>>, 高, 0, 5, 1, 2026-01-05 08:59:13, 2026-01-05 08:59:13
<==        Row: 6, 毒害品, CAT006, <<BLOB>>, 高, 0, 6, 1, 2026-01-05 08:59:13, 2026-01-05 08:59:13
Creating a new SqlSession
SqlSession [org.apache.ibatis.session.defaults.DefaultSqlSession@3e451be6] was not registered for synchronization because synchronization is not active
<==        Row: 7, 腐蚀品, CAT007, <<BLOB>>, 中, 0, 7, 1, 2026-01-05 08:59:13, 2026-01-05 08:59:13
<==        Row: 8, 放射性物品, CAT008, <<BLOB>>, 极高, 0, 8, 1, 2026-01-05 08:59:13, 2026-01-05 08:59:13
<==      Total: 8
Closing non transactional SqlSession [org.apache.ibatis.session.defaults.DefaultSqlSession@1f00f4a1]
JDBC Connection [HikariProxyConnection@87617557 wrapping com.mysql.cj.jdbc.ConnectionImpl@248d3a] will not be managed by Spring
==>  Preparing: SELECT COUNT(*) AS total FROM hazmat_info h WHERE 1 = 1
==> Parameters: 
<==    Columns: total
<==        Row: 5
<==      Total: 1
==>  Preparing: SELECT h.*, c.name as category_name FROM hazmat_info h LEFT JOIN hazmat_category c ON h.category_id = c.id WHERE 1=1 ORDER BY h.create_time DESC LIMIT ?
==> Parameters: 10(Long)
<==    Columns: id, name, code, category_id, cas_number, un_number, danger_type, physical_state, storage_condition, emergency_measure, protective_measure, msds_file, stock_quantity, unit, location, supplier, status, create_time, update_time, create_by, category_name
<==        Row: 1, 硫酸, HM001, 7, 7664-93-9, UN1830, 腐蚀品, 液体, <<BLOB>>, <<BLOB>>, <<BLOB>>, null, 500.00, 升, A区-1号仓库, null, 1, 2026-01-05 08:59:13, 2026-01-05 08:59:13, null, 腐蚀品
<==        Row: 2, 盐酸, HM002, 7, 7647-01-0, UN1789, 腐蚀品, 液体, <<BLOB>>, <<BLOB>>, <<BLOB>>, null, 300.00, 升, A区-2号仓库, null, 1, 2026-01-05 08:59:13, 2026-01-05 08:59:13, null, 腐蚀品
<==        Row: 3, 甲醇, HM003, 3, 67-56-1, UN1230, 易燃液体、有毒, 液体, <<BLOB>>, <<BLOB>>, <<BLOB>>, null, 200.00, 升, B区-1号仓库, null, 1, 2026-01-05 08:59:13, 2026-01-05 08:59:13, null, 易燃液体
<==        Row: 4, 乙醇, HM004, 3, 64-17-5, UN1170, 易燃液体, 液体, <<BLOB>>, <<BLOB>>, <<BLOB>>, null, 400.00, 升, B区-2号仓库, null, 1, 2026-01-05 08:59:13, 2026-01-05 08:59:13, null, 易燃液体
<==        Row: 5, 氢氧化钠, HM005, 7, 1310-73-2, UN1823, 腐蚀品, 固体, <<BLOB>>, <<BLOB>>, <<BLOB>>, null, 100.00, 千克, C区-1号仓库, null, 1, 2026-01-05 08:59:13, 2026-01-05 08:59:13, null, 腐蚀品
<==      Total: 5
Closing non transactional SqlSession [org.apache.ibatis.session.defaults.DefaultSqlSession@3e451be6]
2026-01-05T04:13:33.734-05:00 DEBUG 4002 --- [hazmat-safety-system] [nio-8080-exec-5] o.s.security.web.FilterChainProxy        : Securing GET /dashboard/stats
2026-01-05T04:13:33.735-05:00 DEBUG 4002 --- [hazmat-safety-system] [nio-8080-exec-1] o.s.security.web.FilterChainProxy        : Securing GET /dashboard/announcements
2026-01-05T04:13:33.737-05:00 DEBUG 4002 --- [hazmat-safety-system] [nio-8080-exec-6] o.s.security.web.FilterChainProxy        : Securing GET /dashboard/pending-plans
2026-01-05T04:13:33.737-05:00 DEBUG 4002 --- [hazmat-safety-system] [nio-8080-exec-9] o.s.security.web.FilterChainProxy        : Securing GET /dashboard/hot-knowledge
2026-01-05T04:13:33.737-05:00 DEBUG 4002 --- [hazmat-safety-system] [nio-8080-exec-8] o.s.security.web.FilterChainProxy        : Securing GET /dashboard/pending-hazards
2026-01-05T04:13:33.739-05:00 DEBUG 4002 --- [hazmat-safety-system] [nio-8080-exec-5] o.s.security.web.FilterChainProxy        : Secured GET /dashboard/stats
2026-01-05T04:13:33.739-05:00 DEBUG 4002 --- [hazmat-safety-system] [nio-8080-exec-1] o.s.security.web.FilterChainProxy        : Secured GET /dashboard/announcements
Creating a new SqlSession
Creating a new SqlSession
SqlSession [org.apache.ibatis.session.defaults.DefaultSqlSession@4f68caf3] was not registered for synchronization because synchronization is not active
SqlSession [org.apache.ibatis.session.defaults.DefaultSqlSession@4c162661] was not registered for synchronization because synchronization is not active
2026-01-05T04:13:33.740-05:00 DEBUG 4002 --- [hazmat-safety-system] [nio-8080-exec-6] o.s.security.web.FilterChainProxy        : Secured GET /dashboard/pending-plans
2026-01-05T04:13:33.740-05:00 DEBUG 4002 --- [hazmat-safety-system] [nio-8080-exec-9] o.s.security.web.FilterChainProxy        : Secured GET /dashboard/hot-knowledge
2026-01-05T04:13:33.740-05:00 DEBUG 4002 --- [hazmat-safety-system] [nio-8080-exec-8] o.s.security.web.FilterChainProxy        : Secured GET /dashboard/pending-hazards
Creating a new SqlSession
JDBC Connection [HikariProxyConnection@1012863986 wrapping com.mysql.cj.jdbc.ConnectionImpl@7ac22c1e] will not be managed by Spring
Creating a new SqlSession
SqlSession [org.apache.ibatis.session.defaults.DefaultSqlSession@39eb83e0] was not registered for synchronization because synchronization is not active
Creating a new SqlSession
==>  Preparing: SELECT COUNT( * ) AS total FROM hazmat_info WHERE (status = ?)
SqlSession [org.apache.ibatis.session.defaults.DefaultSqlSession@4056c93d] was not registered for synchronization because synchronization is not active
SqlSession [org.apache.ibatis.session.defaults.DefaultSqlSession@43def82d] was not registered for synchronization because synchronization is not active
==> Parameters: 1(Integer)
JDBC Connection [HikariProxyConnection@2014712639 wrapping com.mysql.cj.jdbc.ConnectionImpl@1d3cf87a] will not be managed by Spring
==>  Preparing: SELECT id,title,content,category,cover_image,view_count,status,create_by,create_time,update_time FROM safety_knowledge WHERE (status = ?) ORDER BY view_count DESC LIMIT 5
JDBC Connection [HikariProxyConnection@597587952 wrapping com.mysql.cj.jdbc.ConnectionImpl@249c4e26] will not be managed by Spring
==>  Preparing: SELECT id,title,description,location,hazard_level,hazard_type,images,reporter_id,reporter_name,report_time,status,handler_id,handler_name,handle_time,handle_result,create_time,update_time FROM hazard_report WHERE (status IN (?,?)) ORDER BY report_time DESC
==> Parameters: 1(Integer)
==> Parameters: 0(Integer), 1(Integer)
JDBC Connection [HikariProxyConnection@1822609647 wrapping com.mysql.cj.jdbc.ConnectionImpl@248d3a] will not be managed by Spring
==>  Preparing: SELECT id,title,content,type,priority,status,publish_time,create_by,create_time,update_time FROM announcement WHERE (status = ?) ORDER BY priority DESC,publish_time DESC LIMIT 5
<==    Columns: total
<==        Row: 5
==> Parameters: 1(Integer)
<==      Total: 1
JDBC Connection [HikariProxyConnection@1821072283 wrapping com.mysql.cj.jdbc.ConnectionImpl@25842790] will not be managed by Spring
Closing non transactional SqlSession [org.apache.ibatis.session.defaults.DefaultSqlSession@4f68caf3]
==>  Preparing: SELECT id,title,description,check_type,plan_date,department,status,create_by,create_time,update_time FROM check_plan WHERE (status IN (?,?)) ORDER BY plan_date ASC
Creating a new SqlSession
SqlSession [org.apache.ibatis.session.defaults.DefaultSqlSession@5b1168a2] was not registered for synchronization because synchronization is not active
<==    Columns: id, title, content, category, cover_image, view_count, status, create_by, create_time, update_time
JDBC Connection [HikariProxyConnection@1386679905 wrapping com.mysql.cj.jdbc.ConnectionImpl@7ac22c1e] will not be managed by Spring
==>  Preparing: SELECT COUNT( * ) AS total FROM check_plan
==> Parameters: 0(Integer), 1(Integer)
<==      Total: 0
==> Parameters: 
Closing non transactional SqlSession [org.apache.ibatis.session.defaults.DefaultSqlSession@4056c93d]
<==        Row: 1, 危险化学品安全操作规程, <<BLOB>>, 操作规程, null, 0, 1, null, 2026-01-05 08:59:13, 2026-01-05 08:59:13
<==      Total: 0
<==    Columns: id, title, content, type, priority, status, publish_time, create_by, create_time, update_time
Closing non transactional SqlSession [org.apache.ibatis.session.defaults.DefaultSqlSession@43def82d]
<==        Row: 1, 企业危化品安全管理系统上线通知, <<BLOB>>, 通知, 1, 1, 2026-01-05 08:59:13, null, 2026-01-05 08:59:13, 2026-01-05 08:59:13
<==    Columns: total
<==        Row: 0
<==      Total: 1
Closing non transactional SqlSession [org.apache.ibatis.session.defaults.DefaultSqlSession@5b1168a2]
Creating a new SqlSession
SqlSession [org.apache.ibatis.session.defaults.DefaultSqlSession@f7f0ad6] was not registered for synchronization because synchronization is not active
JDBC Connection [HikariProxyConnection@1610295267 wrapping com.mysql.cj.jdbc.ConnectionImpl@7ac22c1e] will not be managed by Spring
==>  Preparing: SELECT COUNT( * ) AS total FROM check_record
==> Parameters: 
<==        Row: 2, 系统简介, <<BLOB>>, 系统简介, 0, 1, 2026-01-05 08:59:13, null, 2026-01-05 08:59:13, 2026-01-05 08:59:13
<==        Row: 2, 化学品泄漏应急处置预案, <<BLOB>>, 应急预案, null, 0, 1, null, 2026-01-05 08:59:13, 2026-01-05 08:59:13
<==      Total: 2
Closing non transactional SqlSession [org.apache.ibatis.session.defaults.DefaultSqlSession@4c162661]
<==        Row: 3, 个人防护装备使用指南, <<BLOB>>, 安全知识, null, 0, 1, null, 2026-01-05 08:59:13, 2026-01-05 08:59:13
<==      Total: 3
Closing non transactional SqlSession [org.apache.ibatis.session.defaults.DefaultSqlSession@39eb83e0]
<==    Columns: total
<==        Row: 0
<==      Total: 1
Closing non transactional SqlSession [org.apache.ibatis.session.defaults.DefaultSqlSession@f7f0ad6]
Creating a new SqlSession
SqlSession [org.apache.ibatis.session.defaults.DefaultSqlSession@39d006f0] was not registered for synchronization because synchronization is not active
JDBC Connection [HikariProxyConnection@1309573798 wrapping com.mysql.cj.jdbc.ConnectionImpl@7ac22c1e] will not be managed by Spring
==>  Preparing: SELECT COUNT( * ) AS total FROM hazard_report
==> Parameters: 
<==    Columns: total
<==        Row: 0
<==      Total: 1
Closing non transactional SqlSession [org.apache.ibatis.session.defaults.DefaultSqlSession@39d006f0]
Creating a new SqlSession
SqlSession [org.apache.ibatis.session.defaults.DefaultSqlSession@5260f9ef] was not registered for synchronization because synchronization is not active
JDBC Connection [HikariProxyConnection@1807651541 wrapping com.mysql.cj.jdbc.ConnectionImpl@7ac22c1e] will not be managed by Spring
==>  Preparing: SELECT COUNT( * ) AS total FROM hazard_report WHERE (status = ?)
==> Parameters: 0(Integer)
<==    Columns: total
<==        Row: 0
<==      Total: 1
Closing non transactional SqlSession [org.apache.ibatis.session.defaults.DefaultSqlSession@5260f9ef]
Creating a new SqlSession
SqlSession [org.apache.ibatis.session.defaults.DefaultSqlSession@7afddd96] was not registered for synchronization because synchronization is not active
JDBC Connection [HikariProxyConnection@789052583 wrapping com.mysql.cj.jdbc.ConnectionImpl@7ac22c1e] will not be managed by Spring
==>  Preparing: SELECT COUNT( * ) AS total FROM safety_knowledge WHERE (status = ?)
==> Parameters: 1(Integer)
<==    Columns: total
<==        Row: 3
<==      Total: 1
Closing non transactional SqlSession [org.apache.ibatis.session.defaults.DefaultSqlSession@7afddd96]
Creating a new SqlSession
SqlSession [org.apache.ibatis.session.defaults.DefaultSqlSession@1832518e] was not registered for synchronization because synchronization is not active
JDBC Connection [HikariProxyConnection@213331571 wrapping com.mysql.cj.jdbc.ConnectionImpl@7ac22c1e] will not be managed by Spring
==>  Preparing: SELECT COUNT( * ) AS total FROM announcement WHERE (status = ?)
==> Parameters: 1(Integer)
<==    Columns: total
<==        Row: 2
<==      Total: 1
Closing non transactional SqlSession [org.apache.ibatis.session.defaults.DefaultSqlSession@1832518e]
2026-01-05T04:13:41.698-05:00 DEBUG 4002 --- [hazmat-safety-system] [nio-8080-exec-7] o.s.security.web.FilterChainProxy        : Securing GET /dashboard/stats
2026-01-05T04:13:41.701-05:00 DEBUG 4002 --- [hazmat-safety-system] [nio-8080-exec-7] o.s.security.web.FilterChainProxy        : Secured GET /dashboard/stats
Creating a new SqlSession
SqlSession [org.apache.ibatis.session.defaults.DefaultSqlSession@13c33785] was not registered for synchronization because synchronization is not active
JDBC Connection [HikariProxyConnection@468719068 wrapping com.mysql.cj.jdbc.ConnectionImpl@7ac22c1e] will not be managed by Spring
==>  Preparing: SELECT COUNT( * ) AS total FROM hazmat_info WHERE (status = ?)
==> Parameters: 1(Integer)
<==    Columns: total
<==        Row: 5
<==      Total: 1
Closing non transactional SqlSession [org.apache.ibatis.session.defaults.DefaultSqlSession@13c33785]
Creating a new SqlSession
2026-01-05T04:13:41.705-05:00 DEBUG 4002 --- [hazmat-safety-system] [nio-8080-exec-4] o.s.security.web.FilterChainProxy        : Securing GET /dashboard/hot-knowledge
SqlSession [org.apache.ibatis.session.defaults.DefaultSqlSession@5ddd7d0f] was not registered for synchronization because synchronization is not active
2026-01-05T04:13:41.705-05:00 DEBUG 4002 --- [hazmat-safety-system] [io-8080-exec-10] o.s.security.web.FilterChainProxy        : Securing GET /dashboard/pending-hazards
2026-01-05T04:13:41.705-05:00 DEBUG 4002 --- [hazmat-safety-system] [nio-8080-exec-3] o.s.security.web.FilterChainProxy        : Securing GET /dashboard/announcements
JDBC Connection [HikariProxyConnection@1462244910 wrapping com.mysql.cj.jdbc.ConnectionImpl@7ac22c1e] will not be managed by Spring
==>  Preparing: SELECT COUNT( * ) AS total FROM check_plan
==> Parameters: 
<==    Columns: total
<==        Row: 0
<==      Total: 1
Closing non transactional SqlSession [org.apache.ibatis.session.defaults.DefaultSqlSession@5ddd7d0f]
Creating a new SqlSession
SqlSession [org.apache.ibatis.session.defaults.DefaultSqlSession@52ad3588] was not registered for synchronization because synchronization is not active
JDBC Connection [HikariProxyConnection@1680744407 wrapping com.mysql.cj.jdbc.ConnectionImpl@7ac22c1e] will not be managed by Spring
==>  Preparing: SELECT COUNT( * ) AS total FROM check_record
==> Parameters: 
<==    Columns: total
<==        Row: 0
<==      Total: 1
Closing non transactional SqlSession [org.apache.ibatis.session.defaults.DefaultSqlSession@52ad3588]
Creating a new SqlSession
SqlSession [org.apache.ibatis.session.defaults.DefaultSqlSession@52d3172b] was not registered for synchronization because synchronization is not active
JDBC Connection [HikariProxyConnection@1768515980 wrapping com.mysql.cj.jdbc.ConnectionImpl@7ac22c1e] will not be managed by Spring
==>  Preparing: SELECT COUNT( * ) AS total FROM hazard_report
==> Parameters: 
<==    Columns: total
<==        Row: 0
<==      Total: 1
Closing non transactional SqlSession [org.apache.ibatis.session.defaults.DefaultSqlSession@52d3172b]
Creating a new SqlSession
SqlSession [org.apache.ibatis.session.defaults.DefaultSqlSession@9196042] was not registered for synchronization because synchronization is not active
2026-01-05T04:13:41.708-05:00 DEBUG 4002 --- [hazmat-safety-system] [nio-8080-exec-3] o.s.security.web.FilterChainProxy        : Secured GET /dashboard/announcements
2026-01-05T04:13:41.708-05:00 DEBUG 4002 --- [hazmat-safety-system] [nio-8080-exec-4] o.s.security.web.FilterChainProxy        : Secured GET /dashboard/hot-knowledge
JDBC Connection [HikariProxyConnection@1136215045 wrapping com.mysql.cj.jdbc.ConnectionImpl@7ac22c1e] will not be managed by Spring
2026-01-05T04:13:41.708-05:00 DEBUG 4002 --- [hazmat-safety-system] [io-8080-exec-10] o.s.security.web.FilterChainProxy        : Secured GET /dashboard/pending-hazards
==>  Preparing: SELECT COUNT( * ) AS total FROM hazard_report WHERE (status = ?)
Creating a new SqlSession
==> Parameters: 0(Integer)
Creating a new SqlSession
SqlSession [org.apache.ibatis.session.defaults.DefaultSqlSession@6e4340bc] was not registered for synchronization because synchronization is not active
SqlSession [org.apache.ibatis.session.defaults.DefaultSqlSession@6891bd64] was not registered for synchronization because synchronization is not active
Creating a new SqlSession
SqlSession [org.apache.ibatis.session.defaults.DefaultSqlSession@55ebc939] was not registered for synchronization because synchronization is not active
<==    Columns: total
<==        Row: 0
<==      Total: 1
Closing non transactional SqlSession [org.apache.ibatis.session.defaults.DefaultSqlSession@9196042]
JDBC Connection [HikariProxyConnection@36790118 wrapping com.mysql.cj.jdbc.ConnectionImpl@25842790] will not be managed by Spring
JDBC Connection [HikariProxyConnection@1228215643 wrapping com.mysql.cj.jdbc.ConnectionImpl@248d3a] will not be managed by Spring
Creating a new SqlSession
==>  Preparing: SELECT id,title,content,category,cover_image,view_count,status,create_by,create_time,update_time FROM safety_knowledge WHERE (status = ?) ORDER BY view_count DESC LIMIT 5
==>  Preparing: SELECT id,title,content,type,priority,status,publish_time,create_by,create_time,update_time FROM announcement WHERE (status = ?) ORDER BY priority DESC,publish_time DESC LIMIT 5
SqlSession [org.apache.ibatis.session.defaults.DefaultSqlSession@7418448a] was not registered for synchronization because synchronization is not active
JDBC Connection [HikariProxyConnection@1297521369 wrapping com.mysql.cj.jdbc.ConnectionImpl@1d3cf87a] will not be managed by Spring
==>  Preparing: SELECT id,title,description,location,hazard_level,hazard_type,images,reporter_id,reporter_name,report_time,status,handler_id,handler_name,handle_time,handle_result,create_time,update_time FROM hazard_report WHERE (status IN (?,?)) ORDER BY report_time DESC
==> Parameters: 1(Integer)
==> Parameters: 1(Integer)
JDBC Connection [HikariProxyConnection@918630715 wrapping com.mysql.cj.jdbc.ConnectionImpl@7ac22c1e] will not be managed by Spring
==> Parameters: 0(Integer), 1(Integer)
==>  Preparing: SELECT COUNT( * ) AS total FROM safety_knowledge WHERE (status = ?)
==> Parameters: 1(Integer)
<==    Columns: id, title, content, type, priority, status, publish_time, create_by, create_time, update_time
<==    Columns: id, title, content, category, cover_image, view_count, status, create_by, create_time, update_time
<==    Columns: total
<==        Row: 3
<==      Total: 1
Closing non transactional SqlSession [org.apache.ibatis.session.defaults.DefaultSqlSession@7418448a]
<==      Total: 0
<==        Row: 1, 危险化学品安全操作规程, <<BLOB>>, 操作规程, null, 0, 1, null, 2026-01-05 08:59:13, 2026-01-05 08:59:13
<==        Row: 1, 企业危化品安全管理系统上线通知, <<BLOB>>, 通知, 1, 1, 2026-01-05 08:59:13, null, 2026-01-05 08:59:13, 2026-01-05 08:59:13
Closing non transactional SqlSession [org.apache.ibatis.session.defaults.DefaultSqlSession@55ebc939]
Creating a new SqlSession
SqlSession [org.apache.ibatis.session.defaults.DefaultSqlSession@2d7ab45f] was not registered for synchronization because synchronization is not active
JDBC Connection [HikariProxyConnection@460360046 wrapping com.mysql.cj.jdbc.ConnectionImpl@7ac22c1e] will not be managed by Spring
<==        Row: 2, 化学品泄漏应急处置预案, <<BLOB>>, 应急预案, null, 0, 1, null, 2026-01-05 08:59:13, 2026-01-05 08:59:13
==>  Preparing: SELECT COUNT( * ) AS total FROM announcement WHERE (status = ?)
<==        Row: 2, 系统简介, <<BLOB>>, 系统简介, 0, 1, 2026-01-05 08:59:13, null, 2026-01-05 08:59:13, 2026-01-05 08:59:13
==> Parameters: 1(Integer)
<==      Total: 2
<==        Row: 3, 个人防护装备使用指南, <<BLOB>>, 安全知识, null, 0, 1, null, 2026-01-05 08:59:13, 2026-01-05 08:59:13
Closing non transactional SqlSession [org.apache.ibatis.session.defaults.DefaultSqlSession@6e4340bc]
<==      Total: 3
Closing non transactional SqlSession [org.apache.ibatis.session.defaults.DefaultSqlSession@6891bd64]
<==    Columns: total
<==        Row: 2
<==      Total: 1
Closing non transactional SqlSession [org.apache.ibatis.session.defaults.DefaultSqlSession@2d7ab45f]
2026-01-05T04:13:41.718-05:00 DEBUG 4002 --- [hazmat-safety-system] [nio-8080-exec-2] o.s.security.web.FilterChainProxy        : Securing GET /dashboard/pending-plans
2026-01-05T04:13:41.721-05:00 DEBUG 4002 --- [hazmat-safety-system] [nio-8080-exec-2] o.s.security.web.FilterChainProxy        : Secured GET /dashboard/pending-plans
Creating a new SqlSession
SqlSession [org.apache.ibatis.session.defaults.DefaultSqlSession@6ac0afdd] was not registered for synchronization because synchronization is not active
JDBC Connection [HikariProxyConnection@1959937135 wrapping com.mysql.cj.jdbc.ConnectionImpl@248d3a] will not be managed by Spring
==>  Preparing: SELECT id,title,description,check_type,plan_date,department,status,create_by,create_time,update_time FROM check_plan WHERE (status IN (?,?)) ORDER BY plan_date ASC
==> Parameters: 0(Integer), 1(Integer)
<==      Total: 0
Closing non transactional SqlSession [org.apache.ibatis.session.defaults.DefaultSqlSession@6ac0afdd]
2026-01-05T04:13:47.148-05:00 DEBUG 4002 --- [hazmat-safety-system] [nio-8080-exec-6] o.s.security.web.FilterChainProxy        : Securing GET /knowledge/published?pageNum=1&pageSize=9&title=&category=
2026-01-05T04:13:47.152-05:00 DEBUG 4002 --- [hazmat-safety-system] [nio-8080-exec-6] o.s.security.web.FilterChainProxy        : Secured GET /knowledge/published?pageNum=1&pageSize=9&title=&category=
Creating a new SqlSession
SqlSession [org.apache.ibatis.session.defaults.DefaultSqlSession@6a44e3fe] was not registered for synchronization because synchronization is not active
JDBC Connection [HikariProxyConnection@112359818 wrapping com.mysql.cj.jdbc.ConnectionImpl@25842790] will not be managed by Spring
==>  Preparing: SELECT COUNT(*) AS total FROM safety_knowledge WHERE (status = ?)
==> Parameters: 1(Integer)
<==    Columns: total
<==        Row: 3
<==      Total: 1
==>  Preparing: SELECT id,title,content,category,cover_image,view_count,status,create_by,create_time,update_time FROM safety_knowledge WHERE (status = ?) ORDER BY create_time DESC LIMIT ?
==> Parameters: 1(Integer), 9(Long)
<==    Columns: id, title, content, category, cover_image, view_count, status, create_by, create_time, update_time
<==        Row: 1, 危险化学品安全操作规程, <<BLOB>>, 操作规程, null, 0, 1, null, 2026-01-05 08:59:13, 2026-01-05 08:59:13
<==        Row: 2, 化学品泄漏应急处置预案, <<BLOB>>, 应急预案, null, 0, 1, null, 2026-01-05 08:59:13, 2026-01-05 08:59:13
<==        Row: 3, 个人防护装备使用指南, <<BLOB>>, 安全知识, null, 0, 1, null, 2026-01-05 08:59:13, 2026-01-05 08:59:13
<==      Total: 3
Closing non transactional SqlSession [org.apache.ibatis.session.defaults.DefaultSqlSession@6a44e3fe]
2026-01-05T04:13:50.270-05:00 DEBUG 4002 --- [hazmat-safety-system] [nio-8080-exec-8] o.s.security.web.FilterChainProxy        : Securing GET /knowledge/3
2026-01-05T04:13:50.275-05:00 DEBUG 4002 --- [hazmat-safety-system] [nio-8080-exec-8] o.s.security.web.FilterChainProxy        : Secured GET /knowledge/3
Creating a new SqlSession
SqlSession [org.apache.ibatis.session.defaults.DefaultSqlSession@31d137c6] was not registered for synchronization because synchronization is not active
JDBC Connection [HikariProxyConnection@1203249120 wrapping com.mysql.cj.jdbc.ConnectionImpl@249c4e26] will not be managed by Spring
==>  Preparing: SELECT id,title,content,category,cover_image,view_count,status,create_by,create_time,update_time FROM safety_knowledge WHERE id=?
==> Parameters: 3(Long)
<==    Columns: id, title, content, category, cover_image, view_count, status, create_by, create_time, update_time
<==        Row: 3, 个人防护装备使用指南, <<BLOB>>, 安全知识, null, 0, 1, null, 2026-01-05 08:59:13, 2026-01-05 08:59:13
<==      Total: 1
Closing non transactional SqlSession [org.apache.ibatis.session.defaults.DefaultSqlSession@31d137c6]
Creating a new SqlSession
SqlSession [org.apache.ibatis.session.defaults.DefaultSqlSession@4e046100] was not registered for synchronization because synchronization is not active
JDBC Connection [HikariProxyConnection@680253527 wrapping com.mysql.cj.jdbc.ConnectionImpl@249c4e26] will not be managed by Spring
==>  Preparing: UPDATE safety_knowledge SET title=?, content=?, category=?, view_count=?, status=?, create_time=?, update_time=? WHERE id=?
==> Parameters: 个人防护装备使用指南(String), 一、防护装备分类
1. 呼吸防护：防毒面具、空气呼吸器、防尘口罩等。
2. 眼面防护：安全眼镜、防护面罩、防化学飞溅眼罩等。
3. 身体防护：防化服、耐酸碱服、防静电服等。
4. 手部防护：耐酸碱手套、防化手套、绝缘手套等。
5. 足部防护：防化靴、绝缘鞋、防砸鞋等。

二、使用注意事项
1. 使用前检查防护装备是否完好无损。
2. 正确佩戴，确保密封性和防护效果。
3. 使用后及时清洗、消毒、存放。
4. 定期检查、更换过期或损坏的防护装备。(String), 安全知识(String), 1(Integer), 1(Integer), 2026-01-05T08:59:13(LocalDateTime), 2026-01-05T08:59:13(LocalDateTime), 3(Long)
<==    Updates: 1
Closing non transactional SqlSession [org.apache.ibatis.session.defaults.DefaultSqlSession@4e046100]
2026-01-05T04:13:53.463-05:00 DEBUG 4002 --- [hazmat-safety-system] [nio-8080-exec-1] o.s.security.web.FilterChainProxy        : Securing GET /dashboard/stats
2026-01-05T04:13:53.466-05:00 DEBUG 4002 --- [hazmat-safety-system] [nio-8080-exec-1] o.s.security.web.FilterChainProxy        : Secured GET /dashboard/stats
Creating a new SqlSession
SqlSession [org.apache.ibatis.session.defaults.DefaultSqlSession@4dea0df1] was not registered for synchronization because synchronization is not active
JDBC Connection [HikariProxyConnection@816975619 wrapping com.mysql.cj.jdbc.ConnectionImpl@248d3a] will not be managed by Spring
==>  Preparing: SELECT COUNT( * ) AS total FROM hazmat_info WHERE (status = ?)
==> Parameters: 1(Integer)
<==    Columns: total
<==        Row: 5
<==      Total: 1
Closing non transactional SqlSession [org.apache.ibatis.session.defaults.DefaultSqlSession@4dea0df1]
Creating a new SqlSession
SqlSession [org.apache.ibatis.session.defaults.DefaultSqlSession@5bdb64f1] was not registered for synchronization because synchronization is not active
JDBC Connection [HikariProxyConnection@1178828798 wrapping com.mysql.cj.jdbc.ConnectionImpl@248d3a] will not be managed by Spring
==>  Preparing: SELECT COUNT( * ) AS total FROM check_plan
==> Parameters: 
<==    Columns: total
<==        Row: 0
<==      Total: 1
Closing non transactional SqlSession [org.apache.ibatis.session.defaults.DefaultSqlSession@5bdb64f1]
Creating a new SqlSession
SqlSession [org.apache.ibatis.session.defaults.DefaultSqlSession@40c06da1] was not registered for synchronization because synchronization is not active
JDBC Connection [HikariProxyConnection@1077704100 wrapping com.mysql.cj.jdbc.ConnectionImpl@248d3a] will not be managed by Spring
==>  Preparing: SELECT COUNT( * ) AS total FROM check_record
==> Parameters: 
<==    Columns: total
<==        Row: 0
<==      Total: 1
Closing non transactional SqlSession [org.apache.ibatis.session.defaults.DefaultSqlSession@40c06da1]
Creating a new SqlSession
SqlSession [org.apache.ibatis.session.defaults.DefaultSqlSession@368e0ff1] was not registered for synchronization because synchronization is not active
JDBC Connection [HikariProxyConnection@1969279460 wrapping com.mysql.cj.jdbc.ConnectionImpl@248d3a] will not be managed by Spring
==>  Preparing: SELECT COUNT( * ) AS total FROM hazard_report
==> Parameters: 
<==    Columns: total
<==        Row: 0
<==      Total: 1
Closing non transactional SqlSession [org.apache.ibatis.session.defaults.DefaultSqlSession@368e0ff1]
Creating a new SqlSession
SqlSession [org.apache.ibatis.session.defaults.DefaultSqlSession@210ef47f] was not registered for synchronization because synchronization is not active
JDBC Connection [HikariProxyConnection@1731823144 wrapping com.mysql.cj.jdbc.ConnectionImpl@248d3a] will not be managed by Spring
==>  Preparing: SELECT COUNT( * ) AS total FROM hazard_report WHERE (status = ?)
==> Parameters: 0(Integer)
<==    Columns: total
<==        Row: 0
<==      Total: 1
Closing non transactional SqlSession [org.apache.ibatis.session.defaults.DefaultSqlSession@210ef47f]
Creating a new SqlSession
SqlSession [org.apache.ibatis.session.defaults.DefaultSqlSession@52ec4a24] was not registered for synchronization because synchronization is not active
JDBC Connection [HikariProxyConnection@68677898 wrapping com.mysql.cj.jdbc.ConnectionImpl@248d3a] will not be managed by Spring
==>  Preparing: SELECT COUNT( * ) AS total FROM safety_knowledge WHERE (status = ?)
==> Parameters: 1(Integer)
<==    Columns: total
<==        Row: 3
<==      Total: 1
Closing non transactional SqlSession [org.apache.ibatis.session.defaults.DefaultSqlSession@52ec4a24]
Creating a new SqlSession
SqlSession [org.apache.ibatis.session.defaults.DefaultSqlSession@170f6d0e] was not registered for synchronization because synchronization is not active
JDBC Connection [HikariProxyConnection@654485665 wrapping com.mysql.cj.jdbc.ConnectionImpl@248d3a] will not be managed by Spring
==>  Preparing: SELECT COUNT( * ) AS total FROM announcement WHERE (status = ?)
==> Parameters: 1(Integer)
<==    Columns: total
<==        Row: 2
<==      Total: 1
Closing non transactional SqlSession [org.apache.ibatis.session.defaults.DefaultSqlSession@170f6d0e]
2026-01-05T04:13:53.489-05:00 DEBUG 4002 --- [hazmat-safety-system] [nio-8080-exec-3] o.s.security.web.FilterChainProxy        : Securing GET /dashboard/pending-hazards
2026-01-05T04:13:53.489-05:00 DEBUG 4002 --- [hazmat-safety-system] [nio-8080-exec-9] o.s.security.web.FilterChainProxy        : Securing GET /dashboard/pending-plans
2026-01-05T04:13:53.489-05:00 DEBUG 4002 --- [hazmat-safety-system] [io-8080-exec-10] o.s.security.web.FilterChainProxy        : Securing GET /dashboard/hot-knowledge
2026-01-05T04:13:53.489-05:00 DEBUG 4002 --- [hazmat-safety-system] [nio-8080-exec-5] o.s.security.web.FilterChainProxy        : Securing GET /dashboard/announcements
2026-01-05T04:13:53.492-05:00 DEBUG 4002 --- [hazmat-safety-system] [nio-8080-exec-3] o.s.security.web.FilterChainProxy        : Secured GET /dashboard/pending-hazards
Creating a new SqlSession
SqlSession [org.apache.ibatis.session.defaults.DefaultSqlSession@25e6d60] was not registered for synchronization because synchronization is not active
2026-01-05T04:13:53.493-05:00 DEBUG 4002 --- [hazmat-safety-system] [nio-8080-exec-5] o.s.security.web.FilterChainProxy        : Secured GET /dashboard/announcements
2026-01-05T04:13:53.493-05:00 DEBUG 4002 --- [hazmat-safety-system] [nio-8080-exec-9] o.s.security.web.FilterChainProxy        : Secured GET /dashboard/pending-plans
JDBC Connection [HikariProxyConnection@1995213623 wrapping com.mysql.cj.jdbc.ConnectionImpl@248d3a] will not be managed by Spring
==>  Preparing: SELECT id,title,description,location,hazard_level,hazard_type,images,reporter_id,reporter_name,report_time,status,handler_id,handler_name,handle_time,handle_result,create_time,update_time FROM hazard_report WHERE (status IN (?,?)) ORDER BY report_time DESC
2026-01-05T04:13:53.493-05:00 DEBUG 4002 --- [hazmat-safety-system] [io-8080-exec-10] o.s.security.web.FilterChainProxy        : Secured GET /dashboard/hot-knowledge
Creating a new SqlSession
SqlSession [org.apache.ibatis.session.defaults.DefaultSqlSession@2b9f4c0d] was not registered for synchronization because synchronization is not active
==> Parameters: 0(Integer), 1(Integer)
Creating a new SqlSession
Creating a new SqlSession
SqlSession [org.apache.ibatis.session.defaults.DefaultSqlSession@2cf835a1] was not registered for synchronization because synchronization is not active
SqlSession [org.apache.ibatis.session.defaults.DefaultSqlSession@cc422e4] was not registered for synchronization because synchronization is not active
<==      Total: 0
JDBC Connection [HikariProxyConnection@564905681 wrapping com.mysql.cj.jdbc.ConnectionImpl@7ac22c1e] will not be managed by Spring
Closing non transactional SqlSession [org.apache.ibatis.session.defaults.DefaultSqlSession@25e6d60]
==>  Preparing: SELECT id,title,content,type,priority,status,publish_time,create_by,create_time,update_time FROM announcement WHERE (status = ?) ORDER BY priority DESC,publish_time DESC LIMIT 5
JDBC Connection [HikariProxyConnection@1240024925 wrapping com.mysql.cj.jdbc.ConnectionImpl@249c4e26] will not be managed by Spring
JDBC Connection [HikariProxyConnection@124620868 wrapping com.mysql.cj.jdbc.ConnectionImpl@1d3cf87a] will not be managed by Spring
==>  Preparing: SELECT id,title,description,check_type,plan_date,department,status,create_by,create_time,update_time FROM check_plan WHERE (status IN (?,?)) ORDER BY plan_date ASC
==>  Preparing: SELECT id,title,content,category,cover_image,view_count,status,create_by,create_time,update_time FROM safety_knowledge WHERE (status = ?) ORDER BY view_count DESC LIMIT 5
==> Parameters: 1(Integer)
==> Parameters: 0(Integer), 1(Integer)
==> Parameters: 1(Integer)
<==    Columns: id, title, content, type, priority, status, publish_time, create_by, create_time, update_time
<==    Columns: id, title, content, category, cover_image, view_count, status, create_by, create_time, update_time
<==      Total: 0
Closing non transactional SqlSession [org.apache.ibatis.session.defaults.DefaultSqlSession@2cf835a1]
<==        Row: 3, 个人防护装备使用指南, <<BLOB>>, 安全知识, null, 1, 1, null, 2026-01-05 08:59:13, 2026-01-05 08:59:13
<==        Row: 1, 企业危化品安全管理系统上线通知, <<BLOB>>, 通知, 1, 1, 2026-01-05 08:59:13, null, 2026-01-05 08:59:13, 2026-01-05 08:59:13
<==        Row: 1, 危险化学品安全操作规程, <<BLOB>>, 操作规程, null, 0, 1, null, 2026-01-05 08:59:13, 2026-01-05 08:59:13
<==        Row: 2, 化学品泄漏应急处置预案, <<BLOB>>, 应急预案, null, 0, 1, null, 2026-01-05 08:59:13, 2026-01-05 08:59:13
<==        Row: 2, 系统简介, <<BLOB>>, 系统简介, 0, 1, 2026-01-05 08:59:13, null, 2026-01-05 08:59:13, 2026-01-05 08:59:13
<==      Total: 3
Closing non transactional SqlSession [org.apache.ibatis.session.defaults.DefaultSqlSession@cc422e4]
<==      Total: 2
Closing non transactional SqlSession [org.apache.ibatis.session.defaults.DefaultSqlSession@2b9f4c0d]
2026-01-05T04:14:04.631-05:00 DEBUG 4002 --- [hazmat-safety-system] [nio-8080-exec-4] o.s.security.web.FilterChainProxy        : Securing GET /dashboard/pending-plans
2026-01-05T04:14:04.631-05:00 DEBUG 4002 --- [hazmat-safety-system] [nio-8080-exec-7] o.s.security.web.FilterChainProxy        : Securing GET /dashboard/stats
2026-01-05T04:14:04.632-05:00 DEBUG 4002 --- [hazmat-safety-system] [nio-8080-exec-8] o.s.security.web.FilterChainProxy        : Securing GET /dashboard/announcements
2026-01-05T04:14:04.632-05:00 DEBUG 4002 --- [hazmat-safety-system] [nio-8080-exec-2] o.s.security.web.FilterChainProxy        : Securing GET /dashboard/hot-knowledge
2026-01-05T04:14:04.632-05:00 DEBUG 4002 --- [hazmat-safety-system] [nio-8080-exec-6] o.s.security.web.FilterChainProxy        : Securing GET /dashboard/pending-hazards
2026-01-05T04:14:04.636-05:00 DEBUG 4002 --- [hazmat-safety-system] [nio-8080-exec-8] o.s.security.web.FilterChainProxy        : Secured GET /dashboard/announcements
2026-01-05T04:14:04.636-05:00 DEBUG 4002 --- [hazmat-safety-system] [nio-8080-exec-2] o.s.security.web.FilterChainProxy        : Secured GET /dashboard/hot-knowledge
2026-01-05T04:14:04.636-05:00 DEBUG 4002 --- [hazmat-safety-system] [nio-8080-exec-4] o.s.security.web.FilterChainProxy        : Secured GET /dashboard/pending-plans
2026-01-05T04:14:04.636-05:00 DEBUG 4002 --- [hazmat-safety-system] [nio-8080-exec-6] o.s.security.web.FilterChainProxy        : Secured GET /dashboard/pending-hazards
Creating a new SqlSession
Creating a new SqlSession
Creating a new SqlSession
SqlSession [org.apache.ibatis.session.defaults.DefaultSqlSession@929823b] was not registered for synchronization because synchronization is not active
SqlSession [org.apache.ibatis.session.defaults.DefaultSqlSession@2bd76393] was not registered for synchronization because synchronization is not active
SqlSession [org.apache.ibatis.session.defaults.DefaultSqlSession@704943d5] was not registered for synchronization because synchronization is not active
Creating a new SqlSession
SqlSession [org.apache.ibatis.session.defaults.DefaultSqlSession@773b58c7] was not registered for synchronization because synchronization is not active
2026-01-05T04:14:04.637-05:00 DEBUG 4002 --- [hazmat-safety-system] [nio-8080-exec-7] o.s.security.web.FilterChainProxy        : Secured GET /dashboard/stats
Creating a new SqlSession
SqlSession [org.apache.ibatis.session.defaults.DefaultSqlSession@15f3f84a] was not registered for synchronization because synchronization is not active
JDBC Connection [HikariProxyConnection@152764022 wrapping com.mysql.cj.jdbc.ConnectionImpl@7ac22c1e] will not be managed by Spring
JDBC Connection [HikariProxyConnection@366389797 wrapping com.mysql.cj.jdbc.ConnectionImpl@25842790] will not be managed by Spring
==>  Preparing: SELECT id,title,description,location,hazard_level,hazard_type,images,reporter_id,reporter_name,report_time,status,handler_id,handler_name,handle_time,handle_result,create_time,update_time FROM hazard_report WHERE (status IN (?,?)) ORDER BY report_time DESC
JDBC Connection [HikariProxyConnection@1075720747 wrapping com.mysql.cj.jdbc.ConnectionImpl@249c4e26] will not be managed by Spring
==>  Preparing: SELECT id,title,description,check_type,plan_date,department,status,create_by,create_time,update_time FROM check_plan WHERE (status IN (?,?)) ORDER BY plan_date ASC
==>  Preparing: SELECT id,title,content,type,priority,status,publish_time,create_by,create_time,update_time FROM announcement WHERE (status = ?) ORDER BY priority DESC,publish_time DESC LIMIT 5
JDBC Connection [HikariProxyConnection@1834184423 wrapping com.mysql.cj.jdbc.ConnectionImpl@1d3cf87a] will not be managed by Spring
==>  Preparing: SELECT COUNT( * ) AS total FROM hazmat_info WHERE (status = ?)
==> Parameters: 0(Integer), 1(Integer)
==> Parameters: 1(Integer)
==> Parameters: 0(Integer), 1(Integer)
==> Parameters: 1(Integer)
<==      Total: 0
<==    Columns: total
<==        Row: 5
<==    Columns: id, title, content, type, priority, status, publish_time, create_by, create_time, update_time
Closing non transactional SqlSession [org.apache.ibatis.session.defaults.DefaultSqlSession@704943d5]
JDBC Connection [HikariProxyConnection@1727556228 wrapping com.mysql.cj.jdbc.ConnectionImpl@248d3a] will not be managed by Spring
==>  Preparing: SELECT id,title,content,category,cover_image,view_count,status,create_by,create_time,update_time FROM safety_knowledge WHERE (status = ?) ORDER BY view_count DESC LIMIT 5
<==      Total: 1
Closing non transactional SqlSession [org.apache.ibatis.session.defaults.DefaultSqlSession@15f3f84a]
<==      Total: 0
==> Parameters: 1(Integer)
<==        Row: 1, 企业危化品安全管理系统上线通知, <<BLOB>>, 通知, 1, 1, 2026-01-05 08:59:13, null, 2026-01-05 08:59:13, 2026-01-05 08:59:13
Creating a new SqlSession
Closing non transactional SqlSession [org.apache.ibatis.session.defaults.DefaultSqlSession@773b58c7]
SqlSession [org.apache.ibatis.session.defaults.DefaultSqlSession@6f33dded] was not registered for synchronization because synchronization is not active
JDBC Connection [HikariProxyConnection@1703434729 wrapping com.mysql.cj.jdbc.ConnectionImpl@1d3cf87a] will not be managed by Spring
==>  Preparing: SELECT COUNT( * ) AS total FROM check_plan
==> Parameters: 
<==        Row: 2, 系统简介, <<BLOB>>, 系统简介, 0, 1, 2026-01-05 08:59:13, null, 2026-01-05 08:59:13, 2026-01-05 08:59:13
<==    Columns: id, title, content, category, cover_image, view_count, status, create_by, create_time, update_time
<==      Total: 2
<==    Columns: total
<==        Row: 0
<==      Total: 1
<==        Row: 3, 个人防护装备使用指南, <<BLOB>>, 安全知识, null, 1, 1, null, 2026-01-05 08:59:13, 2026-01-05 08:59:13
Closing non transactional SqlSession [org.apache.ibatis.session.defaults.DefaultSqlSession@6f33dded]
Creating a new SqlSession
SqlSession [org.apache.ibatis.session.defaults.DefaultSqlSession@5cec3d29] was not registered for synchronization because synchronization is not active
JDBC Connection [HikariProxyConnection@759259116 wrapping com.mysql.cj.jdbc.ConnectionImpl@1d3cf87a] will not be managed by Spring
==>  Preparing: SELECT COUNT( * ) AS total FROM check_record
==> Parameters: 
Closing non transactional SqlSession [org.apache.ibatis.session.defaults.DefaultSqlSession@2bd76393]
<==        Row: 1, 危险化学品安全操作规程, <<BLOB>>, 操作规程, null, 0, 1, null, 2026-01-05 08:59:13, 2026-01-05 08:59:13
<==        Row: 2, 化学品泄漏应急处置预案, <<BLOB>>, 应急预案, null, 0, 1, null, 2026-01-05 08:59:13, 2026-01-05 08:59:13
<==      Total: 3
<==    Columns: total
<==        Row: 0
Closing non transactional SqlSession [org.apache.ibatis.session.defaults.DefaultSqlSession@929823b]
<==      Total: 1
Closing non transactional SqlSession [org.apache.ibatis.session.defaults.DefaultSqlSession@5cec3d29]
Creating a new SqlSession
SqlSession [org.apache.ibatis.session.defaults.DefaultSqlSession@4806077e] was not registered for synchronization because synchronization is not active
JDBC Connection [HikariProxyConnection@1967029794 wrapping com.mysql.cj.jdbc.ConnectionImpl@1d3cf87a] will not be managed by Spring
==>  Preparing: SELECT COUNT( * ) AS total FROM hazard_report
==> Parameters: 
<==    Columns: total
<==        Row: 0
<==      Total: 1
Closing non transactional SqlSession [org.apache.ibatis.session.defaults.DefaultSqlSession@4806077e]
Creating a new SqlSession
SqlSession [org.apache.ibatis.session.defaults.DefaultSqlSession@50e15352] was not registered for synchronization because synchronization is not active
JDBC Connection [HikariProxyConnection@681874375 wrapping com.mysql.cj.jdbc.ConnectionImpl@1d3cf87a] will not be managed by Spring
==>  Preparing: SELECT COUNT( * ) AS total FROM hazard_report WHERE (status = ?)
==> Parameters: 0(Integer)
<==    Columns: total
<==        Row: 0
<==      Total: 1
Closing non transactional SqlSession [org.apache.ibatis.session.defaults.DefaultSqlSession@50e15352]
Creating a new SqlSession
SqlSession [org.apache.ibatis.session.defaults.DefaultSqlSession@43ad4e55] was not registered for synchronization because synchronization is not active
JDBC Connection [HikariProxyConnection@428666545 wrapping com.mysql.cj.jdbc.ConnectionImpl@1d3cf87a] will not be managed by Spring
==>  Preparing: SELECT COUNT( * ) AS total FROM safety_knowledge WHERE (status = ?)
==> Parameters: 1(Integer)
<==    Columns: total
<==        Row: 3
<==      Total: 1
Closing non transactional SqlSession [org.apache.ibatis.session.defaults.DefaultSqlSession@43ad4e55]
Creating a new SqlSession
SqlSession [org.apache.ibatis.session.defaults.DefaultSqlSession@522ce00b] was not registered for synchronization because synchronization is not active
JDBC Connection [HikariProxyConnection@2069550077 wrapping com.mysql.cj.jdbc.ConnectionImpl@1d3cf87a] will not be managed by Spring
==>  Preparing: SELECT COUNT( * ) AS total FROM announcement WHERE (status = ?)
==> Parameters: 1(Integer)
<==    Columns: total
<==        Row: 2
<==      Total: 1
Closing non transactional SqlSession [org.apache.ibatis.session.defaults.DefaultSqlSession@522ce00b]
2026-01-05T04:14:08.395-05:00 DEBUG 4002 --- [hazmat-safety-system] [nio-8080-exec-1] o.s.security.web.FilterChainProxy        : Securing GET /user/1
2026-01-05T04:14:08.404-05:00 DEBUG 4002 --- [hazmat-safety-system] [nio-8080-exec-1] o.s.security.web.FilterChainProxy        : Secured GET /user/1
Creating a new SqlSession
SqlSession [org.apache.ibatis.session.defaults.DefaultSqlSession@12e7c107] was not registered for synchronization because synchronization is not active
JDBC Connection [HikariProxyConnection@2121054536 wrapping com.mysql.cj.jdbc.ConnectionImpl@248d3a] will not be managed by Spring
==>  Preparing: SELECT id,username,password,real_name,phone,email,department,avatar,status,create_time,update_time FROM sys_user WHERE id=?
==> Parameters: 1(Long)
<==    Columns: id, username, password, real_name, phone, email, department, avatar, status, create_time, update_time
<==        Row: 1, huyiwen, $2a$10$nhrkfSvgfJCHZJyz2hyDfuhNROwBK397CTqUZVsaADcPHGR.jOsOy, Huyiwen, 17683728423, 17683728423@163.com, 测试部, null, 1, 2026-01-05 04:10:52, 2026-01-05 04:10:52
<==      Total: 1
Closing non transactional SqlSession [org.apache.ibatis.session.defaults.DefaultSqlSession@12e7c107]
2026-01-05T04:14:22.190-05:00 DEBUG 4002 --- [hazmat-safety-system] [nio-8080-exec-3] o.s.security.web.FilterChainProxy        : Securing POST /auth/login
2026-01-05T04:14:22.191-05:00 DEBUG 4002 --- [hazmat-safety-system] [nio-8080-exec-3] o.s.s.w.a.AnonymousAuthenticationFilter  : Set SecurityContextHolder to anonymous SecurityContext
2026-01-05T04:14:22.192-05:00 DEBUG 4002 --- [hazmat-safety-system] [nio-8080-exec-3] o.s.security.web.FilterChainProxy        : Secured POST /auth/login
Creating a new SqlSession
SqlSession [org.apache.ibatis.session.defaults.DefaultSqlSession@24a0a780] was not registered for synchronization because synchronization is not active
JDBC Connection [HikariProxyConnection@1432677145 wrapping com.mysql.cj.jdbc.ConnectionImpl@248d3a] will not be managed by Spring
==>  Preparing: SELECT id,username,password,real_name,phone,email,avatar,status,create_time,update_time FROM sys_admin WHERE (username = ?)
==> Parameters: admin(String)
<==    Columns: id, username, password, real_name, phone, email, avatar, status, create_time, update_time
<==        Row: 1, admin, $2a$10$N.zmdr9k7uOCQb376NoUnuTJ8iAt6Z5EHsM8lE9lBOsl7iAt6Z5EH, 系统管理员, 13800000000, admin@example.com, null, 1, 2026-01-05 08:59:13, 2026-01-05 08:59:13
<==      Total: 1
Closing non transactional SqlSession [org.apache.ibatis.session.defaults.DefaultSqlSession@24a0a780]
2026-01-05T04:14:30.973-05:00 DEBUG 4002 --- [hazmat-safety-system] [nio-8080-exec-9] o.s.security.web.FilterChainProxy        : Securing POST /auth/login
2026-01-05T04:14:30.974-05:00 DEBUG 4002 --- [hazmat-safety-system] [nio-8080-exec-9] o.s.s.w.a.AnonymousAuthenticationFilter  : Set SecurityContextHolder to anonymous SecurityContext
2026-01-05T04:14:30.975-05:00 DEBUG 4002 --- [hazmat-safety-system] [nio-8080-exec-9] o.s.security.web.FilterChainProxy        : Secured POST /auth/login
Creating a new SqlSession
SqlSession [org.apache.ibatis.session.defaults.DefaultSqlSession@470c498b] was not registered for synchronization because synchronization is not active
JDBC Connection [HikariProxyConnection@1309824520 wrapping com.mysql.cj.jdbc.ConnectionImpl@249c4e26] will not be managed by Spring
==>  Preparing: SELECT id,username,password,real_name,phone,email,avatar,status,create_time,update_time FROM sys_admin WHERE (username = ?)
==> Parameters: admin(String)
<==    Columns: id, username, password, real_name, phone, email, avatar, status, create_time, update_time
<==        Row: 1, admin, $2a$10$N.zmdr9k7uOCQb376NoUnuTJ8iAt6Z5EHsM8lE9lBOsl7iAt6Z5EH, 系统管理员, 13800000000, admin@example.com, null, 1, 2026-01-05 08:59:13, 2026-01-05 08:59:13
<==      Total: 1
Closing non transactional SqlSession [org.apache.ibatis.session.defaults.DefaultSqlSession@470c498b]
2026-01-05T04:15:58.340-05:00 DEBUG 4002 --- [hazmat-safety-system] [io-8080-exec-10] o.s.security.web.FilterChainProxy        : Securing POST /auth/login
2026-01-05T04:15:58.341-05:00 DEBUG 4002 --- [hazmat-safety-system] [io-8080-exec-10] o.s.s.w.a.AnonymousAuthenticationFilter  : Set SecurityContextHolder to anonymous SecurityContext
2026-01-05T04:15:58.342-05:00 DEBUG 4002 --- [hazmat-safety-system] [io-8080-exec-10] o.s.security.web.FilterChainProxy        : Secured POST /auth/login
Creating a new SqlSession
SqlSession [org.apache.ibatis.session.defaults.DefaultSqlSession@4a4b8bbc] was not registered for synchronization because synchronization is not active
JDBC Connection [HikariProxyConnection@1731547923 wrapping com.mysql.cj.jdbc.ConnectionImpl@1d3cf87a] will not be managed by Spring
==>  Preparing: SELECT id,username,password,real_name,phone,email,avatar,status,create_time,update_time FROM sys_admin WHERE (username = ?)
==> Parameters: admin(String)
<==    Columns: id, username, password, real_name, phone, email, avatar, status, create_time, update_time
<==        Row: 1, admin, $2b$12$tpP2JAqVoWFv0gpHINXCIOzLkBXozPwQJ.bQkP8ISRodVV36ahICW, 系统管理员, 13800000000, admin@example.com, null, 1, 2026-01-05 08:59:13, 2026-01-05 09:15:26
<==      Total: 1
Closing non transactional SqlSession [org.apache.ibatis.session.defaults.DefaultSqlSession@4a4b8bbc]
2026-01-05T04:15:59.411-05:00 DEBUG 4002 --- [hazmat-safety-system] [nio-8080-exec-5] o.s.security.web.FilterChainProxy        : Securing GET /dashboard/stats
2026-01-05T04:15:59.415-05:00 DEBUG 4002 --- [hazmat-safety-system] [nio-8080-exec-5] o.s.security.web.FilterChainProxy        : Secured GET /dashboard/stats
Creating a new SqlSession
SqlSession [org.apache.ibatis.session.defaults.DefaultSqlSession@20671205] was not registered for synchronization because synchronization is not active
2026-01-05T04:15:59.426-05:00 DEBUG 4002 --- [hazmat-safety-system] [nio-8080-exec-6] o.s.security.web.FilterChainProxy        : Securing GET /dashboard/announcements
2026-01-05T04:15:59.428-05:00 DEBUG 4002 --- [hazmat-safety-system] [nio-8080-exec-6] o.s.security.web.FilterChainProxy        : Secured GET /dashboard/announcements
Creating a new SqlSession
SqlSession [org.apache.ibatis.session.defaults.DefaultSqlSession@5800fb79] was not registered for synchronization because synchronization is not active
JDBC Connection [HikariProxyConnection@1968205278 wrapping com.mysql.cj.jdbc.ConnectionImpl@7ac22c1e] will not be managed by Spring
==>  Preparing: SELECT id,title,content,type,priority,status,publish_time,create_by,create_time,update_time FROM announcement WHERE (status = ?) ORDER BY priority DESC,publish_time DESC LIMIT 5
==> Parameters: 1(Integer)
<==    Columns: id, title, content, type, priority, status, publish_time, create_by, create_time, update_time
<==        Row: 1, 企业危化品安全管理系统上线通知, <<BLOB>>, 通知, 1, 1, 2026-01-05 08:59:13, null, 2026-01-05 08:59:13, 2026-01-05 08:59:13
<==        Row: 2, 系统简介, <<BLOB>>, 系统简介, 0, 1, 2026-01-05 08:59:13, null, 2026-01-05 08:59:13, 2026-01-05 08:59:13
JDBC Connection [HikariProxyConnection@1909054752 wrapping com.mysql.cj.jdbc.ConnectionImpl@248d3a] will not be managed by Spring
==>  Preparing: SELECT COUNT( * ) AS total FROM hazmat_info WHERE (status = ?)
<==      Total: 2
Closing non transactional SqlSession [org.apache.ibatis.session.defaults.DefaultSqlSession@5800fb79]
==> Parameters: 1(Integer)
2026-01-05T04:15:59.449-05:00 DEBUG 4002 --- [hazmat-safety-system] [nio-8080-exec-4] o.s.security.web.FilterChainProxy        : Securing GET /dashboard/hot-knowledge
2026-01-05T04:15:59.452-05:00 DEBUG 4002 --- [hazmat-safety-system] [nio-8080-exec-4] o.s.security.web.FilterChainProxy        : Secured GET /dashboard/hot-knowledge
Creating a new SqlSession
SqlSession [org.apache.ibatis.session.defaults.DefaultSqlSession@436d02e9] was not registered for synchronization because synchronization is not active
JDBC Connection [HikariProxyConnection@2030085818 wrapping com.mysql.cj.jdbc.ConnectionImpl@25842790] will not be managed by Spring
==>  Preparing: SELECT id,title,content,category,cover_image,view_count,status,create_by,create_time,update_time FROM safety_knowledge WHERE (status = ?) ORDER BY view_count DESC LIMIT 5
==> Parameters: 1(Integer)
<==    Columns: total
<==        Row: 5
<==      Total: 1
Closing non transactional SqlSession [org.apache.ibatis.session.defaults.DefaultSqlSession@20671205]
Creating a new SqlSession
SqlSession [org.apache.ibatis.session.defaults.DefaultSqlSession@4f3162da] was not registered for synchronization because synchronization is not active
JDBC Connection [HikariProxyConnection@1465820675 wrapping com.mysql.cj.jdbc.ConnectionImpl@248d3a] will not be managed by Spring
==>  Preparing: SELECT COUNT( * ) AS total FROM check_plan
==> Parameters: 
<==    Columns: id, title, content, category, cover_image, view_count, status, create_by, create_time, update_time
<==        Row: 3, 个人防护装备使用指南, <<BLOB>>, 安全知识, null, 1, 1, null, 2026-01-05 08:59:13, 2026-01-05 08:59:13
<==        Row: 1, 危险化学品安全操作规程, <<BLOB>>, 操作规程, null, 0, 1, null, 2026-01-05 08:59:13, 2026-01-05 08:59:13
<==        Row: 2, 化学品泄漏应急处置预案, <<BLOB>>, 应急预案, null, 0, 1, null, 2026-01-05 08:59:13, 2026-01-05 08:59:13
<==      Total: 3
Closing non transactional SqlSession [org.apache.ibatis.session.defaults.DefaultSqlSession@436d02e9]
<==    Columns: total
<==        Row: 0
<==      Total: 1
Closing non transactional SqlSession [org.apache.ibatis.session.defaults.DefaultSqlSession@4f3162da]
Creating a new SqlSession
SqlSession [org.apache.ibatis.session.defaults.DefaultSqlSession@3eb8c3ab] was not registered for synchronization because synchronization is not active
JDBC Connection [HikariProxyConnection@2052800788 wrapping com.mysql.cj.jdbc.ConnectionImpl@248d3a] will not be managed by Spring
==>  Preparing: SELECT COUNT( * ) AS total FROM check_record
==> Parameters: 
<==    Columns: total
<==        Row: 0
<==      Total: 1
Closing non transactional SqlSession [org.apache.ibatis.session.defaults.DefaultSqlSession@3eb8c3ab]
Creating a new SqlSession
SqlSession [org.apache.ibatis.session.defaults.DefaultSqlSession@3abcb51c] was not registered for synchronization because synchronization is not active
JDBC Connection [HikariProxyConnection@1113689211 wrapping com.mysql.cj.jdbc.ConnectionImpl@248d3a] will not be managed by Spring
==>  Preparing: SELECT COUNT( * ) AS total FROM hazard_report
==> Parameters: 
2026-01-05T04:15:59.460-05:00 DEBUG 4002 --- [hazmat-safety-system] [nio-8080-exec-8] o.s.security.web.FilterChainProxy        : Securing GET /dashboard/pending-hazards
<==    Columns: total
<==        Row: 0
<==      Total: 1
Closing non transactional SqlSession [org.apache.ibatis.session.defaults.DefaultSqlSession@3abcb51c]
Creating a new SqlSession
SqlSession [org.apache.ibatis.session.defaults.DefaultSqlSession@69644fc] was not registered for synchronization because synchronization is not active
JDBC Connection [HikariProxyConnection@1499268455 wrapping com.mysql.cj.jdbc.ConnectionImpl@248d3a] will not be managed by Spring
==>  Preparing: SELECT COUNT( * ) AS total FROM hazard_report WHERE (status = ?)
==> Parameters: 0(Integer)
2026-01-05T04:15:59.462-05:00 DEBUG 4002 --- [hazmat-safety-system] [nio-8080-exec-8] o.s.security.web.FilterChainProxy        : Secured GET /dashboard/pending-hazards
Creating a new SqlSession
SqlSession [org.apache.ibatis.session.defaults.DefaultSqlSession@26daf674] was not registered for synchronization because synchronization is not active
JDBC Connection [HikariProxyConnection@914477767 wrapping com.mysql.cj.jdbc.ConnectionImpl@249c4e26] will not be managed by Spring
==>  Preparing: SELECT id,title,description,location,hazard_level,hazard_type,images,reporter_id,reporter_name,report_time,status,handler_id,handler_name,handle_time,handle_result,create_time,update_time FROM hazard_report WHERE (status IN (?,?)) ORDER BY report_time DESC
==> Parameters: 0(Integer), 1(Integer)
<==      Total: 0
Closing non transactional SqlSession [org.apache.ibatis.session.defaults.DefaultSqlSession@26daf674]
2026-01-05T04:15:59.466-05:00 DEBUG 4002 --- [hazmat-safety-system] [nio-8080-exec-2] o.s.security.web.FilterChainProxy        : Securing GET /dashboard/pending-plans
2026-01-05T04:15:59.467-05:00 DEBUG 4002 --- [hazmat-safety-system] [nio-8080-exec-2] o.s.security.web.FilterChainProxy        : Secured GET /dashboard/pending-plans
Creating a new SqlSession
SqlSession [org.apache.ibatis.session.defaults.DefaultSqlSession@1add2c59] was not registered for synchronization because synchronization is not active
JDBC Connection [HikariProxyConnection@1595956579 wrapping com.mysql.cj.jdbc.ConnectionImpl@7ac22c1e] will not be managed by Spring
==>  Preparing: SELECT id,title,description,check_type,plan_date,department,status,create_by,create_time,update_time FROM check_plan WHERE (status IN (?,?)) ORDER BY plan_date ASC
<==    Columns: total
==> Parameters: 0(Integer), 1(Integer)
<==        Row: 0
<==      Total: 1
Closing non transactional SqlSession [org.apache.ibatis.session.defaults.DefaultSqlSession@69644fc]
Creating a new SqlSession
SqlSession [org.apache.ibatis.session.defaults.DefaultSqlSession@64465865] was not registered for synchronization because synchronization is not active
<==      Total: 0
JDBC Connection [HikariProxyConnection@1346589109 wrapping com.mysql.cj.jdbc.ConnectionImpl@248d3a] will not be managed by Spring
==>  Preparing: SELECT COUNT( * ) AS total FROM safety_knowledge WHERE (status = ?)
Closing non transactional SqlSession [org.apache.ibatis.session.defaults.DefaultSqlSession@1add2c59]
==> Parameters: 1(Integer)
<==    Columns: total
<==        Row: 3
<==      Total: 1
Closing non transactional SqlSession [org.apache.ibatis.session.defaults.DefaultSqlSession@64465865]
Creating a new SqlSession
SqlSession [org.apache.ibatis.session.defaults.DefaultSqlSession@7c4b1ef4] was not registered for synchronization because synchronization is not active
JDBC Connection [HikariProxyConnection@706274408 wrapping com.mysql.cj.jdbc.ConnectionImpl@248d3a] will not be managed by Spring
==>  Preparing: SELECT COUNT( * ) AS total FROM announcement WHERE (status = ?)
==> Parameters: 1(Integer)
<==    Columns: total
<==        Row: 2
<==      Total: 1
Closing non transactional SqlSession [org.apache.ibatis.session.defaults.DefaultSqlSession@7c4b1ef4]
2026-01-05T04:16:31.400-05:00 DEBUG 4002 --- [hazmat-safety-system] [nio-8080-exec-7] o.s.security.web.FilterChainProxy        : Securing POST /auth/login
2026-01-05T04:16:31.401-05:00 DEBUG 4002 --- [hazmat-safety-system] [nio-8080-exec-7] o.s.s.w.a.AnonymousAuthenticationFilter  : Set SecurityContextHolder to anonymous SecurityContext
2026-01-05T04:16:31.401-05:00 DEBUG 4002 --- [hazmat-safety-system] [nio-8080-exec-7] o.s.security.web.FilterChainProxy        : Secured POST /auth/login
Creating a new SqlSession
SqlSession [org.apache.ibatis.session.defaults.DefaultSqlSession@43c6820a] was not registered for synchronization because synchronization is not active
JDBC Connection [HikariProxyConnection@1994333889 wrapping com.mysql.cj.jdbc.ConnectionImpl@1d3cf87a] will not be managed by Spring
==>  Preparing: SELECT id,username,password,real_name,phone,email,avatar,status,create_time,update_time FROM sys_admin WHERE (username = ?)
==> Parameters: admin(String)
<==    Columns: id, username, password, real_name, phone, email, avatar, status, create_time, update_time
<==        Row: 1, admin, $2b$12$tpP2JAqVoWFv0gpHINXCIOzLkBXozPwQJ.bQkP8ISRodVV36ahICW, 系统管理员, 13800000000, admin@example.com, null, 1, 2026-01-05 08:59:13, 2026-01-05 09:15:26
<==      Total: 1
Closing non transactional SqlSession [org.apache.ibatis.session.defaults.DefaultSqlSession@43c6820a]
2026-01-05T04:16:35.640-05:00 DEBUG 4002 --- [hazmat-safety-system] [nio-8080-exec-1] o.s.security.web.FilterChainProxy        : Securing GET /dashboard/stats
2026-01-05T04:16:35.643-05:00 DEBUG 4002 --- [hazmat-safety-system] [nio-8080-exec-1] o.s.security.web.FilterChainProxy        : Secured GET /dashboard/stats
Creating a new SqlSession
SqlSession [org.apache.ibatis.session.defaults.DefaultSqlSession@6400ab2f] was not registered for synchronization because synchronization is not active
JDBC Connection [HikariProxyConnection@1220780369 wrapping com.mysql.cj.jdbc.ConnectionImpl@248d3a] will not be managed by Spring
==>  Preparing: SELECT COUNT( * ) AS total FROM hazmat_info WHERE (status = ?)
==> Parameters: 1(Integer)
<==    Columns: total
<==        Row: 5
<==      Total: 1
Closing non transactional SqlSession [org.apache.ibatis.session.defaults.DefaultSqlSession@6400ab2f]
Creating a new SqlSession
SqlSession [org.apache.ibatis.session.defaults.DefaultSqlSession@55ed9962] was not registered for synchronization because synchronization is not active
JDBC Connection [HikariProxyConnection@877992227 wrapping com.mysql.cj.jdbc.ConnectionImpl@248d3a] will not be managed by Spring
==>  Preparing: SELECT COUNT( * ) AS total FROM check_plan
==> Parameters: 
<==    Columns: total
<==        Row: 0
<==      Total: 1
Closing non transactional SqlSession [org.apache.ibatis.session.defaults.DefaultSqlSession@55ed9962]
Creating a new SqlSession
SqlSession [org.apache.ibatis.session.defaults.DefaultSqlSession@452c0527] was not registered for synchronization because synchronization is not active
JDBC Connection [HikariProxyConnection@2083762793 wrapping com.mysql.cj.jdbc.ConnectionImpl@248d3a] will not be managed by Spring
==>  Preparing: SELECT COUNT( * ) AS total FROM check_record
==> Parameters: 
<==    Columns: total
<==        Row: 0
<==      Total: 1
Closing non transactional SqlSession [org.apache.ibatis.session.defaults.DefaultSqlSession@452c0527]
Creating a new SqlSession
2026-01-05T04:16:35.649-05:00 DEBUG 4002 --- [hazmat-safety-system] [nio-8080-exec-3] o.s.security.web.FilterChainProxy        : Securing GET /dashboard/hot-knowledge
SqlSession [org.apache.ibatis.session.defaults.DefaultSqlSession@4eaa7c6d] was not registered for synchronization because synchronization is not active
JDBC Connection [HikariProxyConnection@1795841442 wrapping com.mysql.cj.jdbc.ConnectionImpl@248d3a] will not be managed by Spring
==>  Preparing: SELECT COUNT( * ) AS total FROM hazard_report
==> Parameters: 
<==    Columns: total
<==        Row: 0
<==      Total: 1
Closing non transactional SqlSession [org.apache.ibatis.session.defaults.DefaultSqlSession@4eaa7c6d]
2026-01-05T04:16:35.650-05:00 DEBUG 4002 --- [hazmat-safety-system] [nio-8080-exec-9] o.s.security.web.FilterChainProxy        : Securing GET /dashboard/pending-plans
Creating a new SqlSession
SqlSession [org.apache.ibatis.session.defaults.DefaultSqlSession@7387669c] was not registered for synchronization because synchronization is not active
JDBC Connection [HikariProxyConnection@1850946965 wrapping com.mysql.cj.jdbc.ConnectionImpl@248d3a] will not be managed by Spring
==>  Preparing: SELECT COUNT( * ) AS total FROM hazard_report WHERE (status = ?)
==> Parameters: 0(Integer)
<==    Columns: total
<==        Row: 0
<==      Total: 1
Closing non transactional SqlSession [org.apache.ibatis.session.defaults.DefaultSqlSession@7387669c]
2026-01-05T04:16:35.652-05:00 DEBUG 4002 --- [hazmat-safety-system] [nio-8080-exec-3] o.s.security.web.FilterChainProxy        : Secured GET /dashboard/hot-knowledge
Creating a new SqlSession
SqlSession [org.apache.ibatis.session.defaults.DefaultSqlSession@5468b9b] was not registered for synchronization because synchronization is not active
2026-01-05T04:16:35.652-05:00 DEBUG 4002 --- [hazmat-safety-system] [nio-8080-exec-9] o.s.security.web.FilterChainProxy        : Secured GET /dashboard/pending-plans
Creating a new SqlSession
JDBC Connection [HikariProxyConnection@1304276521 wrapping com.mysql.cj.jdbc.ConnectionImpl@248d3a] will not be managed by Spring
SqlSession [org.apache.ibatis.session.defaults.DefaultSqlSession@466bf102] was not registered for synchronization because synchronization is not active
==>  Preparing: SELECT COUNT( * ) AS total FROM safety_knowledge WHERE (status = ?)
Creating a new SqlSession
SqlSession [org.apache.ibatis.session.defaults.DefaultSqlSession@7722d0f0] was not registered for synchronization because synchronization is not active
2026-01-05T04:16:35.653-05:00 DEBUG 4002 --- [hazmat-safety-system] [io-8080-exec-10] o.s.security.web.FilterChainProxy        : Securing GET /dashboard/pending-hazards
JDBC Connection [HikariProxyConnection@1733739240 wrapping com.mysql.cj.jdbc.ConnectionImpl@7ac22c1e] will not be managed by Spring
JDBC Connection [HikariProxyConnection@1388814222 wrapping com.mysql.cj.jdbc.ConnectionImpl@249c4e26] will not be managed by Spring
==>  Preparing: SELECT id,title,content,category,cover_image,view_count,status,create_by,create_time,update_time FROM safety_knowledge WHERE (status = ?) ORDER BY view_count DESC LIMIT 5
2026-01-05T04:16:35.653-05:00 DEBUG 4002 --- [hazmat-safety-system] [nio-8080-exec-6] o.s.security.web.FilterChainProxy        : Securing GET /dashboard/announcements
==> Parameters: 1(Integer)
==>  Preparing: SELECT id,title,description,check_type,plan_date,department,status,create_by,create_time,update_time FROM check_plan WHERE (status IN (?,?)) ORDER BY plan_date ASC
==> Parameters: 0(Integer), 1(Integer)
2026-01-05T04:16:35.655-05:00 DEBUG 4002 --- [hazmat-safety-system] [io-8080-exec-10] o.s.security.web.FilterChainProxy        : Secured GET /dashboard/pending-hazards
2026-01-05T04:16:35.655-05:00 DEBUG 4002 --- [hazmat-safety-system] [nio-8080-exec-6] o.s.security.web.FilterChainProxy        : Secured GET /dashboard/announcements
==> Parameters: 1(Integer)
<==      Total: 0
Closing non transactional SqlSession [org.apache.ibatis.session.defaults.DefaultSqlSession@7722d0f0]
Creating a new SqlSession
Creating a new SqlSession
SqlSession [org.apache.ibatis.session.defaults.DefaultSqlSession@5068d6e7] was not registered for synchronization because synchronization is not active
SqlSession [org.apache.ibatis.session.defaults.DefaultSqlSession@403bbe51] was not registered for synchronization because synchronization is not active
<==    Columns: total
<==        Row: 3
<==    Columns: id, title, content, category, cover_image, view_count, status, create_by, create_time, update_time
JDBC Connection [HikariProxyConnection@1181266237 wrapping com.mysql.cj.jdbc.ConnectionImpl@249c4e26] will not be managed by Spring
==>  Preparing: SELECT id,title,description,location,hazard_level,hazard_type,images,reporter_id,reporter_name,report_time,status,handler_id,handler_name,handle_time,handle_result,create_time,update_time FROM hazard_report WHERE (status IN (?,?)) ORDER BY report_time DESC
JDBC Connection [HikariProxyConnection@847027389 wrapping com.mysql.cj.jdbc.ConnectionImpl@1d3cf87a] will not be managed by Spring
==>  Preparing: SELECT id,title,content,type,priority,status,publish_time,create_by,create_time,update_time FROM announcement WHERE (status = ?) ORDER BY priority DESC,publish_time DESC LIMIT 5
<==        Row: 3, 个人防护装备使用指南, <<BLOB>>, 安全知识, null, 1, 1, null, 2026-01-05 08:59:13, 2026-01-05 08:59:13
==> Parameters: 0(Integer), 1(Integer)
==> Parameters: 1(Integer)
<==      Total: 1
Closing non transactional SqlSession [org.apache.ibatis.session.defaults.DefaultSqlSession@5468b9b]
Creating a new SqlSession
SqlSession [org.apache.ibatis.session.defaults.DefaultSqlSession@1165862] was not registered for synchronization because synchronization is not active
<==        Row: 1, 危险化学品安全操作规程, <<BLOB>>, 操作规程, null, 0, 1, null, 2026-01-05 08:59:13, 2026-01-05 08:59:13
<==    Columns: id, title, content, type, priority, status, publish_time, create_by, create_time, update_time
<==      Total: 0
<==        Row: 2, 化学品泄漏应急处置预案, <<BLOB>>, 应急预案, null, 0, 1, null, 2026-01-05 08:59:13, 2026-01-05 08:59:13
Closing non transactional SqlSession [org.apache.ibatis.session.defaults.DefaultSqlSession@5068d6e7]
<==        Row: 1, 企业危化品安全管理系统上线通知, <<BLOB>>, 通知, 1, 1, 2026-01-05 08:59:13, null, 2026-01-05 08:59:13, 2026-01-05 08:59:13
<==      Total: 3
Closing non transactional SqlSession [org.apache.ibatis.session.defaults.DefaultSqlSession@466bf102]
<==        Row: 2, 系统简介, <<BLOB>>, 系统简介, 0, 1, 2026-01-05 08:59:13, null, 2026-01-05 08:59:13, 2026-01-05 08:59:13
JDBC Connection [HikariProxyConnection@817697160 wrapping com.mysql.cj.jdbc.ConnectionImpl@248d3a] will not be managed by Spring
==>  Preparing: SELECT COUNT( * ) AS total FROM announcement WHERE (status = ?)
<==      Total: 2
==> Parameters: 1(Integer)
Closing non transactional SqlSession [org.apache.ibatis.session.defaults.DefaultSqlSession@403bbe51]
<==    Columns: total
<==        Row: 2
<==      Total: 1
Closing non transactional SqlSession [org.apache.ibatis.session.defaults.DefaultSqlSession@1165862]
2026-01-05T04:16:44.701-05:00 DEBUG 4002 --- [hazmat-safety-system] [nio-8080-exec-4] o.s.security.web.FilterChainProxy        : Securing GET /user/admin/1
2026-01-05T04:16:44.706-05:00 DEBUG 4002 --- [hazmat-safety-system] [nio-8080-exec-4] o.s.security.web.FilterChainProxy        : Secured GET /user/admin/1
Creating a new SqlSession
SqlSession [org.apache.ibatis.session.defaults.DefaultSqlSession@6462f232] was not registered for synchronization because synchronization is not active
JDBC Connection [HikariProxyConnection@1337187869 wrapping com.mysql.cj.jdbc.ConnectionImpl@25842790] will not be managed by Spring
==>  Preparing: SELECT id,username,password,real_name,phone,email,avatar,status,create_time,update_time FROM sys_admin WHERE id=?
==> Parameters: 1(Long)
<==    Columns: id, username, password, real_name, phone, email, avatar, status, create_time, update_time
<==        Row: 1, admin, $2b$12$tpP2JAqVoWFv0gpHINXCIOzLkBXozPwQJ.bQkP8ISRodVV36ahICW, 系统管理员, 13800000000, admin@example.com, null, 1, 2026-01-05 08:59:13, 2026-01-05 09:15:26
<==      Total: 1
Closing non transactional SqlSession [org.apache.ibatis.session.defaults.DefaultSqlSession@6462f232]
2026-01-05T04:16:55.476-05:00 DEBUG 4002 --- [hazmat-safety-system] [nio-8080-exec-8] o.s.security.web.FilterChainProxy        : Securing GET /dashboard/stats
2026-01-05T04:16:55.478-05:00 DEBUG 4002 --- [hazmat-safety-system] [nio-8080-exec-2] o.s.security.web.FilterChainProxy        : Securing GET /dashboard/announcements
2026-01-05T04:16:55.478-05:00 DEBUG 4002 --- [hazmat-safety-system] [nio-8080-exec-8] o.s.security.web.FilterChainProxy        : Secured GET /dashboard/stats
Creating a new SqlSession
SqlSession [org.apache.ibatis.session.defaults.DefaultSqlSession@3938f355] was not registered for synchronization because synchronization is not active
JDBC Connection [HikariProxyConnection@1210108752 wrapping com.mysql.cj.jdbc.ConnectionImpl@249c4e26] will not be managed by Spring
==>  Preparing: SELECT COUNT( * ) AS total FROM hazmat_info WHERE (status = ?)
==> Parameters: 1(Integer)
<==    Columns: total
<==        Row: 5
<==      Total: 1
Closing non transactional SqlSession [org.apache.ibatis.session.defaults.DefaultSqlSession@3938f355]
Creating a new SqlSession
2026-01-05T04:16:55.480-05:00 DEBUG 4002 --- [hazmat-safety-system] [nio-8080-exec-2] o.s.security.web.FilterChainProxy        : Secured GET /dashboard/announcements
SqlSession [org.apache.ibatis.session.defaults.DefaultSqlSession@e4485af] was not registered for synchronization because synchronization is not active
JDBC Connection [HikariProxyConnection@1880653161 wrapping com.mysql.cj.jdbc.ConnectionImpl@249c4e26] will not be managed by Spring
==>  Preparing: SELECT COUNT( * ) AS total FROM check_plan
==> Parameters: 
Creating a new SqlSession
SqlSession [org.apache.ibatis.session.defaults.DefaultSqlSession@7e3f3ef] was not registered for synchronization because synchronization is not active
<==    Columns: total
<==        Row: 0
<==      Total: 1
Closing non transactional SqlSession [org.apache.ibatis.session.defaults.DefaultSqlSession@e4485af]
Creating a new SqlSession
JDBC Connection [HikariProxyConnection@1949284526 wrapping com.mysql.cj.jdbc.ConnectionImpl@7ac22c1e] will not be managed by Spring
SqlSession [org.apache.ibatis.session.defaults.DefaultSqlSession@37d1463a] was not registered for synchronization because synchronization is not active
==>  Preparing: SELECT id,title,content,type,priority,status,publish_time,create_by,create_time,update_time FROM announcement WHERE (status = ?) ORDER BY priority DESC,publish_time DESC LIMIT 5
JDBC Connection [HikariProxyConnection@496157842 wrapping com.mysql.cj.jdbc.ConnectionImpl@249c4e26] will not be managed by Spring
==>  Preparing: SELECT COUNT( * ) AS total FROM check_record
==> Parameters: 1(Integer)
==> Parameters: 
<==    Columns: id, title, content, type, priority, status, publish_time, create_by, create_time, update_time
<==    Columns: total
<==        Row: 0
<==      Total: 1
<==        Row: 1, 企业危化品安全管理系统上线通知, <<BLOB>>, 通知, 1, 1, 2026-01-05 08:59:13, null, 2026-01-05 08:59:13, 2026-01-05 08:59:13
Closing non transactional SqlSession [org.apache.ibatis.session.defaults.DefaultSqlSession@37d1463a]
Creating a new SqlSession
SqlSession [org.apache.ibatis.session.defaults.DefaultSqlSession@7231611d] was not registered for synchronization because synchronization is not active
JDBC Connection [HikariProxyConnection@1340873207 wrapping com.mysql.cj.jdbc.ConnectionImpl@249c4e26] will not be managed by Spring
==>  Preparing: SELECT COUNT( * ) AS total FROM hazard_report
==> Parameters: 
<==        Row: 2, 系统简介, <<BLOB>>, 系统简介, 0, 1, 2026-01-05 08:59:13, null, 2026-01-05 08:59:13, 2026-01-05 08:59:13
<==      Total: 2
Closing non transactional SqlSession [org.apache.ibatis.session.defaults.DefaultSqlSession@7e3f3ef]
<==    Columns: total
<==        Row: 0
<==      Total: 1
Closing non transactional SqlSession [org.apache.ibatis.session.defaults.DefaultSqlSession@7231611d]
Creating a new SqlSession
SqlSession [org.apache.ibatis.session.defaults.DefaultSqlSession@7ab6d2cb] was not registered for synchronization because synchronization is not active
JDBC Connection [HikariProxyConnection@58092809 wrapping com.mysql.cj.jdbc.ConnectionImpl@249c4e26] will not be managed by Spring
==>  Preparing: SELECT COUNT( * ) AS total FROM hazard_report WHERE (status = ?)
==> Parameters: 0(Integer)
<==    Columns: total
<==        Row: 0
<==      Total: 1
Closing non transactional SqlSession [org.apache.ibatis.session.defaults.DefaultSqlSession@7ab6d2cb]
Creating a new SqlSession
SqlSession [org.apache.ibatis.session.defaults.DefaultSqlSession@6776bfe0] was not registered for synchronization because synchronization is not active
JDBC Connection [HikariProxyConnection@731519311 wrapping com.mysql.cj.jdbc.ConnectionImpl@249c4e26] will not be managed by Spring
==>  Preparing: SELECT COUNT( * ) AS total FROM safety_knowledge WHERE (status = ?)
==> Parameters: 1(Integer)
<==    Columns: total
<==        Row: 3
<==      Total: 1
Closing non transactional SqlSession [org.apache.ibatis.session.defaults.DefaultSqlSession@6776bfe0]
Creating a new SqlSession
SqlSession [org.apache.ibatis.session.defaults.DefaultSqlSession@604cd020] was not registered for synchronization because synchronization is not active
JDBC Connection [HikariProxyConnection@840432246 wrapping com.mysql.cj.jdbc.ConnectionImpl@249c4e26] will not be managed by Spring
==>  Preparing: SELECT COUNT( * ) AS total FROM announcement WHERE (status = ?)
==> Parameters: 1(Integer)
<==    Columns: total
<==        Row: 2
<==      Total: 1
Closing non transactional SqlSession [org.apache.ibatis.session.defaults.DefaultSqlSession@604cd020]
2026-01-05T04:16:55.492-05:00 DEBUG 4002 --- [hazmat-safety-system] [nio-8080-exec-5] o.s.security.web.FilterChainProxy        : Securing GET /dashboard/hot-knowledge
2026-01-05T04:16:55.492-05:00 DEBUG 4002 --- [hazmat-safety-system] [nio-8080-exec-7] o.s.security.web.FilterChainProxy        : Securing GET /dashboard/pending-hazards
2026-01-05T04:16:55.495-05:00 DEBUG 4002 --- [hazmat-safety-system] [nio-8080-exec-7] o.s.security.web.FilterChainProxy        : Secured GET /dashboard/pending-hazards
Creating a new SqlSession
SqlSession [org.apache.ibatis.session.defaults.DefaultSqlSession@341f79a0] was not registered for synchronization because synchronization is not active
2026-01-05T04:16:55.496-05:00 DEBUG 4002 --- [hazmat-safety-system] [nio-8080-exec-5] o.s.security.web.FilterChainProxy        : Secured GET /dashboard/hot-knowledge
Creating a new SqlSession
SqlSession [org.apache.ibatis.session.defaults.DefaultSqlSession@215e71bb] was not registered for synchronization because synchronization is not active
JDBC Connection [HikariProxyConnection@1136552955 wrapping com.mysql.cj.jdbc.ConnectionImpl@1d3cf87a] will not be managed by Spring
==>  Preparing: SELECT id,title,description,location,hazard_level,hazard_type,images,reporter_id,reporter_name,report_time,status,handler_id,handler_name,handle_time,handle_result,create_time,update_time FROM hazard_report WHERE (status IN (?,?)) ORDER BY report_time DESC
==> Parameters: 0(Integer), 1(Integer)
JDBC Connection [HikariProxyConnection@96888794 wrapping com.mysql.cj.jdbc.ConnectionImpl@248d3a] will not be managed by Spring
==>  Preparing: SELECT id,title,content,category,cover_image,view_count,status,create_by,create_time,update_time FROM safety_knowledge WHERE (status = ?) ORDER BY view_count DESC LIMIT 5
==> Parameters: 1(Integer)
<==      Total: 0
Closing non transactional SqlSession [org.apache.ibatis.session.defaults.DefaultSqlSession@341f79a0]
2026-01-05T04:16:55.502-05:00 DEBUG 4002 --- [hazmat-safety-system] [nio-8080-exec-9] o.s.security.web.FilterChainProxy        : Securing GET /dashboard/pending-plans
<==    Columns: id, title, content, category, cover_image, view_count, status, create_by, create_time, update_time
<==        Row: 3, 个人防护装备使用指南, <<BLOB>>, 安全知识, null, 1, 1, null, 2026-01-05 08:59:13, 2026-01-05 08:59:13
<==        Row: 1, 危险化学品安全操作规程, <<BLOB>>, 操作规程, null, 0, 1, null, 2026-01-05 08:59:13, 2026-01-05 08:59:13
<==        Row: 2, 化学品泄漏应急处置预案, <<BLOB>>, 应急预案, null, 0, 1, null, 2026-01-05 08:59:13, 2026-01-05 08:59:13
<==      Total: 3
Closing non transactional SqlSession [org.apache.ibatis.session.defaults.DefaultSqlSession@215e71bb]
2026-01-05T04:16:55.503-05:00 DEBUG 4002 --- [hazmat-safety-system] [nio-8080-exec-9] o.s.security.web.FilterChainProxy        : Secured GET /dashboard/pending-plans
Creating a new SqlSession
SqlSession [org.apache.ibatis.session.defaults.DefaultSqlSession@682ddeb1] was not registered for synchronization because synchronization is not active
JDBC Connection [HikariProxyConnection@157885972 wrapping com.mysql.cj.jdbc.ConnectionImpl@249c4e26] will not be managed by Spring
==>  Preparing: SELECT id,title,description,check_type,plan_date,department,status,create_by,create_time,update_time FROM check_plan WHERE (status IN (?,?)) ORDER BY plan_date ASC
==> Parameters: 0(Integer), 1(Integer)
<==      Total: 0
Closing non transactional SqlSession [org.apache.ibatis.session.defaults.DefaultSqlSession@682ddeb1]
2026-01-05T04:16:58.515-05:00 DEBUG 4002 --- [hazmat-safety-system] [io-8080-exec-10] o.s.security.web.FilterChainProxy        : Securing GET /user/admin/1
2026-01-05T04:16:58.518-05:00 DEBUG 4002 --- [hazmat-safety-system] [io-8080-exec-10] o.s.security.web.FilterChainProxy        : Secured GET /user/admin/1
Creating a new SqlSession
SqlSession [org.apache.ibatis.session.defaults.DefaultSqlSession@fbd7740] was not registered for synchronization because synchronization is not active
JDBC Connection [HikariProxyConnection@435439550 wrapping com.mysql.cj.jdbc.ConnectionImpl@249c4e26] will not be managed by Spring
==>  Preparing: SELECT id,username,password,real_name,phone,email,avatar,status,create_time,update_time FROM sys_admin WHERE id=?
==> Parameters: 1(Long)
<==    Columns: id, username, password, real_name, phone, email, avatar, status, create_time, update_time
<==        Row: 1, admin, $2b$12$tpP2JAqVoWFv0gpHINXCIOzLkBXozPwQJ.bQkP8ISRodVV36ahICW, 系统管理员, 13800000000, admin@example.com, null, 1, 2026-01-05 08:59:13, 2026-01-05 09:15:26
<==      Total: 1
Closing non transactional SqlSession [org.apache.ibatis.session.defaults.DefaultSqlSession@fbd7740]
2026-01-05T04:17:05.276-05:00 DEBUG 4002 --- [hazmat-safety-system] [nio-8080-exec-3] o.s.security.web.FilterChainProxy        : Securing GET /user/safety-admin/list?pageNum=1&pageSize=10&username=&realName=
2026-01-05T04:17:05.280-05:00 DEBUG 4002 --- [hazmat-safety-system] [nio-8080-exec-3] o.s.security.web.FilterChainProxy        : Secured GET /user/safety-admin/list?pageNum=1&pageSize=10&username=&realName=
Creating a new SqlSession
SqlSession [org.apache.ibatis.session.defaults.DefaultSqlSession@50404911] was not registered for synchronization because synchronization is not active
JDBC Connection [HikariProxyConnection@1376948320 wrapping com.mysql.cj.jdbc.ConnectionImpl@7ac22c1e] will not be managed by Spring
==>  Preparing: SELECT COUNT(*) AS total FROM safety_admin
==> Parameters: 
<==    Columns: total
<==        Row: 1
<==      Total: 1
==>  Preparing: SELECT id,username,password,real_name,phone,email,department,avatar,status,create_time,update_time FROM safety_admin ORDER BY create_time DESC LIMIT ?
==> Parameters: 10(Long)
<==    Columns: id, username, password, real_name, phone, email, department, avatar, status, create_time, update_time
<==        Row: 1, safety, $2b$12$tpP2JAqVoWFv0gpHINXCIOzLkBXozPwQJ.bQkP8ISRodVV36ahICW, 安全管理员, 13800000001, safety@example.com, 安全管理部, null, 1, 2026-01-05 08:59:13, 2026-01-05 09:15:26
<==      Total: 1
Closing non transactional SqlSession [org.apache.ibatis.session.defaults.DefaultSqlSession@50404911]
2026-01-05T04:17:13.316-05:00 DEBUG 4002 --- [hazmat-safety-system] [nio-8080-exec-6] o.s.security.web.FilterChainProxy        : Securing GET /dashboard/hot-knowledge
2026-01-05T04:17:13.318-05:00 DEBUG 4002 --- [hazmat-safety-system] [nio-8080-exec-1] o.s.security.web.FilterChainProxy        : Securing GET /dashboard/stats
2026-01-05T04:17:13.318-05:00 DEBUG 4002 --- [hazmat-safety-system] [nio-8080-exec-4] o.s.security.web.FilterChainProxy        : Securing GET /dashboard/announcements
2026-01-05T04:17:13.318-05:00 DEBUG 4002 --- [hazmat-safety-system] [nio-8080-exec-2] o.s.security.web.FilterChainProxy        : Securing GET /dashboard/pending-hazards
2026-01-05T04:17:13.320-05:00 DEBUG 4002 --- [hazmat-safety-system] [nio-8080-exec-1] o.s.security.web.FilterChainProxy        : Secured GET /dashboard/stats
2026-01-05T04:17:13.320-05:00 DEBUG 4002 --- [hazmat-safety-system] [nio-8080-exec-2] o.s.security.web.FilterChainProxy        : Secured GET /dashboard/pending-hazards
2026-01-05T04:17:13.319-05:00 DEBUG 4002 --- [hazmat-safety-system] [nio-8080-exec-6] o.s.security.web.FilterChainProxy        : Secured GET /dashboard/hot-knowledge
Creating a new SqlSession
SqlSession [org.apache.ibatis.session.defaults.DefaultSqlSession@4dcc3a9] was not registered for synchronization because synchronization is not active
Creating a new SqlSession
Creating a new SqlSession
SqlSession [org.apache.ibatis.session.defaults.DefaultSqlSession@8685f36] was not registered for synchronization because synchronization is not active
SqlSession [org.apache.ibatis.session.defaults.DefaultSqlSession@1ea5ee8b] was not registered for synchronization because synchronization is not active
2026-01-05T04:17:13.321-05:00 DEBUG 4002 --- [hazmat-safety-system] [nio-8080-exec-4] o.s.security.web.FilterChainProxy        : Secured GET /dashboard/announcements
JDBC Connection [HikariProxyConnection@934956568 wrapping com.mysql.cj.jdbc.ConnectionImpl@248d3a] will not be managed by Spring
==>  Preparing: SELECT COUNT( * ) AS total FROM hazmat_info WHERE (status = ?)
Creating a new SqlSession
==> Parameters: 1(Integer)
SqlSession [org.apache.ibatis.session.defaults.DefaultSqlSession@57d89021] was not registered for synchronization because synchronization is not active
JDBC Connection [HikariProxyConnection@104925755 wrapping com.mysql.cj.jdbc.ConnectionImpl@7ac22c1e] will not be managed by Spring
==>  Preparing: SELECT id,title,description,location,hazard_level,hazard_type,images,reporter_id,reporter_name,report_time,status,handler_id,handler_name,handle_time,handle_result,create_time,update_time FROM hazard_report WHERE (status IN (?,?)) ORDER BY report_time DESC
JDBC Connection [HikariProxyConnection@364687708 wrapping com.mysql.cj.jdbc.ConnectionImpl@1d3cf87a] will not be managed by Spring
==>  Preparing: SELECT id,title,content,category,cover_image,view_count,status,create_by,create_time,update_time FROM safety_knowledge WHERE (status = ?) ORDER BY view_count DESC LIMIT 5
==> Parameters: 0(Integer), 1(Integer)
==> Parameters: 1(Integer)
JDBC Connection [HikariProxyConnection@618138506 wrapping com.mysql.cj.jdbc.ConnectionImpl@25842790] will not be managed by Spring
==>  Preparing: SELECT id,title,content,type,priority,status,publish_time,create_by,create_time,update_time FROM announcement WHERE (status = ?) ORDER BY priority DESC,publish_time DESC LIMIT 5
==> Parameters: 1(Integer)
<==    Columns: total
<==        Row: 5
2026-01-05T04:17:13.323-05:00 DEBUG 4002 --- [hazmat-safety-system] [nio-8080-exec-8] o.s.security.web.FilterChainProxy        : Securing GET /dashboard/pending-plans
<==      Total: 1
<==      Total: 0
Closing non transactional SqlSession [org.apache.ibatis.session.defaults.DefaultSqlSession@4dcc3a9]
Creating a new SqlSession
SqlSession [org.apache.ibatis.session.defaults.DefaultSqlSession@76f1b331] was not registered for synchronization because synchronization is not active
<==    Columns: id, title, content, category, cover_image, view_count, status, create_by, create_time, update_time
JDBC Connection [HikariProxyConnection@340981709 wrapping com.mysql.cj.jdbc.ConnectionImpl@248d3a] will not be managed by Spring
==>  Preparing: SELECT COUNT( * ) AS total FROM check_plan
Closing non transactional SqlSession [org.apache.ibatis.session.defaults.DefaultSqlSession@1ea5ee8b]
<==        Row: 3, 个人防护装备使用指南, <<BLOB>>, 安全知识, null, 1, 1, null, 2026-01-05 08:59:13, 2026-01-05 08:59:13
==> Parameters: 
<==        Row: 1, 危险化学品安全操作规程, <<BLOB>>, 操作规程, null, 0, 1, null, 2026-01-05 08:59:13, 2026-01-05 08:59:13
<==        Row: 2, 化学品泄漏应急处置预案, <<BLOB>>, 应急预案, null, 0, 1, null, 2026-01-05 08:59:13, 2026-01-05 08:59:13
<==    Columns: total
<==        Row: 0
<==      Total: 3
<==      Total: 1
Closing non transactional SqlSession [org.apache.ibatis.session.defaults.DefaultSqlSession@76f1b331]
Closing non transactional SqlSession [org.apache.ibatis.session.defaults.DefaultSqlSession@8685f36]
Creating a new SqlSession
2026-01-05T04:17:13.324-05:00 DEBUG 4002 --- [hazmat-safety-system] [nio-8080-exec-8] o.s.security.web.FilterChainProxy        : Secured GET /dashboard/pending-plans
SqlSession [org.apache.ibatis.session.defaults.DefaultSqlSession@719a550] was not registered for synchronization because synchronization is not active
JDBC Connection [HikariProxyConnection@2089481913 wrapping com.mysql.cj.jdbc.ConnectionImpl@248d3a] will not be managed by Spring
==>  Preparing: SELECT COUNT( * ) AS total FROM check_record
Creating a new SqlSession
==> Parameters: 
SqlSession [org.apache.ibatis.session.defaults.DefaultSqlSession@730a7f9a] was not registered for synchronization because synchronization is not active
<==    Columns: total
<==        Row: 0
<==      Total: 1
Closing non transactional SqlSession [org.apache.ibatis.session.defaults.DefaultSqlSession@719a550]
Creating a new SqlSession
JDBC Connection [HikariProxyConnection@1967221771 wrapping com.mysql.cj.jdbc.ConnectionImpl@249c4e26] will not be managed by Spring
SqlSession [org.apache.ibatis.session.defaults.DefaultSqlSession@630a5f6e] was not registered for synchronization because synchronization is not active
==>  Preparing: SELECT id,title,description,check_type,plan_date,department,status,create_by,create_time,update_time FROM check_plan WHERE (status IN (?,?)) ORDER BY plan_date ASC
JDBC Connection [HikariProxyConnection@703808890 wrapping com.mysql.cj.jdbc.ConnectionImpl@248d3a] will not be managed by Spring
==>  Preparing: SELECT COUNT( * ) AS total FROM hazard_report
==> Parameters: 
==> Parameters: 0(Integer), 1(Integer)
<==    Columns: id, title, content, type, priority, status, publish_time, create_by, create_time, update_time
<==        Row: 1, 企业危化品安全管理系统上线通知, <<BLOB>>, 通知, 1, 1, 2026-01-05 08:59:13, null, 2026-01-05 08:59:13, 2026-01-05 08:59:13
<==    Columns: total
<==        Row: 0
<==      Total: 1
Closing non transactional SqlSession [org.apache.ibatis.session.defaults.DefaultSqlSession@630a5f6e]
Creating a new SqlSession
<==      Total: 0
SqlSession [org.apache.ibatis.session.defaults.DefaultSqlSession@51022dbf] was not registered for synchronization because synchronization is not active
<==        Row: 2, 系统简介, <<BLOB>>, 系统简介, 0, 1, 2026-01-05 08:59:13, null, 2026-01-05 08:59:13, 2026-01-05 08:59:13
Closing non transactional SqlSession [org.apache.ibatis.session.defaults.DefaultSqlSession@730a7f9a]
<==      Total: 2
JDBC Connection [HikariProxyConnection@1623390686 wrapping com.mysql.cj.jdbc.ConnectionImpl@248d3a] will not be managed by Spring
==>  Preparing: SELECT COUNT( * ) AS total FROM hazard_report WHERE (status = ?)
Closing non transactional SqlSession [org.apache.ibatis.session.defaults.DefaultSqlSession@57d89021]
==> Parameters: 0(Integer)
<==    Columns: total
<==        Row: 0
<==      Total: 1
Closing non transactional SqlSession [org.apache.ibatis.session.defaults.DefaultSqlSession@51022dbf]
Creating a new SqlSession
SqlSession [org.apache.ibatis.session.defaults.DefaultSqlSession@6bf812c6] was not registered for synchronization because synchronization is not active
JDBC Connection [HikariProxyConnection@735552979 wrapping com.mysql.cj.jdbc.ConnectionImpl@248d3a] will not be managed by Spring
==>  Preparing: SELECT COUNT( * ) AS total FROM safety_knowledge WHERE (status = ?)
==> Parameters: 1(Integer)
<==    Columns: total
<==        Row: 3
<==      Total: 1
Closing non transactional SqlSession [org.apache.ibatis.session.defaults.DefaultSqlSession@6bf812c6]
Creating a new SqlSession
SqlSession [org.apache.ibatis.session.defaults.DefaultSqlSession@425ab632] was not registered for synchronization because synchronization is not active
JDBC Connection [HikariProxyConnection@1772090013 wrapping com.mysql.cj.jdbc.ConnectionImpl@248d3a] will not be managed by Spring
==>  Preparing: SELECT COUNT( * ) AS total FROM announcement WHERE (status = ?)
==> Parameters: 1(Integer)
<==    Columns: total
<==        Row: 2
<==      Total: 1
Closing non transactional SqlSession [org.apache.ibatis.session.defaults.DefaultSqlSession@425ab632]
2026-01-05T04:17:16.455-05:00 DEBUG 4002 --- [hazmat-safety-system] [nio-8080-exec-7] o.s.security.web.FilterChainProxy        : Securing GET /announcement/list?pageNum=1&pageSize=10&title=&type=
2026-01-05T04:17:16.458-05:00 DEBUG 4002 --- [hazmat-safety-system] [nio-8080-exec-7] o.s.security.web.FilterChainProxy        : Secured GET /announcement/list?pageNum=1&pageSize=10&title=&type=
Creating a new SqlSession
SqlSession [org.apache.ibatis.session.defaults.DefaultSqlSession@56f0fa48] was not registered for synchronization because synchronization is not active
JDBC Connection [HikariProxyConnection@413708808 wrapping com.mysql.cj.jdbc.ConnectionImpl@1d3cf87a] will not be managed by Spring
==>  Preparing: SELECT COUNT(*) AS total FROM announcement
==> Parameters: 
<==    Columns: total
<==        Row: 2
<==      Total: 1
==>  Preparing: SELECT id,title,content,type,priority,status,publish_time,create_by,create_time,update_time FROM announcement ORDER BY priority DESC,publish_time DESC LIMIT ?
==> Parameters: 10(Long)
<==    Columns: id, title, content, type, priority, status, publish_time, create_by, create_time, update_time
<==        Row: 1, 企业危化品安全管理系统上线通知, <<BLOB>>, 通知, 1, 1, 2026-01-05 08:59:13, null, 2026-01-05 08:59:13, 2026-01-05 08:59:13
<==        Row: 2, 系统简介, <<BLOB>>, 系统简介, 0, 1, 2026-01-05 08:59:13, null, 2026-01-05 08:59:13, 2026-01-05 08:59:13
<==      Total: 2
Closing non transactional SqlSession [org.apache.ibatis.session.defaults.DefaultSqlSession@56f0fa48]
2026-01-05T04:17:38.151-05:00 DEBUG 4002 --- [hazmat-safety-system] [nio-8080-exec-5] o.s.security.web.FilterChainProxy        : Securing GET /dashboard/pending-hazards
2026-01-05T04:17:38.151-05:00 DEBUG 4002 --- [hazmat-safety-system] [nio-8080-exec-9] o.s.security.web.FilterChainProxy        : Securing GET /dashboard/stats
2026-01-05T04:17:38.153-05:00 DEBUG 4002 --- [hazmat-safety-system] [nio-8080-exec-5] o.s.security.web.FilterChainProxy        : Secured GET /dashboard/pending-hazards
2026-01-05T04:17:38.153-05:00 DEBUG 4002 --- [hazmat-safety-system] [nio-8080-exec-9] o.s.security.web.FilterChainProxy        : Secured GET /dashboard/stats
Creating a new SqlSession
Creating a new SqlSession
SqlSession [org.apache.ibatis.session.defaults.DefaultSqlSession@20cc2916] was not registered for synchronization because synchronization is not active
SqlSession [org.apache.ibatis.session.defaults.DefaultSqlSession@6e39a425] was not registered for synchronization because synchronization is not active
JDBC Connection [HikariProxyConnection@1018741744 wrapping com.mysql.cj.jdbc.ConnectionImpl@248d3a] will not be managed by Spring
JDBC Connection [HikariProxyConnection@638759912 wrapping com.mysql.cj.jdbc.ConnectionImpl@249c4e26] will not be managed by Spring
==>  Preparing: SELECT id,title,description,location,hazard_level,hazard_type,images,reporter_id,reporter_name,report_time,status,handler_id,handler_name,handle_time,handle_result,create_time,update_time FROM hazard_report WHERE (status IN (?,?)) ORDER BY report_time DESC
==>  Preparing: SELECT COUNT( * ) AS total FROM hazmat_info WHERE (status = ?)
==> Parameters: 0(Integer), 1(Integer)
==> Parameters: 1(Integer)
2026-01-05T04:17:38.156-05:00 DEBUG 4002 --- [hazmat-safety-system] [io-8080-exec-10] o.s.security.web.FilterChainProxy        : Securing GET /dashboard/pending-plans
<==    Columns: total
<==      Total: 0
<==        Row: 5
<==      Total: 1
Closing non transactional SqlSession [org.apache.ibatis.session.defaults.DefaultSqlSession@6e39a425]
Closing non transactional SqlSession [org.apache.ibatis.session.defaults.DefaultSqlSession@20cc2916]
Creating a new SqlSession
SqlSession [org.apache.ibatis.session.defaults.DefaultSqlSession@66ad7112] was not registered for synchronization because synchronization is not active
JDBC Connection [HikariProxyConnection@669540424 wrapping com.mysql.cj.jdbc.ConnectionImpl@249c4e26] will not be managed by Spring
==>  Preparing: SELECT COUNT( * ) AS total FROM check_plan
==> Parameters: 
2026-01-05T04:17:38.157-05:00 DEBUG 4002 --- [hazmat-safety-system] [nio-8080-exec-3] o.s.security.web.FilterChainProxy        : Securing GET /dashboard/announcements
<==    Columns: total
<==        Row: 0
<==      Total: 1
Closing non transactional SqlSession [org.apache.ibatis.session.defaults.DefaultSqlSession@66ad7112]
Creating a new SqlSession
SqlSession [org.apache.ibatis.session.defaults.DefaultSqlSession@2925ee24] was not registered for synchronization because synchronization is not active
JDBC Connection [HikariProxyConnection@604848115 wrapping com.mysql.cj.jdbc.ConnectionImpl@249c4e26] will not be managed by Spring
==>  Preparing: SELECT COUNT( * ) AS total FROM check_record
==> Parameters: 
<==    Columns: total
<==        Row: 0
<==      Total: 1
Closing non transactional SqlSession [org.apache.ibatis.session.defaults.DefaultSqlSession@2925ee24]
Creating a new SqlSession
SqlSession [org.apache.ibatis.session.defaults.DefaultSqlSession@642490ce] was not registered for synchronization because synchronization is not active
2026-01-05T04:17:38.158-05:00 DEBUG 4002 --- [hazmat-safety-system] [nio-8080-exec-3] o.s.security.web.FilterChainProxy        : Secured GET /dashboard/announcements
JDBC Connection [HikariProxyConnection@1660290720 wrapping com.mysql.cj.jdbc.ConnectionImpl@249c4e26] will not be managed by Spring
==>  Preparing: SELECT COUNT( * ) AS total FROM hazard_report
==> Parameters: 
Creating a new SqlSession
SqlSession [org.apache.ibatis.session.defaults.DefaultSqlSession@58fed658] was not registered for synchronization because synchronization is not active
2026-01-05T04:17:38.159-05:00 DEBUG 4002 --- [hazmat-safety-system] [io-8080-exec-10] o.s.security.web.FilterChainProxy        : Secured GET /dashboard/pending-plans
<==    Columns: total
<==        Row: 0
Creating a new SqlSession
<==      Total: 1
SqlSession [org.apache.ibatis.session.defaults.DefaultSqlSession@57aa9111] was not registered for synchronization because synchronization is not active
Closing non transactional SqlSession [org.apache.ibatis.session.defaults.DefaultSqlSession@642490ce]
Creating a new SqlSession
JDBC Connection [HikariProxyConnection@1004288254 wrapping com.mysql.cj.jdbc.ConnectionImpl@7ac22c1e] will not be managed by Spring
SqlSession [org.apache.ibatis.session.defaults.DefaultSqlSession@709d7078] was not registered for synchronization because synchronization is not active
==>  Preparing: SELECT id,title,content,type,priority,status,publish_time,create_by,create_time,update_time FROM announcement WHERE (status = ?) ORDER BY priority DESC,publish_time DESC LIMIT 5
==> Parameters: 1(Integer)
JDBC Connection [HikariProxyConnection@860486611 wrapping com.mysql.cj.jdbc.ConnectionImpl@249c4e26] will not be managed by Spring
==>  Preparing: SELECT id,title,description,check_type,plan_date,department,status,create_by,create_time,update_time FROM check_plan WHERE (status IN (?,?)) ORDER BY plan_date ASC
JDBC Connection [HikariProxyConnection@813644869 wrapping com.mysql.cj.jdbc.ConnectionImpl@248d3a] will not be managed by Spring
==>  Preparing: SELECT COUNT( * ) AS total FROM hazard_report WHERE (status = ?)
==> Parameters: 0(Integer), 1(Integer)
==> Parameters: 0(Integer)
<==    Columns: id, title, content, type, priority, status, publish_time, create_by, create_time, update_time
<==      Total: 0
<==        Row: 1, 企业危化品安全管理系统上线通知, <<BLOB>>, 通知, 1, 1, 2026-01-05 08:59:13, null, 2026-01-05 08:59:13, 2026-01-05 08:59:13
Closing non transactional SqlSession [org.apache.ibatis.session.defaults.DefaultSqlSession@57aa9111]
<==    Columns: total
<==        Row: 0
<==      Total: 1
Closing non transactional SqlSession [org.apache.ibatis.session.defaults.DefaultSqlSession@709d7078]
Creating a new SqlSession
SqlSession [org.apache.ibatis.session.defaults.DefaultSqlSession@73f5804] was not registered for synchronization because synchronization is not active
<==        Row: 2, 系统简介, <<BLOB>>, 系统简介, 0, 1, 2026-01-05 08:59:13, null, 2026-01-05 08:59:13, 2026-01-05 08:59:13
<==      Total: 2
Closing non transactional SqlSession [org.apache.ibatis.session.defaults.DefaultSqlSession@58fed658]
JDBC Connection [HikariProxyConnection@482014763 wrapping com.mysql.cj.jdbc.ConnectionImpl@248d3a] will not be managed by Spring
==>  Preparing: SELECT COUNT( * ) AS total FROM safety_knowledge WHERE (status = ?)
==> Parameters: 1(Integer)
2026-01-05T04:17:38.162-05:00 DEBUG 4002 --- [hazmat-safety-system] [nio-8080-exec-2] o.s.security.web.FilterChainProxy        : Securing GET /dashboard/hot-knowledge
<==    Columns: total
<==        Row: 3
<==      Total: 1
Closing non transactional SqlSession [org.apache.ibatis.session.defaults.DefaultSqlSession@73f5804]
Creating a new SqlSession
SqlSession [org.apache.ibatis.session.defaults.DefaultSqlSession@40eae823] was not registered for synchronization because synchronization is not active
JDBC Connection [HikariProxyConnection@1038640962 wrapping com.mysql.cj.jdbc.ConnectionImpl@248d3a] will not be managed by Spring
==>  Preparing: SELECT COUNT( * ) AS total FROM announcement WHERE (status = ?)
==> Parameters: 1(Integer)
2026-01-05T04:17:38.163-05:00 DEBUG 4002 --- [hazmat-safety-system] [nio-8080-exec-2] o.s.security.web.FilterChainProxy        : Secured GET /dashboard/hot-knowledge
<==    Columns: total
<==        Row: 2
<==      Total: 1
Creating a new SqlSession
SqlSession [org.apache.ibatis.session.defaults.DefaultSqlSession@6fbb803c] was not registered for synchronization because synchronization is not active
Closing non transactional SqlSession [org.apache.ibatis.session.defaults.DefaultSqlSession@40eae823]
JDBC Connection [HikariProxyConnection@1591474934 wrapping com.mysql.cj.jdbc.ConnectionImpl@7ac22c1e] will not be managed by Spring
==>  Preparing: SELECT id,title,content,category,cover_image,view_count,status,create_by,create_time,update_time FROM safety_knowledge WHERE (status = ?) ORDER BY view_count DESC LIMIT 5
==> Parameters: 1(Integer)
<==    Columns: id, title, content, category, cover_image, view_count, status, create_by, create_time, update_time
<==        Row: 3, 个人防护装备使用指南, <<BLOB>>, 安全知识, null, 1, 1, null, 2026-01-05 08:59:13, 2026-01-05 08:59:13
<==        Row: 1, 危险化学品安全操作规程, <<BLOB>>, 操作规程, null, 0, 1, null, 2026-01-05 08:59:13, 2026-01-05 08:59:13
<==        Row: 2, 化学品泄漏应急处置预案, <<BLOB>>, 应急预案, null, 0, 1, null, 2026-01-05 08:59:13, 2026-01-05 08:59:13
<==      Total: 3
Closing non transactional SqlSession [org.apache.ibatis.session.defaults.DefaultSqlSession@6fbb803c]
2026-01-05T04:17:41.657-05:00 DEBUG 4002 --- [hazmat-safety-system] [nio-8080-exec-6] o.s.security.web.FilterChainProxy        : Securing GET /dashboard/hot-knowledge
2026-01-05T04:17:41.658-05:00 DEBUG 4002 --- [hazmat-safety-system] [nio-8080-exec-8] o.s.security.web.FilterChainProxy        : Securing GET /dashboard/stats
2026-01-05T04:17:41.658-05:00 DEBUG 4002 --- [hazmat-safety-system] [nio-8080-exec-4] o.s.security.web.FilterChainProxy        : Securing GET /dashboard/announcements
2026-01-05T04:17:41.659-05:00 DEBUG 4002 --- [hazmat-safety-system] [nio-8080-exec-1] o.s.security.web.FilterChainProxy        : Securing GET /dashboard/pending-plans
2026-01-05T04:17:41.660-05:00 DEBUG 4002 --- [hazmat-safety-system] [nio-8080-exec-8] o.s.security.web.FilterChainProxy        : Secured GET /dashboard/stats
2026-01-05T04:17:41.660-05:00 DEBUG 4002 --- [hazmat-safety-system] [nio-8080-exec-6] o.s.security.web.FilterChainProxy        : Secured GET /dashboard/hot-knowledge
2026-01-05T04:17:41.660-05:00 DEBUG 4002 --- [hazmat-safety-system] [nio-8080-exec-4] o.s.security.web.FilterChainProxy        : Secured GET /dashboard/announcements
Creating a new SqlSession
SqlSession [org.apache.ibatis.session.defaults.DefaultSqlSession@57f3ba99] was not registered for synchronization because synchronization is not active
Creating a new SqlSession
Creating a new SqlSession
SqlSession [org.apache.ibatis.session.defaults.DefaultSqlSession@1534bdf0] was not registered for synchronization because synchronization is not active
SqlSession [org.apache.ibatis.session.defaults.DefaultSqlSession@12f61318] was not registered for synchronization because synchronization is not active
JDBC Connection [HikariProxyConnection@1998977362 wrapping com.mysql.cj.jdbc.ConnectionImpl@249c4e26] will not be managed by Spring
==>  Preparing: SELECT COUNT( * ) AS total FROM hazmat_info WHERE (status = ?)
2026-01-05T04:17:41.661-05:00 DEBUG 4002 --- [hazmat-safety-system] [nio-8080-exec-7] o.s.security.web.FilterChainProxy        : Securing GET /dashboard/pending-hazards
JDBC Connection [HikariProxyConnection@20762879 wrapping com.mysql.cj.jdbc.ConnectionImpl@25842790] will not be managed by Spring
==>  Preparing: SELECT id,title,content,type,priority,status,publish_time,create_by,create_time,update_time FROM announcement WHERE (status = ?) ORDER BY priority DESC,publish_time DESC LIMIT 5
2026-01-05T04:17:41.662-05:00 DEBUG 4002 --- [hazmat-safety-system] [nio-8080-exec-1] o.s.security.web.FilterChainProxy        : Secured GET /dashboard/pending-plans
==> Parameters: 1(Integer)
==> Parameters: 1(Integer)
Creating a new SqlSession
SqlSession [org.apache.ibatis.session.defaults.DefaultSqlSession@464ef695] was not registered for synchronization because synchronization is not active
JDBC Connection [HikariProxyConnection@1362244424 wrapping com.mysql.cj.jdbc.ConnectionImpl@248d3a] will not be managed by Spring
==>  Preparing: SELECT id,title,description,check_type,plan_date,department,status,create_by,create_time,update_time FROM check_plan WHERE (status IN (?,?)) ORDER BY plan_date ASC
<==    Columns: id, title, content, type, priority, status, publish_time, create_by, create_time, update_time
<==    Columns: total
<==        Row: 5
==> Parameters: 0(Integer), 1(Integer)
<==      Total: 1
<==        Row: 1, 企业危化品安全管理系统上线通知, <<BLOB>>, 通知, 1, 1, 2026-01-05 08:59:13, null, 2026-01-05 08:59:13, 2026-01-05 08:59:13
2026-01-05T04:17:41.663-05:00 DEBUG 4002 --- [hazmat-safety-system] [nio-8080-exec-7] o.s.security.web.FilterChainProxy        : Secured GET /dashboard/pending-hazards
Closing non transactional SqlSession [org.apache.ibatis.session.defaults.DefaultSqlSession@57f3ba99]
Creating a new SqlSession
Creating a new SqlSession
SqlSession [org.apache.ibatis.session.defaults.DefaultSqlSession@13f0810f] was not registered for synchronization because synchronization is not active
SqlSession [org.apache.ibatis.session.defaults.DefaultSqlSession@36291b2d] was not registered for synchronization because synchronization is not active
JDBC Connection [HikariProxyConnection@2084849667 wrapping com.mysql.cj.jdbc.ConnectionImpl@249c4e26] will not be managed by Spring
==>  Preparing: SELECT COUNT( * ) AS total FROM check_plan
<==        Row: 2, 系统简介, <<BLOB>>, 系统简介, 0, 1, 2026-01-05 08:59:13, null, 2026-01-05 08:59:13, 2026-01-05 08:59:13
==> Parameters: 
<==      Total: 2
JDBC Connection [HikariProxyConnection@1318410635 wrapping com.mysql.cj.jdbc.ConnectionImpl@1d3cf87a] will not be managed by Spring
Closing non transactional SqlSession [org.apache.ibatis.session.defaults.DefaultSqlSession@12f61318]
==>  Preparing: SELECT id,title,description,location,hazard_level,hazard_type,images,reporter_id,reporter_name,report_time,status,handler_id,handler_name,handle_time,handle_result,create_time,update_time FROM hazard_report WHERE (status IN (?,?)) ORDER BY report_time DESC
JDBC Connection [HikariProxyConnection@1601159567 wrapping com.mysql.cj.jdbc.ConnectionImpl@7ac22c1e] will not be managed by Spring
==>  Preparing: SELECT id,title,content,category,cover_image,view_count,status,create_by,create_time,update_time FROM safety_knowledge WHERE (status = ?) ORDER BY view_count DESC LIMIT 5
==> Parameters: 0(Integer), 1(Integer)
==> Parameters: 1(Integer)
<==    Columns: total
<==        Row: 0
<==      Total: 1
Closing non transactional SqlSession [org.apache.ibatis.session.defaults.DefaultSqlSession@36291b2d]
Creating a new SqlSession
SqlSession [org.apache.ibatis.session.defaults.DefaultSqlSession@7ac3010d] was not registered for synchronization because synchronization is not active
<==      Total: 0
JDBC Connection [HikariProxyConnection@72191243 wrapping com.mysql.cj.jdbc.ConnectionImpl@249c4e26] will not be managed by Spring
<==    Columns: id, title, content, category, cover_image, view_count, status, create_by, create_time, update_time
Closing non transactional SqlSession [org.apache.ibatis.session.defaults.DefaultSqlSession@13f0810f]
<==        Row: 3, 个人防护装备使用指南, <<BLOB>>, 安全知识, null, 1, 1, null, 2026-01-05 08:59:13, 2026-01-05 08:59:13
<==      Total: 0
Closing non transactional SqlSession [org.apache.ibatis.session.defaults.DefaultSqlSession@464ef695]
<==        Row: 1, 危险化学品安全操作规程, <<BLOB>>, 操作规程, null, 0, 1, null, 2026-01-05 08:59:13, 2026-01-05 08:59:13
<==        Row: 2, 化学品泄漏应急处置预案, <<BLOB>>, 应急预案, null, 0, 1, null, 2026-01-05 08:59:13, 2026-01-05 08:59:13
<==      Total: 3
Closing non transactional SqlSession [org.apache.ibatis.session.defaults.DefaultSqlSession@1534bdf0]
==>  Preparing: SELECT COUNT( * ) AS total FROM check_record
==> Parameters: 
<==    Columns: total
<==        Row: 0
<==      Total: 1
Closing non transactional SqlSession [org.apache.ibatis.session.defaults.DefaultSqlSession@7ac3010d]
Creating a new SqlSession
SqlSession [org.apache.ibatis.session.defaults.DefaultSqlSession@6053ed62] was not registered for synchronization because synchronization is not active
JDBC Connection [HikariProxyConnection@49955596 wrapping com.mysql.cj.jdbc.ConnectionImpl@249c4e26] will not be managed by Spring
==>  Preparing: SELECT COUNT( * ) AS total FROM hazard_report
==> Parameters: 
<==    Columns: total
<==        Row: 0
<==      Total: 1
Closing non transactional SqlSession [org.apache.ibatis.session.defaults.DefaultSqlSession@6053ed62]
Creating a new SqlSession
SqlSession [org.apache.ibatis.session.defaults.DefaultSqlSession@e8a365b] was not registered for synchronization because synchronization is not active
JDBC Connection [HikariProxyConnection@1900929557 wrapping com.mysql.cj.jdbc.ConnectionImpl@249c4e26] will not be managed by Spring
==>  Preparing: SELECT COUNT( * ) AS total FROM hazard_report WHERE (status = ?)
==> Parameters: 0(Integer)
<==    Columns: total
<==        Row: 0
<==      Total: 1
Closing non transactional SqlSession [org.apache.ibatis.session.defaults.DefaultSqlSession@e8a365b]
Creating a new SqlSession
SqlSession [org.apache.ibatis.session.defaults.DefaultSqlSession@7683c96a] was not registered for synchronization because synchronization is not active
JDBC Connection [HikariProxyConnection@694423823 wrapping com.mysql.cj.jdbc.ConnectionImpl@249c4e26] will not be managed by Spring
==>  Preparing: SELECT COUNT( * ) AS total FROM safety_knowledge WHERE (status = ?)
==> Parameters: 1(Integer)
<==    Columns: total
<==        Row: 3
<==      Total: 1
Closing non transactional SqlSession [org.apache.ibatis.session.defaults.DefaultSqlSession@7683c96a]
Creating a new SqlSession
SqlSession [org.apache.ibatis.session.defaults.DefaultSqlSession@6f68a73e] was not registered for synchronization because synchronization is not active
JDBC Connection [HikariProxyConnection@130607904 wrapping com.mysql.cj.jdbc.ConnectionImpl@249c4e26] will not be managed by Spring
==>  Preparing: SELECT COUNT( * ) AS total FROM announcement WHERE (status = ?)
==> Parameters: 1(Integer)
<==    Columns: total
<==        Row: 2
<==      Total: 1
Closing non transactional SqlSession [org.apache.ibatis.session.defaults.DefaultSqlSession@6f68a73e]
2026-01-05T04:17:43.154-05:00 DEBUG 4002 --- [hazmat-safety-system] [nio-8080-exec-5] o.s.security.web.FilterChainProxy        : Securing GET /knowledge/published?pageNum=1&pageSize=9&title=&category=
2026-01-05T04:17:43.158-05:00 DEBUG 4002 --- [hazmat-safety-system] [nio-8080-exec-5] o.s.security.web.FilterChainProxy        : Secured GET /knowledge/published?pageNum=1&pageSize=9&title=&category=
Creating a new SqlSession
SqlSession [org.apache.ibatis.session.defaults.DefaultSqlSession@654cd762] was not registered for synchronization because synchronization is not active
JDBC Connection [HikariProxyConnection@1017815839 wrapping com.mysql.cj.jdbc.ConnectionImpl@248d3a] will not be managed by Spring
==>  Preparing: SELECT COUNT(*) AS total FROM safety_knowledge WHERE (status = ?)
==> Parameters: 1(Integer)
<==    Columns: total
<==        Row: 3
<==      Total: 1
==>  Preparing: SELECT id,title,content,category,cover_image,view_count,status,create_by,create_time,update_time FROM safety_knowledge WHERE (status = ?) ORDER BY create_time DESC LIMIT ?
==> Parameters: 1(Integer), 9(Long)
<==    Columns: id, title, content, category, cover_image, view_count, status, create_by, create_time, update_time
<==        Row: 1, 危险化学品安全操作规程, <<BLOB>>, 操作规程, null, 0, 1, null, 2026-01-05 08:59:13, 2026-01-05 08:59:13
<==        Row: 2, 化学品泄漏应急处置预案, <<BLOB>>, 应急预案, null, 0, 1, null, 2026-01-05 08:59:13, 2026-01-05 08:59:13
<==        Row: 3, 个人防护装备使用指南, <<BLOB>>, 安全知识, null, 1, 1, null, 2026-01-05 08:59:13, 2026-01-05 08:59:13
<==      Total: 3
Closing non transactional SqlSession [org.apache.ibatis.session.defaults.DefaultSqlSession@654cd762]
2026-01-05T04:17:46.013-05:00 DEBUG 4002 --- [hazmat-safety-system] [io-8080-exec-10] o.s.security.web.FilterChainProxy        : Securing GET /knowledge/1
2026-01-05T04:17:46.016-05:00 DEBUG 4002 --- [hazmat-safety-system] [io-8080-exec-10] o.s.security.web.FilterChainProxy        : Secured GET /knowledge/1
Creating a new SqlSession
SqlSession [org.apache.ibatis.session.defaults.DefaultSqlSession@25e7bf8c] was not registered for synchronization because synchronization is not active
JDBC Connection [HikariProxyConnection@642158648 wrapping com.mysql.cj.jdbc.ConnectionImpl@249c4e26] will not be managed by Spring
==>  Preparing: SELECT id,title,content,category,cover_image,view_count,status,create_by,create_time,update_time FROM safety_knowledge WHERE id=?
==> Parameters: 1(Long)
<==    Columns: id, title, content, category, cover_image, view_count, status, create_by, create_time, update_time
<==        Row: 1, 危险化学品安全操作规程, <<BLOB>>, 操作规程, null, 0, 1, null, 2026-01-05 08:59:13, 2026-01-05 08:59:13
<==      Total: 1
Closing non transactional SqlSession [org.apache.ibatis.session.defaults.DefaultSqlSession@25e7bf8c]
Creating a new SqlSession
SqlSession [org.apache.ibatis.session.defaults.DefaultSqlSession@edfd6bd] was not registered for synchronization because synchronization is not active
JDBC Connection [HikariProxyConnection@375128885 wrapping com.mysql.cj.jdbc.ConnectionImpl@249c4e26] will not be managed by Spring
==>  Preparing: UPDATE safety_knowledge SET title=?, content=?, category=?, view_count=?, status=?, create_time=?, update_time=? WHERE id=?
==> Parameters: 危险化学品安全操作规程(String), 一、总则
1. 本规程适用于公司所有涉及危险化学品操作的岗位。
2. 所有操作人员必须经过专业培训并取得相应资质后方可上岗。

二、操作前准备
1. 检查个人防护装备是否齐全、完好。
2. 检查操作区域通风设施是否正常运行。
3. 确认应急设施（洗眼器、淋浴器等）处于正常状态。

三、操作要求
1. 严格按照操作规程进行操作，不得擅自更改操作步骤。
2. 操作过程中应保持注意力集中，不得从事与工作无关的活动。
3. 发现异常情况应立即停止操作并报告。(String), 操作规程(String), 1(Integer), 1(Integer), 2026-01-05T08:59:13(LocalDateTime), 2026-01-05T08:59:13(LocalDateTime), 1(Long)
<==    Updates: 1
Closing non transactional SqlSession [org.apache.ibatis.session.defaults.DefaultSqlSession@edfd6bd]
2026-01-05T04:17:48.662-05:00 DEBUG 4002 --- [hazmat-safety-system] [nio-8080-exec-3] o.s.security.web.FilterChainProxy        : Securing GET /dashboard/pending-hazards
2026-01-05T04:17:48.662-05:00 DEBUG 4002 --- [hazmat-safety-system] [nio-8080-exec-2] o.s.security.web.FilterChainProxy        : Securing GET /dashboard/announcements
2026-01-05T04:17:48.662-05:00 DEBUG 4002 --- [hazmat-safety-system] [nio-8080-exec-4] o.s.security.web.FilterChainProxy        : Securing GET /dashboard/hot-knowledge
2026-01-05T04:17:48.662-05:00 DEBUG 4002 --- [hazmat-safety-system] [nio-8080-exec-9] o.s.security.web.FilterChainProxy        : Securing GET /dashboard/pending-plans
2026-01-05T04:17:48.662-05:00 DEBUG 4002 --- [hazmat-safety-system] [nio-8080-exec-7] o.s.security.web.FilterChainProxy        : Securing GET /dashboard/stats
2026-01-05T04:17:48.665-05:00 DEBUG 4002 --- [hazmat-safety-system] [nio-8080-exec-7] o.s.security.web.FilterChainProxy        : Secured GET /dashboard/stats
2026-01-05T04:17:48.665-05:00 DEBUG 4002 --- [hazmat-safety-system] [nio-8080-exec-4] o.s.security.web.FilterChainProxy        : Secured GET /dashboard/hot-knowledge
2026-01-05T04:17:48.665-05:00 DEBUG 4002 --- [hazmat-safety-system] [nio-8080-exec-3] o.s.security.web.FilterChainProxy        : Secured GET /dashboard/pending-hazards
2026-01-05T04:17:48.665-05:00 DEBUG 4002 --- [hazmat-safety-system] [nio-8080-exec-2] o.s.security.web.FilterChainProxy        : Secured GET /dashboard/announcements
Creating a new SqlSession
Creating a new SqlSession
SqlSession [org.apache.ibatis.session.defaults.DefaultSqlSession@31fd217] was not registered for synchronization because synchronization is not active
Creating a new SqlSession
SqlSession [org.apache.ibatis.session.defaults.DefaultSqlSession@43e1a232] was not registered for synchronization because synchronization is not active
SqlSession [org.apache.ibatis.session.defaults.DefaultSqlSession@4e3ddfc9] was not registered for synchronization because synchronization is not active
Creating a new SqlSession
2026-01-05T04:17:48.665-05:00 DEBUG 4002 --- [hazmat-safety-system] [nio-8080-exec-9] o.s.security.web.FilterChainProxy        : Secured GET /dashboard/pending-plans
SqlSession [org.apache.ibatis.session.defaults.DefaultSqlSession@cfd5a6d] was not registered for synchronization because synchronization is not active
Creating a new SqlSession
SqlSession [org.apache.ibatis.session.defaults.DefaultSqlSession@50074646] was not registered for synchronization because synchronization is not active
JDBC Connection [HikariProxyConnection@2108955730 wrapping com.mysql.cj.jdbc.ConnectionImpl@7ac22c1e] will not be managed by Spring
JDBC Connection [HikariProxyConnection@351327106 wrapping com.mysql.cj.jdbc.ConnectionImpl@1d3cf87a] will not be managed by Spring
==>  Preparing: SELECT id,title,content,type,priority,status,publish_time,create_by,create_time,update_time FROM announcement WHERE (status = ?) ORDER BY priority DESC,publish_time DESC LIMIT 5
==>  Preparing: SELECT COUNT( * ) AS total FROM hazmat_info WHERE (status = ?)
JDBC Connection [HikariProxyConnection@1203439509 wrapping com.mysql.cj.jdbc.ConnectionImpl@248d3a] will not be managed by Spring
==> Parameters: 1(Integer)
==>  Preparing: SELECT id,title,description,check_type,plan_date,department,status,create_by,create_time,update_time FROM check_plan WHERE (status IN (?,?)) ORDER BY plan_date ASC
JDBC Connection [HikariProxyConnection@580846012 wrapping com.mysql.cj.jdbc.ConnectionImpl@249c4e26] will not be managed by Spring
==>  Preparing: SELECT id,title,description,location,hazard_level,hazard_type,images,reporter_id,reporter_name,report_time,status,handler_id,handler_name,handle_time,handle_result,create_time,update_time FROM hazard_report WHERE (status IN (?,?)) ORDER BY report_time DESC
==> Parameters: 1(Integer)
==> Parameters: 0(Integer), 1(Integer)
JDBC Connection [HikariProxyConnection@1630340997 wrapping com.mysql.cj.jdbc.ConnectionImpl@25842790] will not be managed by Spring
==> Parameters: 0(Integer), 1(Integer)
==>  Preparing: SELECT id,title,content,category,cover_image,view_count,status,create_by,create_time,update_time FROM safety_knowledge WHERE (status = ?) ORDER BY view_count DESC LIMIT 5
==> Parameters: 1(Integer)
<==    Columns: total
<==      Total: 0
<==        Row: 5
<==    Columns: id, title, content, category, cover_image, view_count, status, create_by, create_time, update_time
<==      Total: 1
<==      Total: 0
Closing non transactional SqlSession [org.apache.ibatis.session.defaults.DefaultSqlSession@31fd217]
<==    Columns: id, title, content, type, priority, status, publish_time, create_by, create_time, update_time
<==        Row: 1, 危险化学品安全操作规程, <<BLOB>>, 操作规程, null, 1, 1, null, 2026-01-05 08:59:13, 2026-01-05 08:59:13
Creating a new SqlSession
Closing non transactional SqlSession [org.apache.ibatis.session.defaults.DefaultSqlSession@50074646]
Closing non transactional SqlSession [org.apache.ibatis.session.defaults.DefaultSqlSession@cfd5a6d]
<==        Row: 1, 企业危化品安全管理系统上线通知, <<BLOB>>, 通知, 1, 1, 2026-01-05 08:59:13, null, 2026-01-05 08:59:13, 2026-01-05 08:59:13
<==        Row: 3, 个人防护装备使用指南, <<BLOB>>, 安全知识, null, 1, 1, null, 2026-01-05 08:59:13, 2026-01-05 08:59:13
<==        Row: 2, 化学品泄漏应急处置预案, <<BLOB>>, 应急预案, null, 0, 1, null, 2026-01-05 08:59:13, 2026-01-05 08:59:13
SqlSession [org.apache.ibatis.session.defaults.DefaultSqlSession@420c58fd] was not registered for synchronization because synchronization is not active
<==      Total: 3
JDBC Connection [HikariProxyConnection@1065264577 wrapping com.mysql.cj.jdbc.ConnectionImpl@1d3cf87a] will not be managed by Spring
==>  Preparing: SELECT COUNT( * ) AS total FROM check_plan
Closing non transactional SqlSession [org.apache.ibatis.session.defaults.DefaultSqlSession@43e1a232]
==> Parameters: 
<==        Row: 2, 系统简介, <<BLOB>>, 系统简介, 0, 1, 2026-01-05 08:59:13, null, 2026-01-05 08:59:13, 2026-01-05 08:59:13
<==      Total: 2
Closing non transactional SqlSession [org.apache.ibatis.session.defaults.DefaultSqlSession@4e3ddfc9]
<==    Columns: total
<==        Row: 0
<==      Total: 1
Closing non transactional SqlSession [org.apache.ibatis.session.defaults.DefaultSqlSession@420c58fd]
Creating a new SqlSession
SqlSession [org.apache.ibatis.session.defaults.DefaultSqlSession@311da070] was not registered for synchronization because synchronization is not active
JDBC Connection [HikariProxyConnection@292998430 wrapping com.mysql.cj.jdbc.ConnectionImpl@1d3cf87a] will not be managed by Spring
==>  Preparing: SELECT COUNT( * ) AS total FROM check_record
==> Parameters: 
<==    Columns: total
<==        Row: 0
<==      Total: 1
Closing non transactional SqlSession [org.apache.ibatis.session.defaults.DefaultSqlSession@311da070]
Creating a new SqlSession
SqlSession [org.apache.ibatis.session.defaults.DefaultSqlSession@76aab73b] was not registered for synchronization because synchronization is not active
JDBC Connection [HikariProxyConnection@719882174 wrapping com.mysql.cj.jdbc.ConnectionImpl@1d3cf87a] will not be managed by Spring
==>  Preparing: SELECT COUNT( * ) AS total FROM hazard_report
==> Parameters: 
<==    Columns: total
<==        Row: 0
<==      Total: 1
Closing non transactional SqlSession [org.apache.ibatis.session.defaults.DefaultSqlSession@76aab73b]
Creating a new SqlSession
SqlSession [org.apache.ibatis.session.defaults.DefaultSqlSession@37951ce4] was not registered for synchronization because synchronization is not active
JDBC Connection [HikariProxyConnection@346383938 wrapping com.mysql.cj.jdbc.ConnectionImpl@1d3cf87a] will not be managed by Spring
==>  Preparing: SELECT COUNT( * ) AS total FROM hazard_report WHERE (status = ?)
==> Parameters: 0(Integer)
<==    Columns: total
<==        Row: 0
<==      Total: 1
Closing non transactional SqlSession [org.apache.ibatis.session.defaults.DefaultSqlSession@37951ce4]
Creating a new SqlSession
SqlSession [org.apache.ibatis.session.defaults.DefaultSqlSession@7a41373d] was not registered for synchronization because synchronization is not active
JDBC Connection [HikariProxyConnection@1705801389 wrapping com.mysql.cj.jdbc.ConnectionImpl@1d3cf87a] will not be managed by Spring
==>  Preparing: SELECT COUNT( * ) AS total FROM safety_knowledge WHERE (status = ?)
==> Parameters: 1(Integer)
<==    Columns: total
<==        Row: 3
<==      Total: 1
Closing non transactional SqlSession [org.apache.ibatis.session.defaults.DefaultSqlSession@7a41373d]
Creating a new SqlSession
SqlSession [org.apache.ibatis.session.defaults.DefaultSqlSession@56a6804d] was not registered for synchronization because synchronization is not active
JDBC Connection [HikariProxyConnection@623750523 wrapping com.mysql.cj.jdbc.ConnectionImpl@1d3cf87a] will not be managed by Spring
==>  Preparing: SELECT COUNT( * ) AS total FROM announcement WHERE (status = ?)
==> Parameters: 1(Integer)
<==    Columns: total
<==        Row: 2
<==      Total: 1
Closing non transactional SqlSession [org.apache.ibatis.session.defaults.DefaultSqlSession@56a6804d]
2026-01-05T04:17:50.815-05:00 DEBUG 4002 --- [hazmat-safety-system] [nio-8080-exec-1] o.s.security.web.FilterChainProxy        : Securing GET /knowledge/published?pageNum=1&pageSize=9&title=&category=
2026-01-05T04:17:50.818-05:00 DEBUG 4002 --- [hazmat-safety-system] [nio-8080-exec-1] o.s.security.web.FilterChainProxy        : Secured GET /knowledge/published?pageNum=1&pageSize=9&title=&category=
Creating a new SqlSession
SqlSession [org.apache.ibatis.session.defaults.DefaultSqlSession@397ba167] was not registered for synchronization because synchronization is not active
JDBC Connection [HikariProxyConnection@1213782190 wrapping com.mysql.cj.jdbc.ConnectionImpl@248d3a] will not be managed by Spring
==>  Preparing: SELECT COUNT(*) AS total FROM safety_knowledge WHERE (status = ?)
==> Parameters: 1(Integer)
<==    Columns: total
<==        Row: 3
<==      Total: 1
==>  Preparing: SELECT id,title,content,category,cover_image,view_count,status,create_by,create_time,update_time FROM safety_knowledge WHERE (status = ?) ORDER BY create_time DESC LIMIT ?
==> Parameters: 1(Integer), 9(Long)
<==    Columns: id, title, content, category, cover_image, view_count, status, create_by, create_time, update_time
<==        Row: 1, 危险化学品安全操作规程, <<BLOB>>, 操作规程, null, 1, 1, null, 2026-01-05 08:59:13, 2026-01-05 08:59:13
<==        Row: 2, 化学品泄漏应急处置预案, <<BLOB>>, 应急预案, null, 0, 1, null, 2026-01-05 08:59:13, 2026-01-05 08:59:13
<==        Row: 3, 个人防护装备使用指南, <<BLOB>>, 安全知识, null, 1, 1, null, 2026-01-05 08:59:13, 2026-01-05 08:59:13
<==      Total: 3
Closing non transactional SqlSession [org.apache.ibatis.session.defaults.DefaultSqlSession@397ba167]
2026-01-05T04:17:54.135-05:00 DEBUG 4002 --- [hazmat-safety-system] [nio-8080-exec-6] o.s.security.web.FilterChainProxy        : Securing GET /dashboard/stats
2026-01-05T04:17:54.135-05:00 DEBUG 4002 --- [hazmat-safety-system] [nio-8080-exec-8] o.s.security.web.FilterChainProxy        : Securing GET /dashboard/announcements
2026-01-05T04:17:54.136-05:00 DEBUG 4002 --- [hazmat-safety-system] [nio-8080-exec-5] o.s.security.web.FilterChainProxy        : Securing GET /dashboard/pending-hazards
2026-01-05T04:17:54.136-05:00 DEBUG 4002 --- [hazmat-safety-system] [io-8080-exec-10] o.s.security.web.FilterChainProxy        : Securing GET /dashboard/hot-knowledge
2026-01-05T04:17:54.138-05:00 DEBUG 4002 --- [hazmat-safety-system] [nio-8080-exec-9] o.s.security.web.FilterChainProxy        : Securing GET /dashboard/pending-plans
2026-01-05T04:17:54.139-05:00 DEBUG 4002 --- [hazmat-safety-system] [nio-8080-exec-6] o.s.security.web.FilterChainProxy        : Secured GET /dashboard/stats
2026-01-05T04:17:54.139-05:00 DEBUG 4002 --- [hazmat-safety-system] [nio-8080-exec-8] o.s.security.web.FilterChainProxy        : Secured GET /dashboard/announcements
2026-01-05T04:17:54.139-05:00 DEBUG 4002 --- [hazmat-safety-system] [io-8080-exec-10] o.s.security.web.FilterChainProxy        : Secured GET /dashboard/hot-knowledge
Creating a new SqlSession
Creating a new SqlSession
Creating a new SqlSession
SqlSession [org.apache.ibatis.session.defaults.DefaultSqlSession@35175927] was not registered for synchronization because synchronization is not active
SqlSession [org.apache.ibatis.session.defaults.DefaultSqlSession@767274f6] was not registered for synchronization because synchronization is not active
SqlSession [org.apache.ibatis.session.defaults.DefaultSqlSession@19e30e5] was not registered for synchronization because synchronization is not active
2026-01-05T04:17:54.140-05:00 DEBUG 4002 --- [hazmat-safety-system] [nio-8080-exec-5] o.s.security.web.FilterChainProxy        : Secured GET /dashboard/pending-hazards
Creating a new SqlSession
SqlSession [org.apache.ibatis.session.defaults.DefaultSqlSession@7d3e22ad] was not registered for synchronization because synchronization is not active
2026-01-05T04:17:54.140-05:00 DEBUG 4002 --- [hazmat-safety-system] [nio-8080-exec-9] o.s.security.web.FilterChainProxy        : Secured GET /dashboard/pending-plans
Creating a new SqlSession
SqlSession [org.apache.ibatis.session.defaults.DefaultSqlSession@924bb1a] was not registered for synchronization because synchronization is not active
JDBC Connection [HikariProxyConnection@1176083701 wrapping com.mysql.cj.jdbc.ConnectionImpl@7ac22c1e] will not be managed by Spring
JDBC Connection [HikariProxyConnection@350602318 wrapping com.mysql.cj.jdbc.ConnectionImpl@248d3a] will not be managed by Spring
==>  Preparing: SELECT COUNT( * ) AS total FROM hazmat_info WHERE (status = ?)
JDBC Connection [HikariProxyConnection@1158482694 wrapping com.mysql.cj.jdbc.ConnectionImpl@249c4e26] will not be managed by Spring
==>  Preparing: SELECT id,title,description,location,hazard_level,hazard_type,images,reporter_id,reporter_name,report_time,status,handler_id,handler_name,handle_time,handle_result,create_time,update_time FROM hazard_report WHERE (status IN (?,?)) ORDER BY report_time DESC
==>  Preparing: SELECT id,title,content,category,cover_image,view_count,status,create_by,create_time,update_time FROM safety_knowledge WHERE (status = ?) ORDER BY view_count DESC LIMIT 5
JDBC Connection [HikariProxyConnection@728049343 wrapping com.mysql.cj.jdbc.ConnectionImpl@1d3cf87a] will not be managed by Spring
==>  Preparing: SELECT id,title,content,type,priority,status,publish_time,create_by,create_time,update_time FROM announcement WHERE (status = ?) ORDER BY priority DESC,publish_time DESC LIMIT 5
==> Parameters: 1(Integer)
==> Parameters: 0(Integer), 1(Integer)
==> Parameters: 1(Integer)
==> Parameters: 1(Integer)
JDBC Connection [HikariProxyConnection@1677453582 wrapping com.mysql.cj.jdbc.ConnectionImpl@25842790] will not be managed by Spring
==>  Preparing: SELECT id,title,description,check_type,plan_date,department,status,create_by,create_time,update_time FROM check_plan WHERE (status IN (?,?)) ORDER BY plan_date ASC
==> Parameters: 0(Integer), 1(Integer)
<==      Total: 0
<==    Columns: total
<==    Columns: id, title, content, category, cover_image, view_count, status, create_by, create_time, update_time
<==    Columns: id, title, content, type, priority, status, publish_time, create_by, create_time, update_time
Closing non transactional SqlSession [org.apache.ibatis.session.defaults.DefaultSqlSession@7d3e22ad]
<==        Row: 5
<==      Total: 0
<==      Total: 1
Closing non transactional SqlSession [org.apache.ibatis.session.defaults.DefaultSqlSession@767274f6]
Closing non transactional SqlSession [org.apache.ibatis.session.defaults.DefaultSqlSession@924bb1a]
Creating a new SqlSession
<==        Row: 1, 危险化学品安全操作规程, <<BLOB>>, 操作规程, null, 1, 1, null, 2026-01-05 08:59:13, 2026-01-05 08:59:13
SqlSession [org.apache.ibatis.session.defaults.DefaultSqlSession@5fb5551] was not registered for synchronization because synchronization is not active
JDBC Connection [HikariProxyConnection@1623938268 wrapping com.mysql.cj.jdbc.ConnectionImpl@7ac22c1e] will not be managed by Spring
==>  Preparing: SELECT COUNT( * ) AS total FROM check_plan
==> Parameters: 
<==        Row: 3, 个人防护装备使用指南, <<BLOB>>, 安全知识, null, 1, 1, null, 2026-01-05 08:59:13, 2026-01-05 08:59:13
<==        Row: 2, 化学品泄漏应急处置预案, <<BLOB>>, 应急预案, null, 0, 1, null, 2026-01-05 08:59:13, 2026-01-05 08:59:13
<==    Columns: total
<==        Row: 0
<==      Total: 3
<==      Total: 1
Closing non transactional SqlSession [org.apache.ibatis.session.defaults.DefaultSqlSession@5fb5551]
Closing non transactional SqlSession [org.apache.ibatis.session.defaults.DefaultSqlSession@35175927]
Creating a new SqlSession
SqlSession [org.apache.ibatis.session.defaults.DefaultSqlSession@57a9ea1d] was not registered for synchronization because synchronization is not active
JDBC Connection [HikariProxyConnection@145194084 wrapping com.mysql.cj.jdbc.ConnectionImpl@7ac22c1e] will not be managed by Spring
==>  Preparing: SELECT COUNT( * ) AS total FROM check_record
<==        Row: 1, 企业危化品安全管理系统上线通知, <<BLOB>>, 通知, 1, 1, 2026-01-05 08:59:13, null, 2026-01-05 08:59:13, 2026-01-05 08:59:13
<==        Row: 2, 系统简介, <<BLOB>>, 系统简介, 0, 1, 2026-01-05 08:59:13, null, 2026-01-05 08:59:13, 2026-01-05 08:59:13
<==      Total: 2
Closing non transactional SqlSession [org.apache.ibatis.session.defaults.DefaultSqlSession@19e30e5]
==> Parameters: 
<==    Columns: total
<==        Row: 0
<==      Total: 1
Closing non transactional SqlSession [org.apache.ibatis.session.defaults.DefaultSqlSession@57a9ea1d]
Creating a new SqlSession
SqlSession [org.apache.ibatis.session.defaults.DefaultSqlSession@24c9bff0] was not registered for synchronization because synchronization is not active
JDBC Connection [HikariProxyConnection@1017659510 wrapping com.mysql.cj.jdbc.ConnectionImpl@7ac22c1e] will not be managed by Spring
==>  Preparing: SELECT COUNT( * ) AS total FROM hazard_report
==> Parameters: 
<==    Columns: total
<==        Row: 0
<==      Total: 1
Closing non transactional SqlSession [org.apache.ibatis.session.defaults.DefaultSqlSession@24c9bff0]
Creating a new SqlSession
SqlSession [org.apache.ibatis.session.defaults.DefaultSqlSession@38386a5c] was not registered for synchronization because synchronization is not active
JDBC Connection [HikariProxyConnection@1365730452 wrapping com.mysql.cj.jdbc.ConnectionImpl@7ac22c1e] will not be managed by Spring
==>  Preparing: SELECT COUNT( * ) AS total FROM hazard_report WHERE (status = ?)
==> Parameters: 0(Integer)
<==    Columns: total
<==        Row: 0
<==      Total: 1
Closing non transactional SqlSession [org.apache.ibatis.session.defaults.DefaultSqlSession@38386a5c]
Creating a new SqlSession
SqlSession [org.apache.ibatis.session.defaults.DefaultSqlSession@5ae69694] was not registered for synchronization because synchronization is not active
JDBC Connection [HikariProxyConnection@561478942 wrapping com.mysql.cj.jdbc.ConnectionImpl@7ac22c1e] will not be managed by Spring
==>  Preparing: SELECT COUNT( * ) AS total FROM safety_knowledge WHERE (status = ?)
==> Parameters: 1(Integer)
<==    Columns: total
<==        Row: 3
<==      Total: 1
Closing non transactional SqlSession [org.apache.ibatis.session.defaults.DefaultSqlSession@5ae69694]
Creating a new SqlSession
SqlSession [org.apache.ibatis.session.defaults.DefaultSqlSession@75fba9f0] was not registered for synchronization because synchronization is not active
JDBC Connection [HikariProxyConnection@466080749 wrapping com.mysql.cj.jdbc.ConnectionImpl@7ac22c1e] will not be managed by Spring
==>  Preparing: SELECT COUNT( * ) AS total FROM announcement WHERE (status = ?)
==> Parameters: 1(Integer)
<==    Columns: total
<==        Row: 2
<==      Total: 1
Closing non transactional SqlSession [org.apache.ibatis.session.defaults.DefaultSqlSession@75fba9f0]
2026-01-05T04:17:56.999-05:00 DEBUG 4002 --- [hazmat-safety-system] [nio-8080-exec-3] o.s.security.web.FilterChainProxy        : Securing GET /knowledge/list?pageNum=1&pageSize=10&title=&category=
2026-01-05T04:17:57.002-05:00 DEBUG 4002 --- [hazmat-safety-system] [nio-8080-exec-3] o.s.security.web.FilterChainProxy        : Secured GET /knowledge/list?pageNum=1&pageSize=10&title=&category=
Creating a new SqlSession
SqlSession [org.apache.ibatis.session.defaults.DefaultSqlSession@796bfb66] was not registered for synchronization because synchronization is not active
JDBC Connection [HikariProxyConnection@767911349 wrapping com.mysql.cj.jdbc.ConnectionImpl@249c4e26] will not be managed by Spring
==>  Preparing: SELECT COUNT(*) AS total FROM safety_knowledge
==> Parameters: 
<==    Columns: total
<==        Row: 3
<==      Total: 1
==>  Preparing: SELECT id,title,content,category,cover_image,view_count,status,create_by,create_time,update_time FROM safety_knowledge ORDER BY create_time DESC LIMIT ?
==> Parameters: 10(Long)
<==    Columns: id, title, content, category, cover_image, view_count, status, create_by, create_time, update_time
<==        Row: 1, 危险化学品安全操作规程, <<BLOB>>, 操作规程, null, 1, 1, null, 2026-01-05 08:59:13, 2026-01-05 08:59:13
<==        Row: 2, 化学品泄漏应急处置预案, <<BLOB>>, 应急预案, null, 0, 1, null, 2026-01-05 08:59:13, 2026-01-05 08:59:13
<==        Row: 3, 个人防护装备使用指南, <<BLOB>>, 安全知识, null, 1, 1, null, 2026-01-05 08:59:13, 2026-01-05 08:59:13
<==      Total: 3
Closing non transactional SqlSession [org.apache.ibatis.session.defaults.DefaultSqlSession@796bfb66]
2026-01-05T04:18:15.874-05:00 DEBUG 4002 --- [hazmat-safety-system] [nio-8080-exec-4] o.s.security.web.FilterChainProxy        : Securing GET /hazard/list?pageNum=1&pageSize=10&title=&hazardLevel=
2026-01-05T04:18:15.877-05:00 DEBUG 4002 --- [hazmat-safety-system] [nio-8080-exec-4] o.s.security.web.FilterChainProxy        : Secured GET /hazard/list?pageNum=1&pageSize=10&title=&hazardLevel=
Creating a new SqlSession
SqlSession [org.apache.ibatis.session.defaults.DefaultSqlSession@4dee298d] was not registered for synchronization because synchronization is not active
JDBC Connection [HikariProxyConnection@1313735763 wrapping com.mysql.cj.jdbc.ConnectionImpl@25842790] will not be managed by Spring
==>  Preparing: SELECT COUNT(*) AS total FROM hazard_report
==> Parameters: 
<==    Columns: total
<==        Row: 0
<==      Total: 1
Closing non transactional SqlSession [org.apache.ibatis.session.defaults.DefaultSqlSession@4dee298d]
2026-01-05T04:19:46.580-05:00 DEBUG 4002 --- [hazmat-safety-system] [nio-8080-exec-2] o.s.security.web.FilterChainProxy        : Securing GET /hazmat/category/list?pageNum=1&pageSize=10&name=
2026-01-05T04:19:46.582-05:00 DEBUG 4002 --- [hazmat-safety-system] [nio-8080-exec-2] o.s.security.web.FilterChainProxy        : Secured GET /hazmat/category/list?pageNum=1&pageSize=10&name=
Creating a new SqlSession
SqlSession [org.apache.ibatis.session.defaults.DefaultSqlSession@25f856f5] was not registered for synchronization because synchronization is not active
JDBC Connection [HikariProxyConnection@1948840620 wrapping com.mysql.cj.jdbc.ConnectionImpl@7ac22c1e] will not be managed by Spring
==>  Preparing: SELECT COUNT(*) AS total FROM hazmat_category
==> Parameters: 
<==    Columns: total
<==        Row: 8
<==      Total: 1
==>  Preparing: SELECT id,name,code,description,danger_level,parent_id,sort_order,status,create_time,update_time FROM hazmat_category ORDER BY sort_order ASC LIMIT ?
==> Parameters: 10(Long)
<==    Columns: id, name, code, description, danger_level, parent_id, sort_order, status, create_time, update_time
<==        Row: 1, 爆炸品, CAT001, <<BLOB>>, 极高, 0, 1, 1, 2026-01-05 08:59:13, 2026-01-05 08:59:13
<==        Row: 2, 压缩气体和液化气体, CAT002, <<BLOB>>, 高, 0, 2, 1, 2026-01-05 08:59:13, 2026-01-05 08:59:13
<==        Row: 3, 易燃液体, CAT003, <<BLOB>>, 高, 0, 3, 1, 2026-01-05 08:59:13, 2026-01-05 08:59:13
<==        Row: 4, 易燃固体, CAT004, <<BLOB>>, 中, 0, 4, 1, 2026-01-05 08:59:13, 2026-01-05 08:59:13
<==        Row: 5, 氧化剂和有机过氧化物, CAT005, <<BLOB>>, 高, 0, 5, 1, 2026-01-05 08:59:13, 2026-01-05 08:59:13
<==        Row: 6, 毒害品, CAT006, <<BLOB>>, 高, 0, 6, 1, 2026-01-05 08:59:13, 2026-01-05 08:59:13
<==        Row: 7, 腐蚀品, CAT007, <<BLOB>>, 中, 0, 7, 1, 2026-01-05 08:59:13, 2026-01-05 08:59:13
<==        Row: 8, 放射性物品, CAT008, <<BLOB>>, 极高, 0, 8, 1, 2026-01-05 08:59:13, 2026-01-05 08:59:13
<==      Total: 8
Closing non transactional SqlSession [org.apache.ibatis.session.defaults.DefaultSqlSession@25f856f5]
2026-01-05T04:20:43.684-05:00 DEBUG 4002 --- [hazmat-safety-system] [nio-8080-exec-5] o.s.security.web.FilterChainProxy        : Securing GET /dashboard/announcements
2026-01-05T04:20:43.684-05:00 DEBUG 4002 --- [hazmat-safety-system] [nio-8080-exec-1] o.s.security.web.FilterChainProxy        : Securing GET /dashboard/stats
2026-01-05T04:20:43.684-05:00 DEBUG 4002 --- [hazmat-safety-system] [nio-8080-exec-9] o.s.security.web.FilterChainProxy        : Securing GET /dashboard/pending-plans
2026-01-05T04:20:43.684-05:00 DEBUG 4002 --- [hazmat-safety-system] [nio-8080-exec-7] o.s.security.web.FilterChainProxy        : Securing GET /dashboard/hot-knowledge
2026-01-05T04:20:43.685-05:00 DEBUG 4002 --- [hazmat-safety-system] [io-8080-exec-10] o.s.security.web.FilterChainProxy        : Securing GET /dashboard/pending-hazards
2026-01-05T04:20:43.687-05:00 DEBUG 4002 --- [hazmat-safety-system] [nio-8080-exec-7] o.s.security.web.FilterChainProxy        : Secured GET /dashboard/hot-knowledge
2026-01-05T04:20:43.687-05:00 DEBUG 4002 --- [hazmat-safety-system] [nio-8080-exec-9] o.s.security.web.FilterChainProxy        : Secured GET /dashboard/pending-plans
2026-01-05T04:20:43.687-05:00 DEBUG 4002 --- [hazmat-safety-system] [io-8080-exec-10] o.s.security.web.FilterChainProxy        : Secured GET /dashboard/pending-hazards
2026-01-05T04:20:43.687-05:00 DEBUG 4002 --- [hazmat-safety-system] [nio-8080-exec-5] o.s.security.web.FilterChainProxy        : Secured GET /dashboard/announcements
2026-01-05T04:20:43.687-05:00 DEBUG 4002 --- [hazmat-safety-system] [nio-8080-exec-1] o.s.security.web.FilterChainProxy        : Secured GET /dashboard/stats
Creating a new SqlSession
SqlSession [org.apache.ibatis.session.defaults.DefaultSqlSession@77d97f2f] was not registered for synchronization because synchronization is not active
Creating a new SqlSession
SqlSession [org.apache.ibatis.session.defaults.DefaultSqlSession@ee0e19] was not registered for synchronization because synchronization is not active
Creating a new SqlSession
Creating a new SqlSession
SqlSession [org.apache.ibatis.session.defaults.DefaultSqlSession@1066c898] was not registered for synchronization because synchronization is not active
SqlSession [org.apache.ibatis.session.defaults.DefaultSqlSession@68fd2dfe] was not registered for synchronization because synchronization is not active
JDBC Connection [HikariProxyConnection@1093564031 wrapping com.mysql.cj.jdbc.ConnectionImpl@1d3cf87a] will not be managed by Spring
==>  Preparing: SELECT id,title,content,category,cover_image,view_count,status,create_by,create_time,update_time FROM safety_knowledge WHERE (status = ?) ORDER BY view_count DESC LIMIT 5
==> Parameters: 1(Integer)
JDBC Connection [HikariProxyConnection@1803294827 wrapping com.mysql.cj.jdbc.ConnectionImpl@248d3a] will not be managed by Spring
==>  Preparing: SELECT id,title,content,type,priority,status,publish_time,create_by,create_time,update_time FROM announcement WHERE (status = ?) ORDER BY priority DESC,publish_time DESC LIMIT 5
JDBC Connection [HikariProxyConnection@1472927281 wrapping com.mysql.cj.jdbc.ConnectionImpl@7ac22c1e] will not be managed by Spring
==>  Preparing: SELECT COUNT( * ) AS total FROM hazmat_info WHERE (status = ?)
Creating a new SqlSession
==> Parameters: 1(Integer)
SqlSession [org.apache.ibatis.session.defaults.DefaultSqlSession@59e2206f] was not registered for synchronization because synchronization is not active
==> Parameters: 1(Integer)
JDBC Connection [HikariProxyConnection@494000463 wrapping com.mysql.cj.jdbc.ConnectionImpl@249c4e26] will not be managed by Spring
==>  Preparing: SELECT id,title,description,location,hazard_level,hazard_type,images,reporter_id,reporter_name,report_time,status,handler_id,handler_name,handle_time,handle_result,create_time,update_time FROM hazard_report WHERE (status IN (?,?)) ORDER BY report_time DESC
<==    Columns: id, title, content, category, cover_image, view_count, status, create_by, create_time, update_time
<==    Columns: total
<==        Row: 5
<==    Columns: id, title, content, type, priority, status, publish_time, create_by, create_time, update_time
JDBC Connection [HikariProxyConnection@177646655 wrapping com.mysql.cj.jdbc.ConnectionImpl@25842790] will not be managed by Spring
<==      Total: 1
==>  Preparing: SELECT id,title,description,check_type,plan_date,department,status,create_by,create_time,update_time FROM check_plan WHERE (status IN (?,?)) ORDER BY plan_date ASC
<==        Row: 1, 危险化学品安全操作规程, <<BLOB>>, 操作规程, null, 1, 1, null, 2026-01-05 08:59:13, 2026-01-05 08:59:13
Closing non transactional SqlSession [org.apache.ibatis.session.defaults.DefaultSqlSession@1066c898]
Creating a new SqlSession
<==        Row: 1, 企业危化品安全管理系统上线通知, <<BLOB>>, 通知, 1, 1, 2026-01-05 08:59:13, null, 2026-01-05 08:59:13, 2026-01-05 08:59:13
<==        Row: 3, 个人防护装备使用指南, <<BLOB>>, 安全知识, null, 1, 1, null, 2026-01-05 08:59:13, 2026-01-05 08:59:13
<==        Row: 2, 化学品泄漏应急处置预案, <<BLOB>>, 应急预案, null, 0, 1, null, 2026-01-05 08:59:13, 2026-01-05 08:59:13
<==      Total: 3
<==        Row: 2, 系统简介, <<BLOB>>, 系统简介, 0, 1, 2026-01-05 08:59:13, null, 2026-01-05 08:59:13, 2026-01-05 08:59:13
Closing non transactional SqlSession [org.apache.ibatis.session.defaults.DefaultSqlSession@77d97f2f]
<==      Total: 2
Closing non transactional SqlSession [org.apache.ibatis.session.defaults.DefaultSqlSession@ee0e19]
==> Parameters: 0(Integer), 1(Integer)
==> Parameters: 0(Integer), 1(Integer)
<==      Total: 0
Closing non transactional SqlSession [org.apache.ibatis.session.defaults.DefaultSqlSession@59e2206f]
<==      Total: 0
Closing non transactional SqlSession [org.apache.ibatis.session.defaults.DefaultSqlSession@68fd2dfe]
SqlSession [org.apache.ibatis.session.defaults.DefaultSqlSession@40fd9496] was not registered for synchronization because synchronization is not active
JDBC Connection [HikariProxyConnection@1719252505 wrapping com.mysql.cj.jdbc.ConnectionImpl@7ac22c1e] will not be managed by Spring
==>  Preparing: SELECT COUNT( * ) AS total FROM check_plan
==> Parameters: 
<==    Columns: total
<==        Row: 0
<==      Total: 1
Closing non transactional SqlSession [org.apache.ibatis.session.defaults.DefaultSqlSession@40fd9496]
Creating a new SqlSession
SqlSession [org.apache.ibatis.session.defaults.DefaultSqlSession@1b8d0ebd] was not registered for synchronization because synchronization is not active
JDBC Connection [HikariProxyConnection@930635902 wrapping com.mysql.cj.jdbc.ConnectionImpl@7ac22c1e] will not be managed by Spring
==>  Preparing: SELECT COUNT( * ) AS total FROM check_record
==> Parameters: 
<==    Columns: total
<==        Row: 0
<==      Total: 1
Closing non transactional SqlSession [org.apache.ibatis.session.defaults.DefaultSqlSession@1b8d0ebd]
Creating a new SqlSession
SqlSession [org.apache.ibatis.session.defaults.DefaultSqlSession@176e2b9a] was not registered for synchronization because synchronization is not active
JDBC Connection [HikariProxyConnection@1684350764 wrapping com.mysql.cj.jdbc.ConnectionImpl@7ac22c1e] will not be managed by Spring
==>  Preparing: SELECT COUNT( * ) AS total FROM hazard_report
==> Parameters: 
<==    Columns: total
<==        Row: 0
<==      Total: 1
Closing non transactional SqlSession [org.apache.ibatis.session.defaults.DefaultSqlSession@176e2b9a]
Creating a new SqlSession
SqlSession [org.apache.ibatis.session.defaults.DefaultSqlSession@5a35a6c4] was not registered for synchronization because synchronization is not active
JDBC Connection [HikariProxyConnection@1021404387 wrapping com.mysql.cj.jdbc.ConnectionImpl@7ac22c1e] will not be managed by Spring
==>  Preparing: SELECT COUNT( * ) AS total FROM hazard_report WHERE (status = ?)
==> Parameters: 0(Integer)
<==    Columns: total
<==        Row: 0
<==      Total: 1
Closing non transactional SqlSession [org.apache.ibatis.session.defaults.DefaultSqlSession@5a35a6c4]
Creating a new SqlSession
SqlSession [org.apache.ibatis.session.defaults.DefaultSqlSession@37de2ed4] was not registered for synchronization because synchronization is not active
JDBC Connection [HikariProxyConnection@1076538733 wrapping com.mysql.cj.jdbc.ConnectionImpl@7ac22c1e] will not be managed by Spring
==>  Preparing: SELECT COUNT( * ) AS total FROM safety_knowledge WHERE (status = ?)
==> Parameters: 1(Integer)
<==    Columns: total
<==        Row: 3
<==      Total: 1
Closing non transactional SqlSession [org.apache.ibatis.session.defaults.DefaultSqlSession@37de2ed4]
Creating a new SqlSession
SqlSession [org.apache.ibatis.session.defaults.DefaultSqlSession@59979c0] was not registered for synchronization because synchronization is not active
JDBC Connection [HikariProxyConnection@1140285225 wrapping com.mysql.cj.jdbc.ConnectionImpl@7ac22c1e] will not be managed by Spring
==>  Preparing: SELECT COUNT( * ) AS total FROM announcement WHERE (status = ?)
==> Parameters: 1(Integer)
<==    Columns: total
<==        Row: 2
<==      Total: 1
Closing non transactional SqlSession [org.apache.ibatis.session.defaults.DefaultSqlSession@59979c0]
2026-01-05T04:20:48.978-05:00 DEBUG 4002 --- [hazmat-safety-system] [nio-8080-exec-8] o.s.security.web.FilterChainProxy        : Securing GET /hazmat/info/list?pageNum=1&pageSize=10&name=&dangerType=
2026-01-05T04:20:48.978-05:00 DEBUG 4002 --- [hazmat-safety-system] [nio-8080-exec-6] o.s.security.web.FilterChainProxy        : Securing GET /hazmat/category/all
2026-01-05T04:20:48.980-05:00 DEBUG 4002 --- [hazmat-safety-system] [nio-8080-exec-6] o.s.security.web.FilterChainProxy        : Secured GET /hazmat/category/all
2026-01-05T04:20:48.980-05:00 DEBUG 4002 --- [hazmat-safety-system] [nio-8080-exec-8] o.s.security.web.FilterChainProxy        : Secured GET /hazmat/info/list?pageNum=1&pageSize=10&name=&dangerType=
Creating a new SqlSession
SqlSession [org.apache.ibatis.session.defaults.DefaultSqlSession@3d5301a0] was not registered for synchronization because synchronization is not active
Creating a new SqlSession
SqlSession [org.apache.ibatis.session.defaults.DefaultSqlSession@e099a47] was not registered for synchronization because synchronization is not active
JDBC Connection [HikariProxyConnection@365923283 wrapping com.mysql.cj.jdbc.ConnectionImpl@7ac22c1e] will not be managed by Spring
==>  Preparing: SELECT id,name,code,description,danger_level,parent_id,sort_order,status,create_time,update_time FROM hazmat_category WHERE (status = ?) ORDER BY sort_order ASC
==> Parameters: 1(Integer)
<==    Columns: id, name, code, description, danger_level, parent_id, sort_order, status, create_time, update_time
<==        Row: 1, 爆炸品, CAT001, <<BLOB>>, 极高, 0, 1, 1, 2026-01-05 08:59:13, 2026-01-05 08:59:13
JDBC Connection [HikariProxyConnection@2083658710 wrapping com.mysql.cj.jdbc.ConnectionImpl@1d3cf87a] will not be managed by Spring
==>  Preparing: SELECT COUNT(*) AS total FROM hazmat_info h WHERE 1 = 1
==> Parameters: 
<==        Row: 2, 压缩气体和液化气体, CAT002, <<BLOB>>, 高, 0, 2, 1, 2026-01-05 08:59:13, 2026-01-05 08:59:13
<==        Row: 3, 易燃液体, CAT003, <<BLOB>>, 高, 0, 3, 1, 2026-01-05 08:59:13, 2026-01-05 08:59:13
<==        Row: 4, 易燃固体, CAT004, <<BLOB>>, 中, 0, 4, 1, 2026-01-05 08:59:13, 2026-01-05 08:59:13
<==        Row: 5, 氧化剂和有机过氧化物, CAT005, <<BLOB>>, 高, 0, 5, 1, 2026-01-05 08:59:13, 2026-01-05 08:59:13
<==        Row: 6, 毒害品, CAT006, <<BLOB>>, 高, 0, 6, 1, 2026-01-05 08:59:13, 2026-01-05 08:59:13
<==        Row: 7, 腐蚀品, CAT007, <<BLOB>>, 中, 0, 7, 1, 2026-01-05 08:59:13, 2026-01-05 08:59:13
<==        Row: 8, 放射性物品, CAT008, <<BLOB>>, 极高, 0, 8, 1, 2026-01-05 08:59:13, 2026-01-05 08:59:13
<==    Columns: total
<==        Row: 5
<==      Total: 8
<==      Total: 1
Closing non transactional SqlSession [org.apache.ibatis.session.defaults.DefaultSqlSession@3d5301a0]
==>  Preparing: SELECT h.*, c.name as category_name FROM hazmat_info h LEFT JOIN hazmat_category c ON h.category_id = c.id WHERE 1=1 ORDER BY h.create_time DESC LIMIT ?
==> Parameters: 10(Long)
<==    Columns: id, name, code, category_id, cas_number, un_number, danger_type, physical_state, storage_condition, emergency_measure, protective_measure, msds_file, stock_quantity, unit, location, supplier, status, create_time, update_time, create_by, category_name
<==        Row: 1, 硫酸, HM001, 7, 7664-93-9, UN1830, 腐蚀品, 液体, <<BLOB>>, <<BLOB>>, <<BLOB>>, null, 500.00, 升, A区-1号仓库, null, 1, 2026-01-05 08:59:13, 2026-01-05 08:59:13, null, 腐蚀品
<==        Row: 2, 盐酸, HM002, 7, 7647-01-0, UN1789, 腐蚀品, 液体, <<BLOB>>, <<BLOB>>, <<BLOB>>, null, 300.00, 升, A区-2号仓库, null, 1, 2026-01-05 08:59:13, 2026-01-05 08:59:13, null, 腐蚀品
<==        Row: 3, 甲醇, HM003, 3, 67-56-1, UN1230, 易燃液体、有毒, 液体, <<BLOB>>, <<BLOB>>, <<BLOB>>, null, 200.00, 升, B区-1号仓库, null, 1, 2026-01-05 08:59:13, 2026-01-05 08:59:13, null, 易燃液体
<==        Row: 4, 乙醇, HM004, 3, 64-17-5, UN1170, 易燃液体, 液体, <<BLOB>>, <<BLOB>>, <<BLOB>>, null, 400.00, 升, B区-2号仓库, null, 1, 2026-01-05 08:59:13, 2026-01-05 08:59:13, null, 易燃液体
<==        Row: 5, 氢氧化钠, HM005, 7, 1310-73-2, UN1823, 腐蚀品, 固体, <<BLOB>>, <<BLOB>>, <<BLOB>>, null, 100.00, 千克, C区-1号仓库, null, 1, 2026-01-05 08:59:13, 2026-01-05 08:59:13, null, 腐蚀品
<==      Total: 5
Closing non transactional SqlSession [org.apache.ibatis.session.defaults.DefaultSqlSession@e099a47]
2026-01-05T04:20:50.607-05:00 DEBUG 4002 --- [hazmat-safety-system] [nio-8080-exec-3] o.s.security.web.FilterChainProxy        : Securing GET /hazmat/category/list?pageNum=1&pageSize=10&name=
2026-01-05T04:20:50.609-05:00 DEBUG 4002 --- [hazmat-safety-system] [nio-8080-exec-3] o.s.security.web.FilterChainProxy        : Secured GET /hazmat/category/list?pageNum=1&pageSize=10&name=
Creating a new SqlSession
SqlSession [org.apache.ibatis.session.defaults.DefaultSqlSession@183c8ce2] was not registered for synchronization because synchronization is not active
JDBC Connection [HikariProxyConnection@107782326 wrapping com.mysql.cj.jdbc.ConnectionImpl@249c4e26] will not be managed by Spring
==>  Preparing: SELECT COUNT(*) AS total FROM hazmat_category
==> Parameters: 
<==    Columns: total
<==        Row: 8
<==      Total: 1
==>  Preparing: SELECT id,name,code,description,danger_level,parent_id,sort_order,status,create_time,update_time FROM hazmat_category ORDER BY sort_order ASC LIMIT ?
==> Parameters: 10(Long)
<==    Columns: id, name, code, description, danger_level, parent_id, sort_order, status, create_time, update_time
<==        Row: 1, 爆炸品, CAT001, <<BLOB>>, 极高, 0, 1, 1, 2026-01-05 08:59:13, 2026-01-05 08:59:13
<==        Row: 2, 压缩气体和液化气体, CAT002, <<BLOB>>, 高, 0, 2, 1, 2026-01-05 08:59:13, 2026-01-05 08:59:13
<==        Row: 3, 易燃液体, CAT003, <<BLOB>>, 高, 0, 3, 1, 2026-01-05 08:59:13, 2026-01-05 08:59:13
<==        Row: 4, 易燃固体, CAT004, <<BLOB>>, 中, 0, 4, 1, 2026-01-05 08:59:13, 2026-01-05 08:59:13
<==        Row: 5, 氧化剂和有机过氧化物, CAT005, <<BLOB>>, 高, 0, 5, 1, 2026-01-05 08:59:13, 2026-01-05 08:59:13
<==        Row: 6, 毒害品, CAT006, <<BLOB>>, 高, 0, 6, 1, 2026-01-05 08:59:13, 2026-01-05 08:59:13
<==        Row: 7, 腐蚀品, CAT007, <<BLOB>>, 中, 0, 7, 1, 2026-01-05 08:59:13, 2026-01-05 08:59:13
<==        Row: 8, 放射性物品, CAT008, <<BLOB>>, 极高, 0, 8, 1, 2026-01-05 08:59:13, 2026-01-05 08:59:13
<==      Total: 8
Closing non transactional SqlSession [org.apache.ibatis.session.defaults.DefaultSqlSession@183c8ce2]
2026-01-05T04:20:51.603-05:00 DEBUG 4002 --- [hazmat-safety-system] [nio-8080-exec-4] o.s.security.web.FilterChainProxy        : Securing GET /hazmat/info/list?pageNum=1&pageSize=10&name=&dangerType=
2026-01-05T04:20:51.604-05:00 DEBUG 4002 --- [hazmat-safety-system] [nio-8080-exec-2] o.s.security.web.FilterChainProxy        : Securing GET /hazmat/category/all
2026-01-05T04:20:51.605-05:00 DEBUG 4002 --- [hazmat-safety-system] [nio-8080-exec-4] o.s.security.web.FilterChainProxy        : Secured GET /hazmat/info/list?pageNum=1&pageSize=10&name=&dangerType=
2026-01-05T04:20:51.605-05:00 DEBUG 4002 --- [hazmat-safety-system] [nio-8080-exec-2] o.s.security.web.FilterChainProxy        : Secured GET /hazmat/category/all
Creating a new SqlSession
Creating a new SqlSession
SqlSession [org.apache.ibatis.session.defaults.DefaultSqlSession@401ca2ce] was not registered for synchronization because synchronization is not active
SqlSession [org.apache.ibatis.session.defaults.DefaultSqlSession@58d7632f] was not registered for synchronization because synchronization is not active
JDBC Connection [HikariProxyConnection@36489915 wrapping com.mysql.cj.jdbc.ConnectionImpl@7ac22c1e] will not be managed by Spring
==>  Preparing: SELECT id,name,code,description,danger_level,parent_id,sort_order,status,create_time,update_time FROM hazmat_category WHERE (status = ?) ORDER BY sort_order ASC
==> Parameters: 1(Integer)
JDBC Connection [HikariProxyConnection@510869119 wrapping com.mysql.cj.jdbc.ConnectionImpl@25842790] will not be managed by Spring
<==    Columns: id, name, code, description, danger_level, parent_id, sort_order, status, create_time, update_time
==>  Preparing: SELECT COUNT(*) AS total FROM hazmat_info h WHERE 1 = 1
==> Parameters: 
<==        Row: 1, 爆炸品, CAT001, <<BLOB>>, 极高, 0, 1, 1, 2026-01-05 08:59:13, 2026-01-05 08:59:13
<==        Row: 2, 压缩气体和液化气体, CAT002, <<BLOB>>, 高, 0, 2, 1, 2026-01-05 08:59:13, 2026-01-05 08:59:13
<==        Row: 3, 易燃液体, CAT003, <<BLOB>>, 高, 0, 3, 1, 2026-01-05 08:59:13, 2026-01-05 08:59:13
<==        Row: 4, 易燃固体, CAT004, <<BLOB>>, 中, 0, 4, 1, 2026-01-05 08:59:13, 2026-01-05 08:59:13
<==        Row: 5, 氧化剂和有机过氧化物, CAT005, <<BLOB>>, 高, 0, 5, 1, 2026-01-05 08:59:13, 2026-01-05 08:59:13
<==        Row: 6, 毒害品, CAT006, <<BLOB>>, 高, 0, 6, 1, 2026-01-05 08:59:13, 2026-01-05 08:59:13
<==    Columns: total
<==        Row: 5
<==        Row: 7, 腐蚀品, CAT007, <<BLOB>>, 中, 0, 7, 1, 2026-01-05 08:59:13, 2026-01-05 08:59:13
<==      Total: 1
<==        Row: 8, 放射性物品, CAT008, <<BLOB>>, 极高, 0, 8, 1, 2026-01-05 08:59:13, 2026-01-05 08:59:13
<==      Total: 8
==>  Preparing: SELECT h.*, c.name as category_name FROM hazmat_info h LEFT JOIN hazmat_category c ON h.category_id = c.id WHERE 1=1 ORDER BY h.create_time DESC LIMIT ?
Closing non transactional SqlSession [org.apache.ibatis.session.defaults.DefaultSqlSession@401ca2ce]
==> Parameters: 10(Long)
<==    Columns: id, name, code, category_id, cas_number, un_number, danger_type, physical_state, storage_condition, emergency_measure, protective_measure, msds_file, stock_quantity, unit, location, supplier, status, create_time, update_time, create_by, category_name
<==        Row: 1, 硫酸, HM001, 7, 7664-93-9, UN1830, 腐蚀品, 液体, <<BLOB>>, <<BLOB>>, <<BLOB>>, null, 500.00, 升, A区-1号仓库, null, 1, 2026-01-05 08:59:13, 2026-01-05 08:59:13, null, 腐蚀品
<==        Row: 2, 盐酸, HM002, 7, 7647-01-0, UN1789, 腐蚀品, 液体, <<BLOB>>, <<BLOB>>, <<BLOB>>, null, 300.00, 升, A区-2号仓库, null, 1, 2026-01-05 08:59:13, 2026-01-05 08:59:13, null, 腐蚀品
<==        Row: 3, 甲醇, HM003, 3, 67-56-1, UN1230, 易燃液体、有毒, 液体, <<BLOB>>, <<BLOB>>, <<BLOB>>, null, 200.00, 升, B区-1号仓库, null, 1, 2026-01-05 08:59:13, 2026-01-05 08:59:13, null, 易燃液体
<==        Row: 4, 乙醇, HM004, 3, 64-17-5, UN1170, 易燃液体, 液体, <<BLOB>>, <<BLOB>>, <<BLOB>>, null, 400.00, 升, B区-2号仓库, null, 1, 2026-01-05 08:59:13, 2026-01-05 08:59:13, null, 易燃液体
<==        Row: 5, 氢氧化钠, HM005, 7, 1310-73-2, UN1823, 腐蚀品, 固体, <<BLOB>>, <<BLOB>>, <<BLOB>>, null, 100.00, 千克, C区-1号仓库, null, 1, 2026-01-05 08:59:13, 2026-01-05 08:59:13, null, 腐蚀品
<==      Total: 5
Closing non transactional SqlSession [org.apache.ibatis.session.defaults.DefaultSqlSession@58d7632f]
2026-01-05T04:20:53.189-05:00 DEBUG 4002 --- [hazmat-safety-system] [nio-8080-exec-5] o.s.security.web.FilterChainProxy        : Securing GET /hazmat/category/list?pageNum=1&pageSize=10&name=
2026-01-05T04:20:53.191-05:00 DEBUG 4002 --- [hazmat-safety-system] [nio-8080-exec-5] o.s.security.web.FilterChainProxy        : Secured GET /hazmat/category/list?pageNum=1&pageSize=10&name=
Creating a new SqlSession
SqlSession [org.apache.ibatis.session.defaults.DefaultSqlSession@5cd5fb7c] was not registered for synchronization because synchronization is not active
JDBC Connection [HikariProxyConnection@655315605 wrapping com.mysql.cj.jdbc.ConnectionImpl@248d3a] will not be managed by Spring
==>  Preparing: SELECT COUNT(*) AS total FROM hazmat_category
==> Parameters: 
<==    Columns: total
<==        Row: 8
<==      Total: 1
==>  Preparing: SELECT id,name,code,description,danger_level,parent_id,sort_order,status,create_time,update_time FROM hazmat_category ORDER BY sort_order ASC LIMIT ?
==> Parameters: 10(Long)
<==    Columns: id, name, code, description, danger_level, parent_id, sort_order, status, create_time, update_time
<==        Row: 1, 爆炸品, CAT001, <<BLOB>>, 极高, 0, 1, 1, 2026-01-05 08:59:13, 2026-01-05 08:59:13
<==        Row: 2, 压缩气体和液化气体, CAT002, <<BLOB>>, 高, 0, 2, 1, 2026-01-05 08:59:13, 2026-01-05 08:59:13
<==        Row: 3, 易燃液体, CAT003, <<BLOB>>, 高, 0, 3, 1, 2026-01-05 08:59:13, 2026-01-05 08:59:13
<==        Row: 4, 易燃固体, CAT004, <<BLOB>>, 中, 0, 4, 1, 2026-01-05 08:59:13, 2026-01-05 08:59:13
<==        Row: 5, 氧化剂和有机过氧化物, CAT005, <<BLOB>>, 高, 0, 5, 1, 2026-01-05 08:59:13, 2026-01-05 08:59:13
<==        Row: 6, 毒害品, CAT006, <<BLOB>>, 高, 0, 6, 1, 2026-01-05 08:59:13, 2026-01-05 08:59:13
<==        Row: 7, 腐蚀品, CAT007, <<BLOB>>, 中, 0, 7, 1, 2026-01-05 08:59:13, 2026-01-05 08:59:13
<==        Row: 8, 放射性物品, CAT008, <<BLOB>>, 极高, 0, 8, 1, 2026-01-05 08:59:13, 2026-01-05 08:59:13
<==      Total: 8
Closing non transactional SqlSession [org.apache.ibatis.session.defaults.DefaultSqlSession@5cd5fb7c]
2026-01-05T04:20:54.383-05:00 DEBUG 4002 --- [hazmat-safety-system] [io-8080-exec-10] o.s.security.web.FilterChainProxy        : Securing GET /hazard/list?pageNum=1&pageSize=10&title=&hazardLevel=
2026-01-05T04:20:54.385-05:00 DEBUG 4002 --- [hazmat-safety-system] [io-8080-exec-10] o.s.security.web.FilterChainProxy        : Secured GET /hazard/list?pageNum=1&pageSize=10&title=&hazardLevel=
Creating a new SqlSession
SqlSession [org.apache.ibatis.session.defaults.DefaultSqlSession@1f23c5a5] was not registered for synchronization because synchronization is not active
JDBC Connection [HikariProxyConnection@1151496041 wrapping com.mysql.cj.jdbc.ConnectionImpl@249c4e26] will not be managed by Spring
==>  Preparing: SELECT COUNT(*) AS total FROM hazard_report
==> Parameters: 
<==    Columns: total
<==        Row: 0
<==      Total: 1
Closing non transactional SqlSession [org.apache.ibatis.session.defaults.DefaultSqlSession@1f23c5a5]
2026-01-05T04:21:03.137-05:00 DEBUG 4002 --- [hazmat-safety-system] [nio-8080-exec-9] o.s.security.web.FilterChainProxy        : Securing POST /auth/register
2026-01-05T04:21:03.138-05:00 DEBUG 4002 --- [hazmat-safety-system] [nio-8080-exec-9] o.s.s.w.a.AnonymousAuthenticationFilter  : Set SecurityContextHolder to anonymous SecurityContext
2026-01-05T04:21:03.138-05:00 DEBUG 4002 --- [hazmat-safety-system] [nio-8080-exec-9] o.s.security.web.FilterChainProxy        : Secured POST /auth/register
Creating a new SqlSession
SqlSession [org.apache.ibatis.session.defaults.DefaultSqlSession@22ad0276] was not registered for synchronization because synchronization is not active
JDBC Connection [HikariProxyConnection@591288576 wrapping com.mysql.cj.jdbc.ConnectionImpl@25842790] will not be managed by Spring
==>  Preparing: SELECT COUNT( * ) AS total FROM sys_user WHERE (username = ?)
==> Parameters: 111(String)
<==    Columns: total
<==        Row: 0
<==      Total: 1
Closing non transactional SqlSession [org.apache.ibatis.session.defaults.DefaultSqlSession@22ad0276]
Creating a new SqlSession
SqlSession [org.apache.ibatis.session.defaults.DefaultSqlSession@5bf2480e] was not registered for synchronization because synchronization is not active
JDBC Connection [HikariProxyConnection@294014900 wrapping com.mysql.cj.jdbc.ConnectionImpl@25842790] will not be managed by Spring
==>  Preparing: INSERT INTO sys_user ( username, password, real_name, phone, email, department, status, create_time, update_time ) VALUES ( ?, ?, ?, ?, ?, ?, ?, ?, ? )
==> Parameters: 111(String), $2a$10$GPdgYd/3CpGNqJiRw0/4aucro5R/ip4a722Lt60oUygDk2RdirE3.(String), 111(String), 13686666666(String), 1111111@qq.com(String), 1(String), 1(Integer), 2026-01-05T04:21:03.216601754(LocalDateTime), 2026-01-05T04:21:03.216671028(LocalDateTime)
<==    Updates: 1
Closing non transactional SqlSession [org.apache.ibatis.session.defaults.DefaultSqlSession@5bf2480e]
2026-01-05T04:21:10.502-05:00 DEBUG 4002 --- [hazmat-safety-system] [nio-8080-exec-7] o.s.security.web.FilterChainProxy        : Securing POST /auth/login
2026-01-05T04:21:10.505-05:00 DEBUG 4002 --- [hazmat-safety-system] [nio-8080-exec-7] o.s.s.w.a.AnonymousAuthenticationFilter  : Set SecurityContextHolder to anonymous SecurityContext
2026-01-05T04:21:10.507-05:00 DEBUG 4002 --- [hazmat-safety-system] [nio-8080-exec-7] o.s.security.web.FilterChainProxy        : Secured POST /auth/login
Creating a new SqlSession
SqlSession [org.apache.ibatis.session.defaults.DefaultSqlSession@1180edb3] was not registered for synchronization because synchronization is not active
JDBC Connection [HikariProxyConnection@756861099 wrapping com.mysql.cj.jdbc.ConnectionImpl@1d3cf87a] will not be managed by Spring
==>  Preparing: SELECT id,username,password,real_name,phone,email,department,avatar,status,create_time,update_time FROM sys_user WHERE (username = ?)
==> Parameters: 111(String)
<==    Columns: id, username, password, real_name, phone, email, department, avatar, status, create_time, update_time
<==        Row: 2, 111, $2a$10$GPdgYd/3CpGNqJiRw0/4aucro5R/ip4a722Lt60oUygDk2RdirE3., 111, 13686666666, 1111111@qq.com, 1, null, 1, 2026-01-05 04:21:03, 2026-01-05 04:21:03
<==      Total: 1
Closing non transactional SqlSession [org.apache.ibatis.session.defaults.DefaultSqlSession@1180edb3]
2026-01-05T04:21:12.718-05:00 DEBUG 4002 --- [hazmat-safety-system] [nio-8080-exec-1] o.s.security.web.FilterChainProxy        : Securing GET /dashboard/stats
2026-01-05T04:21:12.719-05:00 DEBUG 4002 --- [hazmat-safety-system] [nio-8080-exec-6] o.s.security.web.FilterChainProxy        : Securing GET /dashboard/announcements
2026-01-05T04:21:12.719-05:00 DEBUG 4002 --- [hazmat-safety-system] [nio-8080-exec-8] o.s.security.web.FilterChainProxy        : Securing GET /dashboard/hot-knowledge
2026-01-05T04:21:12.720-05:00 DEBUG 4002 --- [hazmat-safety-system] [nio-8080-exec-1] o.s.security.web.FilterChainProxy        : Secured GET /dashboard/stats
2026-01-05T04:21:12.720-05:00 DEBUG 4002 --- [hazmat-safety-system] [nio-8080-exec-6] o.s.security.web.FilterChainProxy        : Secured GET /dashboard/announcements
Creating a new SqlSession
SqlSession [org.apache.ibatis.session.defaults.DefaultSqlSession@79a85a7b] was not registered for synchronization because synchronization is not active
Creating a new SqlSession
SqlSession [org.apache.ibatis.session.defaults.DefaultSqlSession@27774cde] was not registered for synchronization because synchronization is not active
2026-01-05T04:21:12.721-05:00 DEBUG 4002 --- [hazmat-safety-system] [nio-8080-exec-8] o.s.security.web.FilterChainProxy        : Secured GET /dashboard/hot-knowledge
Creating a new SqlSession
SqlSession [org.apache.ibatis.session.defaults.DefaultSqlSession@d57615e] was not registered for synchronization because synchronization is not active
JDBC Connection [HikariProxyConnection@925985783 wrapping com.mysql.cj.jdbc.ConnectionImpl@7ac22c1e] will not be managed by Spring
==>  Preparing: SELECT COUNT( * ) AS total FROM hazmat_info WHERE (status = ?)
JDBC Connection [HikariProxyConnection@34342801 wrapping com.mysql.cj.jdbc.ConnectionImpl@248d3a] will not be managed by Spring
==>  Preparing: SELECT id,title,content,type,priority,status,publish_time,create_by,create_time,update_time FROM announcement WHERE (status = ?) ORDER BY priority DESC,publish_time DESC LIMIT 5
==> Parameters: 1(Integer)
JDBC Connection [HikariProxyConnection@1641494409 wrapping com.mysql.cj.jdbc.ConnectionImpl@1d3cf87a] will not be managed by Spring
==> Parameters: 1(Integer)
==>  Preparing: SELECT id,title,content,category,cover_image,view_count,status,create_by,create_time,update_time FROM safety_knowledge WHERE (status = ?) ORDER BY view_count DESC LIMIT 5
==> Parameters: 1(Integer)
<==    Columns: total
<==    Columns: id, title, content, category, cover_image, view_count, status, create_by, create_time, update_time
<==        Row: 5
<==    Columns: id, title, content, type, priority, status, publish_time, create_by, create_time, update_time
<==      Total: 1
<==        Row: 1, 危险化学品安全操作规程, <<BLOB>>, 操作规程, null, 1, 1, null, 2026-01-05 08:59:13, 2026-01-05 08:59:13
<==        Row: 1, 企业危化品安全管理系统上线通知, <<BLOB>>, 通知, 1, 1, 2026-01-05 08:59:13, null, 2026-01-05 08:59:13, 2026-01-05 08:59:13
Closing non transactional SqlSession [org.apache.ibatis.session.defaults.DefaultSqlSession@79a85a7b]
Creating a new SqlSession
SqlSession [org.apache.ibatis.session.defaults.DefaultSqlSession@6327a23] was not registered for synchronization because synchronization is not active
JDBC Connection [HikariProxyConnection@1039303452 wrapping com.mysql.cj.jdbc.ConnectionImpl@7ac22c1e] will not be managed by Spring
<==        Row: 2, 系统简介, <<BLOB>>, 系统简介, 0, 1, 2026-01-05 08:59:13, null, 2026-01-05 08:59:13, 2026-01-05 08:59:13
==>  Preparing: SELECT COUNT( * ) AS total FROM check_plan
<==        Row: 3, 个人防护装备使用指南, <<BLOB>>, 安全知识, null, 1, 1, null, 2026-01-05 08:59:13, 2026-01-05 08:59:13
<==      Total: 2
==> Parameters: 
<==        Row: 2, 化学品泄漏应急处置预案, <<BLOB>>, 应急预案, null, 0, 1, null, 2026-01-05 08:59:13, 2026-01-05 08:59:13
Closing non transactional SqlSession [org.apache.ibatis.session.defaults.DefaultSqlSession@27774cde]
<==      Total: 3
Closing non transactional SqlSession [org.apache.ibatis.session.defaults.DefaultSqlSession@d57615e]
<==    Columns: total
<==        Row: 0
<==      Total: 1
Closing non transactional SqlSession [org.apache.ibatis.session.defaults.DefaultSqlSession@6327a23]
Creating a new SqlSession
SqlSession [org.apache.ibatis.session.defaults.DefaultSqlSession@7cbac281] was not registered for synchronization because synchronization is not active
JDBC Connection [HikariProxyConnection@1774996567 wrapping com.mysql.cj.jdbc.ConnectionImpl@7ac22c1e] will not be managed by Spring
==>  Preparing: SELECT COUNT( * ) AS total FROM check_record
==> Parameters: 
<==    Columns: total
<==        Row: 0
<==      Total: 1
Closing non transactional SqlSession [org.apache.ibatis.session.defaults.DefaultSqlSession@7cbac281]
Creating a new SqlSession
SqlSession [org.apache.ibatis.session.defaults.DefaultSqlSession@4063b58f] was not registered for synchronization because synchronization is not active
JDBC Connection [HikariProxyConnection@1785186760 wrapping com.mysql.cj.jdbc.ConnectionImpl@7ac22c1e] will not be managed by Spring
==>  Preparing: SELECT COUNT( * ) AS total FROM hazard_report
==> Parameters: 
<==    Columns: total
<==        Row: 0
<==      Total: 1
Closing non transactional SqlSession [org.apache.ibatis.session.defaults.DefaultSqlSession@4063b58f]
Creating a new SqlSession
SqlSession [org.apache.ibatis.session.defaults.DefaultSqlSession@5f331d4e] was not registered for synchronization because synchronization is not active
JDBC Connection [HikariProxyConnection@35722474 wrapping com.mysql.cj.jdbc.ConnectionImpl@7ac22c1e] will not be managed by Spring
==>  Preparing: SELECT COUNT( * ) AS total FROM hazard_report WHERE (status = ?)
==> Parameters: 0(Integer)
<==    Columns: total
<==        Row: 0
<==      Total: 1
Closing non transactional SqlSession [org.apache.ibatis.session.defaults.DefaultSqlSession@5f331d4e]
Creating a new SqlSession
SqlSession [org.apache.ibatis.session.defaults.DefaultSqlSession@231aaba5] was not registered for synchronization because synchronization is not active
JDBC Connection [HikariProxyConnection@1677990885 wrapping com.mysql.cj.jdbc.ConnectionImpl@7ac22c1e] will not be managed by Spring
==>  Preparing: SELECT COUNT( * ) AS total FROM safety_knowledge WHERE (status = ?)
==> Parameters: 1(Integer)
<==    Columns: total
<==        Row: 3
<==      Total: 1
Closing non transactional SqlSession [org.apache.ibatis.session.defaults.DefaultSqlSession@231aaba5]
Creating a new SqlSession
SqlSession [org.apache.ibatis.session.defaults.DefaultSqlSession@5d406f39] was not registered for synchronization because synchronization is not active
JDBC Connection [HikariProxyConnection@737255607 wrapping com.mysql.cj.jdbc.ConnectionImpl@7ac22c1e] will not be managed by Spring
==>  Preparing: SELECT COUNT( * ) AS total FROM announcement WHERE (status = ?)
==> Parameters: 1(Integer)
<==    Columns: total
<==        Row: 2
<==      Total: 1
Closing non transactional SqlSession [org.apache.ibatis.session.defaults.DefaultSqlSession@5d406f39]
2026-01-05T04:21:12.741-05:00 DEBUG 4002 --- [hazmat-safety-system] [nio-8080-exec-2] o.s.security.web.FilterChainProxy        : Securing GET /dashboard/pending-hazards
2026-01-05T04:21:12.741-05:00 DEBUG 4002 --- [hazmat-safety-system] [nio-8080-exec-3] o.s.security.web.FilterChainProxy        : Securing GET /dashboard/pending-plans
2026-01-05T04:21:12.743-05:00 DEBUG 4002 --- [hazmat-safety-system] [nio-8080-exec-2] o.s.security.web.FilterChainProxy        : Secured GET /dashboard/pending-hazards
2026-01-05T04:21:12.743-05:00 DEBUG 4002 --- [hazmat-safety-system] [nio-8080-exec-3] o.s.security.web.FilterChainProxy        : Secured GET /dashboard/pending-plans
Creating a new SqlSession
SqlSession [org.apache.ibatis.session.defaults.DefaultSqlSession@502dbff0] was not registered for synchronization because synchronization is not active
Creating a new SqlSession
SqlSession [org.apache.ibatis.session.defaults.DefaultSqlSession@769cbe0b] was not registered for synchronization because synchronization is not active
JDBC Connection [HikariProxyConnection@1971486185 wrapping com.mysql.cj.jdbc.ConnectionImpl@7ac22c1e] will not be managed by Spring
==>  Preparing: SELECT id,title,description,location,hazard_level,hazard_type,images,reporter_id,reporter_name,report_time,status,handler_id,handler_name,handle_time,handle_result,create_time,update_time FROM hazard_report WHERE (status IN (?,?)) ORDER BY report_time DESC
==> Parameters: 0(Integer), 1(Integer)
JDBC Connection [HikariProxyConnection@353814910 wrapping com.mysql.cj.jdbc.ConnectionImpl@249c4e26] will not be managed by Spring
==>  Preparing: SELECT id,title,description,check_type,plan_date,department,status,create_by,create_time,update_time FROM check_plan WHERE (status IN (?,?)) ORDER BY plan_date ASC
==> Parameters: 0(Integer), 1(Integer)
<==      Total: 0
Closing non transactional SqlSession [org.apache.ibatis.session.defaults.DefaultSqlSession@502dbff0]
<==      Total: 0
Closing non transactional SqlSession [org.apache.ibatis.session.defaults.DefaultSqlSession@769cbe0b]
2026-01-05T04:21:39.262-05:00 DEBUG 4002 --- [hazmat-safety-system] [nio-8080-exec-4] o.s.security.web.FilterChainProxy        : Securing GET /knowledge/1
2026-01-05T04:21:39.267-05:00 DEBUG 4002 --- [hazmat-safety-system] [nio-8080-exec-4] o.s.security.web.FilterChainProxy        : Secured GET /knowledge/1
Creating a new SqlSession
SqlSession [org.apache.ibatis.session.defaults.DefaultSqlSession@3e7ad7ff] was not registered for synchronization because synchronization is not active
JDBC Connection [HikariProxyConnection@964531849 wrapping com.mysql.cj.jdbc.ConnectionImpl@25842790] will not be managed by Spring
==>  Preparing: SELECT id,title,content,category,cover_image,view_count,status,create_by,create_time,update_time FROM safety_knowledge WHERE id=?
==> Parameters: 1(Long)
<==    Columns: id, title, content, category, cover_image, view_count, status, create_by, create_time, update_time
<==        Row: 1, 危险化学品安全操作规程, <<BLOB>>, 操作规程, null, 1, 1, null, 2026-01-05 08:59:13, 2026-01-05 08:59:13
<==      Total: 1
Closing non transactional SqlSession [org.apache.ibatis.session.defaults.DefaultSqlSession@3e7ad7ff]
Creating a new SqlSession
SqlSession [org.apache.ibatis.session.defaults.DefaultSqlSession@34aa38b7] was not registered for synchronization because synchronization is not active
JDBC Connection [HikariProxyConnection@1552401650 wrapping com.mysql.cj.jdbc.ConnectionImpl@25842790] will not be managed by Spring
==>  Preparing: UPDATE safety_knowledge SET title=?, content=?, category=?, view_count=?, status=?, create_time=?, update_time=? WHERE id=?
==> Parameters: 危险化学品安全操作规程(String), 一、总则
1. 本规程适用于公司所有涉及危险化学品操作的岗位。
2. 所有操作人员必须经过专业培训并取得相应资质后方可上岗。

二、操作前准备
1. 检查个人防护装备是否齐全、完好。
2. 检查操作区域通风设施是否正常运行。
3. 确认应急设施（洗眼器、淋浴器等）处于正常状态。

三、操作要求
1. 严格按照操作规程进行操作，不得擅自更改操作步骤。
2. 操作过程中应保持注意力集中，不得从事与工作无关的活动。
3. 发现异常情况应立即停止操作并报告。(String), 操作规程(String), 2(Integer), 1(Integer), 2026-01-05T08:59:13(LocalDateTime), 2026-01-05T08:59:13(LocalDateTime), 1(Long)
<==    Updates: 1
Closing non transactional SqlSession [org.apache.ibatis.session.defaults.DefaultSqlSession@34aa38b7]
2026-01-05T04:21:42.413-05:00 DEBUG 4002 --- [hazmat-safety-system] [nio-8080-exec-5] o.s.security.web.FilterChainProxy        : Securing GET /user/2
2026-01-05T04:21:42.415-05:00 DEBUG 4002 --- [hazmat-safety-system] [nio-8080-exec-5] o.s.security.web.FilterChainProxy        : Secured GET /user/2
Creating a new SqlSession
SqlSession [org.apache.ibatis.session.defaults.DefaultSqlSession@4aa4fda4] was not registered for synchronization because synchronization is not active
JDBC Connection [HikariProxyConnection@392332703 wrapping com.mysql.cj.jdbc.ConnectionImpl@248d3a] will not be managed by Spring
==>  Preparing: SELECT id,username,password,real_name,phone,email,department,avatar,status,create_time,update_time FROM sys_user WHERE id=?
==> Parameters: 2(Long)
<==    Columns: id, username, password, real_name, phone, email, department, avatar, status, create_time, update_time
<==        Row: 2, 111, $2a$10$GPdgYd/3CpGNqJiRw0/4aucro5R/ip4a722Lt60oUygDk2RdirE3., 111, 13686666666, 1111111@qq.com, 1, null, 1, 2026-01-05 04:21:03, 2026-01-05 04:21:03
<==      Total: 1
Closing non transactional SqlSession [org.apache.ibatis.session.defaults.DefaultSqlSession@4aa4fda4]
2026-01-05T04:21:57.337-05:00 DEBUG 4002 --- [hazmat-safety-system] [io-8080-exec-10] o.s.security.web.FilterChainProxy        : Securing GET /hazmat/category/all
2026-01-05T04:21:57.339-05:00 DEBUG 4002 --- [hazmat-safety-system] [io-8080-exec-10] o.s.security.web.FilterChainProxy        : Secured GET /hazmat/category/all
Creating a new SqlSession
SqlSession [org.apache.ibatis.session.defaults.DefaultSqlSession@34f5d57b] was not registered for synchronization because synchronization is not active
2026-01-05T04:21:57.340-05:00 DEBUG 4002 --- [hazmat-safety-system] [nio-8080-exec-9] o.s.security.web.FilterChainProxy        : Securing GET /hazmat/info/list?pageNum=1&pageSize=10&name=&dangerType=
JDBC Connection [HikariProxyConnection@813727068 wrapping com.mysql.cj.jdbc.ConnectionImpl@249c4e26] will not be managed by Spring
==>  Preparing: SELECT id,name,code,description,danger_level,parent_id,sort_order,status,create_time,update_time FROM hazmat_category WHERE (status = ?) ORDER BY sort_order ASC
==> Parameters: 1(Integer)
2026-01-05T04:21:57.341-05:00 DEBUG 4002 --- [hazmat-safety-system] [nio-8080-exec-9] o.s.security.web.FilterChainProxy        : Secured GET /hazmat/info/list?pageNum=1&pageSize=10&name=&dangerType=
<==    Columns: id, name, code, description, danger_level, parent_id, sort_order, status, create_time, update_time
<==        Row: 1, 爆炸品, CAT001, <<BLOB>>, 极高, 0, 1, 1, 2026-01-05 08:59:13, 2026-01-05 08:59:13
Creating a new SqlSession
SqlSession [org.apache.ibatis.session.defaults.DefaultSqlSession@22f7751c] was not registered for synchronization because synchronization is not active
<==        Row: 2, 压缩气体和液化气体, CAT002, <<BLOB>>, 高, 0, 2, 1, 2026-01-05 08:59:13, 2026-01-05 08:59:13
<==        Row: 3, 易燃液体, CAT003, <<BLOB>>, 高, 0, 3, 1, 2026-01-05 08:59:13, 2026-01-05 08:59:13
<==        Row: 4, 易燃固体, CAT004, <<BLOB>>, 中, 0, 4, 1, 2026-01-05 08:59:13, 2026-01-05 08:59:13
<==        Row: 5, 氧化剂和有机过氧化物, CAT005, <<BLOB>>, 高, 0, 5, 1, 2026-01-05 08:59:13, 2026-01-05 08:59:13
<==        Row: 6, 毒害品, CAT006, <<BLOB>>, 高, 0, 6, 1, 2026-01-05 08:59:13, 2026-01-05 08:59:13
<==        Row: 7, 腐蚀品, CAT007, <<BLOB>>, 中, 0, 7, 1, 2026-01-05 08:59:13, 2026-01-05 08:59:13
<==        Row: 8, 放射性物品, CAT008, <<BLOB>>, 极高, 0, 8, 1, 2026-01-05 08:59:13, 2026-01-05 08:59:13
<==      Total: 8
Closing non transactional SqlSession [org.apache.ibatis.session.defaults.DefaultSqlSession@34f5d57b]
JDBC Connection [HikariProxyConnection@1322768619 wrapping com.mysql.cj.jdbc.ConnectionImpl@25842790] will not be managed by Spring
==>  Preparing: SELECT COUNT(*) AS total FROM hazmat_info h WHERE 1 = 1
==> Parameters: 
<==    Columns: total
<==        Row: 5
<==      Total: 1
==>  Preparing: SELECT h.*, c.name as category_name FROM hazmat_info h LEFT JOIN hazmat_category c ON h.category_id = c.id WHERE 1=1 ORDER BY h.create_time DESC LIMIT ?
==> Parameters: 10(Long)
<==    Columns: id, name, code, category_id, cas_number, un_number, danger_type, physical_state, storage_condition, emergency_measure, protective_measure, msds_file, stock_quantity, unit, location, supplier, status, create_time, update_time, create_by, category_name
<==        Row: 1, 硫酸, HM001, 7, 7664-93-9, UN1830, 腐蚀品, 液体, <<BLOB>>, <<BLOB>>, <<BLOB>>, null, 500.00, 升, A区-1号仓库, null, 1, 2026-01-05 08:59:13, 2026-01-05 08:59:13, null, 腐蚀品
<==        Row: 2, 盐酸, HM002, 7, 7647-01-0, UN1789, 腐蚀品, 液体, <<BLOB>>, <<BLOB>>, <<BLOB>>, null, 300.00, 升, A区-2号仓库, null, 1, 2026-01-05 08:59:13, 2026-01-05 08:59:13, null, 腐蚀品
<==        Row: 3, 甲醇, HM003, 3, 67-56-1, UN1230, 易燃液体、有毒, 液体, <<BLOB>>, <<BLOB>>, <<BLOB>>, null, 200.00, 升, B区-1号仓库, null, 1, 2026-01-05 08:59:13, 2026-01-05 08:59:13, null, 易燃液体
<==        Row: 4, 乙醇, HM004, 3, 64-17-5, UN1170, 易燃液体, 液体, <<BLOB>>, <<BLOB>>, <<BLOB>>, null, 400.00, 升, B区-2号仓库, null, 1, 2026-01-05 08:59:13, 2026-01-05 08:59:13, null, 易燃液体
<==        Row: 5, 氢氧化钠, HM005, 7, 1310-73-2, UN1823, 腐蚀品, 固体, <<BLOB>>, <<BLOB>>, <<BLOB>>, null, 100.00, 千克, C区-1号仓库, null, 1, 2026-01-05 08:59:13, 2026-01-05 08:59:13, null, 腐蚀品
<==      Total: 5
Closing non transactional SqlSession [org.apache.ibatis.session.defaults.DefaultSqlSession@22f7751c]
2026-01-05T04:22:00.716-05:00 DEBUG 4002 --- [hazmat-safety-system] [nio-8080-exec-7] o.s.security.web.FilterChainProxy        : Securing GET /hazmat/info/1
2026-01-05T04:22:00.719-05:00 DEBUG 4002 --- [hazmat-safety-system] [nio-8080-exec-7] o.s.security.web.FilterChainProxy        : Secured GET /hazmat/info/1
Creating a new SqlSession
SqlSession [org.apache.ibatis.session.defaults.DefaultSqlSession@6ce7cfd0] was not registered for synchronization because synchronization is not active
JDBC Connection [HikariProxyConnection@2048678538 wrapping com.mysql.cj.jdbc.ConnectionImpl@1d3cf87a] will not be managed by Spring
==>  Preparing: SELECT id,name,code,category_id,cas_number,un_number,danger_type,physical_state,storage_condition,emergency_measure,protective_measure,msds_file,stock_quantity,unit,location,supplier,status,create_by,create_time,update_time FROM hazmat_info WHERE id=?
==> Parameters: 1(Long)
<==    Columns: id, name, code, category_id, cas_number, un_number, danger_type, physical_state, storage_condition, emergency_measure, protective_measure, msds_file, stock_quantity, unit, location, supplier, status, create_by, create_time, update_time
<==        Row: 1, 硫酸, HM001, 7, 7664-93-9, UN1830, 腐蚀品, 液体, <<BLOB>>, <<BLOB>>, <<BLOB>>, null, 500.00, 升, A区-1号仓库, null, 1, null, 2026-01-05 08:59:13, 2026-01-05 08:59:13
<==      Total: 1
Closing non transactional SqlSession [org.apache.ibatis.session.defaults.DefaultSqlSession@6ce7cfd0]
Creating a new SqlSession
SqlSession [org.apache.ibatis.session.defaults.DefaultSqlSession@30cb582c] was not registered for synchronization because synchronization is not active
JDBC Connection [HikariProxyConnection@1644202154 wrapping com.mysql.cj.jdbc.ConnectionImpl@1d3cf87a] will not be managed by Spring
==>  Preparing: SELECT id,name,code,description,danger_level,parent_id,sort_order,status,create_time,update_time FROM hazmat_category WHERE id=?
==> Parameters: 7(Long)
<==    Columns: id, name, code, description, danger_level, parent_id, sort_order, status, create_time, update_time
<==        Row: 7, 腐蚀品, CAT007, <<BLOB>>, 中, 0, 7, 1, 2026-01-05 08:59:13, 2026-01-05 08:59:13
<==      Total: 1
Closing non transactional SqlSession [org.apache.ibatis.session.defaults.DefaultSqlSession@30cb582c]
2026-01-05T04:22:06.656-05:00 DEBUG 4002 --- [hazmat-safety-system] [nio-8080-exec-8] o.s.security.web.FilterChainProxy        : Securing POST /auth/login
2026-01-05T04:22:06.657-05:00 DEBUG 4002 --- [hazmat-safety-system] [nio-8080-exec-8] o.s.s.w.a.AnonymousAuthenticationFilter  : Set SecurityContextHolder to anonymous SecurityContext
2026-01-05T04:22:06.657-05:00 DEBUG 4002 --- [hazmat-safety-system] [nio-8080-exec-8] o.s.security.web.FilterChainProxy        : Secured POST /auth/login
Creating a new SqlSession
SqlSession [org.apache.ibatis.session.defaults.DefaultSqlSession@68bd82db] was not registered for synchronization because synchronization is not active
JDBC Connection [HikariProxyConnection@1591104259 wrapping com.mysql.cj.jdbc.ConnectionImpl@1d3cf87a] will not be managed by Spring
==>  Preparing: SELECT id,username,password,real_name,phone,email,department,avatar,status,create_time,update_time FROM safety_admin WHERE (username = ?)
==> Parameters: safety(String)
<==    Columns: id, username, password, real_name, phone, email, department, avatar, status, create_time, update_time
<==        Row: 1, safety, $2b$12$tpP2JAqVoWFv0gpHINXCIOzLkBXozPwQJ.bQkP8ISRodVV36ahICW, 安全管理员, 13800000001, safety@example.com, 安全管理部, null, 1, 2026-01-05 08:59:13, 2026-01-05 09:15:26
<==      Total: 1
Closing non transactional SqlSession [org.apache.ibatis.session.defaults.DefaultSqlSession@68bd82db]
2026-01-05T04:22:11.660-05:00 DEBUG 4002 --- [hazmat-safety-system] [nio-8080-exec-6] o.s.security.web.FilterChainProxy        : Securing GET /hazard/my?pageNum=1&pageSize=10
2026-01-05T04:22:11.662-05:00 DEBUG 4002 --- [hazmat-safety-system] [nio-8080-exec-6] o.s.security.web.FilterChainProxy        : Secured GET /hazard/my?pageNum=1&pageSize=10
Creating a new SqlSession
SqlSession [org.apache.ibatis.session.defaults.DefaultSqlSession@5700bfef] was not registered for synchronization because synchronization is not active
JDBC Connection [HikariProxyConnection@1490109643 wrapping com.mysql.cj.jdbc.ConnectionImpl@248d3a] will not be managed by Spring
==>  Preparing: SELECT COUNT(*) AS total FROM hazard_report WHERE (reporter_id = ?)
==> Parameters: 2(Long)
<==    Columns: total
<==        Row: 0
<==      Total: 1
Closing non transactional SqlSession [org.apache.ibatis.session.defaults.DefaultSqlSession@5700bfef]
2026-01-05T04:22:17.881-05:00 DEBUG 4002 --- [hazmat-safety-system] [nio-8080-exec-1] o.s.security.web.FilterChainProxy        : Securing POST /auth/login
2026-01-05T04:22:17.881-05:00 DEBUG 4002 --- [hazmat-safety-system] [nio-8080-exec-1] o.s.s.w.a.AnonymousAuthenticationFilter  : Set SecurityContextHolder to anonymous SecurityContext
2026-01-05T04:22:17.882-05:00 DEBUG 4002 --- [hazmat-safety-system] [nio-8080-exec-1] o.s.security.web.FilterChainProxy        : Secured POST /auth/login
Creating a new SqlSession
SqlSession [org.apache.ibatis.session.defaults.DefaultSqlSession@47e0ebb4] was not registered for synchronization because synchronization is not active
JDBC Connection [HikariProxyConnection@428309974 wrapping com.mysql.cj.jdbc.ConnectionImpl@7ac22c1e] will not be managed by Spring
==>  Preparing: SELECT id,username,password,real_name,phone,email,department,avatar,status,create_time,update_time FROM sys_user WHERE (username = ?)
==> Parameters: safety(String)
<==      Total: 0
Closing non transactional SqlSession [org.apache.ibatis.session.defaults.DefaultSqlSession@47e0ebb4]
2026-01-05T04:22:20.537-05:00 DEBUG 4002 --- [hazmat-safety-system] [nio-8080-exec-2] o.s.security.web.FilterChainProxy        : Securing POST /auth/login
2026-01-05T04:22:20.538-05:00 DEBUG 4002 --- [hazmat-safety-system] [nio-8080-exec-2] o.s.s.w.a.AnonymousAuthenticationFilter  : Set SecurityContextHolder to anonymous SecurityContext
2026-01-05T04:22:20.538-05:00 DEBUG 4002 --- [hazmat-safety-system] [nio-8080-exec-2] o.s.security.web.FilterChainProxy        : Secured POST /auth/login
Creating a new SqlSession
SqlSession [org.apache.ibatis.session.defaults.DefaultSqlSession@1bcf78ce] was not registered for synchronization because synchronization is not active
JDBC Connection [HikariProxyConnection@648058488 wrapping com.mysql.cj.jdbc.ConnectionImpl@7ac22c1e] will not be managed by Spring
==>  Preparing: SELECT id,username,password,real_name,phone,email,avatar,status,create_time,update_time FROM sys_admin WHERE (username = ?)
==> Parameters: safety(String)
<==      Total: 0
Closing non transactional SqlSession [org.apache.ibatis.session.defaults.DefaultSqlSession@1bcf78ce]
2026-01-05T04:22:27.569-05:00 DEBUG 4002 --- [hazmat-safety-system] [nio-8080-exec-3] o.s.security.web.FilterChainProxy        : Securing POST /auth/login
2026-01-05T04:22:27.570-05:00 DEBUG 4002 --- [hazmat-safety-system] [nio-8080-exec-3] o.s.s.w.a.AnonymousAuthenticationFilter  : Set SecurityContextHolder to anonymous SecurityContext
2026-01-05T04:22:27.570-05:00 DEBUG 4002 --- [hazmat-safety-system] [nio-8080-exec-3] o.s.security.web.FilterChainProxy        : Secured POST /auth/login
Creating a new SqlSession
SqlSession [org.apache.ibatis.session.defaults.DefaultSqlSession@5718d31c] was not registered for synchronization because synchronization is not active
JDBC Connection [HikariProxyConnection@1156010770 wrapping com.mysql.cj.jdbc.ConnectionImpl@249c4e26] will not be managed by Spring
==>  Preparing: SELECT id,username,password,real_name,phone,email,avatar,status,create_time,update_time FROM sys_admin WHERE (username = ?)
==> Parameters: admin(String)
<==    Columns: id, username, password, real_name, phone, email, avatar, status, create_time, update_time
<==        Row: 1, admin, $2b$12$tpP2JAqVoWFv0gpHINXCIOzLkBXozPwQJ.bQkP8ISRodVV36ahICW, 系统管理员, 13800000000, admin@example.com, null, 1, 2026-01-05 08:59:13, 2026-01-05 09:15:26
<==      Total: 1
Closing non transactional SqlSession [org.apache.ibatis.session.defaults.DefaultSqlSession@5718d31c]
2026-01-05T04:22:28.308-05:00 DEBUG 4002 --- [hazmat-safety-system] [nio-8080-exec-4] o.s.security.web.FilterChainProxy        : Securing GET /dashboard/stats
2026-01-05T04:22:28.309-05:00 DEBUG 4002 --- [hazmat-safety-system] [nio-8080-exec-4] o.s.security.web.FilterChainProxy        : Secured GET /dashboard/stats
Creating a new SqlSession
SqlSession [org.apache.ibatis.session.defaults.DefaultSqlSession@16500450] was not registered for synchronization because synchronization is not active
2026-01-05T04:22:28.311-05:00 DEBUG 4002 --- [hazmat-safety-system] [nio-8080-exec-5] o.s.security.web.FilterChainProxy        : Securing GET /dashboard/announcements
JDBC Connection [HikariProxyConnection@1943730605 wrapping com.mysql.cj.jdbc.ConnectionImpl@25842790] will not be managed by Spring
==>  Preparing: SELECT COUNT( * ) AS total FROM hazmat_info WHERE (status = ?)
==> Parameters: 1(Integer)
2026-01-05T04:22:28.312-05:00 DEBUG 4002 --- [hazmat-safety-system] [nio-8080-exec-5] o.s.security.web.FilterChainProxy        : Secured GET /dashboard/announcements
<==    Columns: total
<==        Row: 5
<==      Total: 1
Creating a new SqlSession
Closing non transactional SqlSession [org.apache.ibatis.session.defaults.DefaultSqlSession@16500450]
SqlSession [org.apache.ibatis.session.defaults.DefaultSqlSession@ce7f4fb] was not registered for synchronization because synchronization is not active
Creating a new SqlSession
SqlSession [org.apache.ibatis.session.defaults.DefaultSqlSession@4615ab16] was not registered for synchronization because synchronization is not active
JDBC Connection [HikariProxyConnection@1349600512 wrapping com.mysql.cj.jdbc.ConnectionImpl@25842790] will not be managed by Spring
==>  Preparing: SELECT COUNT( * ) AS total FROM check_plan
JDBC Connection [HikariProxyConnection@1631805726 wrapping com.mysql.cj.jdbc.ConnectionImpl@248d3a] will not be managed by Spring
==>  Preparing: SELECT id,title,content,type,priority,status,publish_time,create_by,create_time,update_time FROM announcement WHERE (status = ?) ORDER BY priority DESC,publish_time DESC LIMIT 5
==> Parameters: 
==> Parameters: 1(Integer)
<==    Columns: total
<==        Row: 0
<==      Total: 1
Closing non transactional SqlSession [org.apache.ibatis.session.defaults.DefaultSqlSession@4615ab16]
2026-01-05T04:22:28.314-05:00 DEBUG 4002 --- [hazmat-safety-system] [io-8080-exec-10] o.s.security.web.FilterChainProxy        : Securing GET /dashboard/hot-knowledge
Creating a new SqlSession
<==    Columns: id, title, content, type, priority, status, publish_time, create_by, create_time, update_time
SqlSession [org.apache.ibatis.session.defaults.DefaultSqlSession@25105759] was not registered for synchronization because synchronization is not active
JDBC Connection [HikariProxyConnection@1312167414 wrapping com.mysql.cj.jdbc.ConnectionImpl@25842790] will not be managed by Spring
==>  Preparing: SELECT COUNT( * ) AS total FROM check_record
<==        Row: 1, 企业危化品安全管理系统上线通知, <<BLOB>>, 通知, 1, 1, 2026-01-05 08:59:13, null, 2026-01-05 08:59:13, 2026-01-05 08:59:13
==> Parameters: 
<==        Row: 2, 系统简介, <<BLOB>>, 系统简介, 0, 1, 2026-01-05 08:59:13, null, 2026-01-05 08:59:13, 2026-01-05 08:59:13
2026-01-05T04:22:28.315-05:00 DEBUG 4002 --- [hazmat-safety-system] [nio-8080-exec-9] o.s.security.web.FilterChainProxy        : Securing GET /dashboard/pending-plans
<==      Total: 2
2026-01-05T04:22:28.315-05:00 DEBUG 4002 --- [hazmat-safety-system] [nio-8080-exec-7] o.s.security.web.FilterChainProxy        : Securing GET /dashboard/pending-hazards
Closing non transactional SqlSession [org.apache.ibatis.session.defaults.DefaultSqlSession@ce7f4fb]
<==    Columns: total
<==        Row: 0
<==      Total: 1
2026-01-05T04:22:28.315-05:00 DEBUG 4002 --- [hazmat-safety-system] [io-8080-exec-10] o.s.security.web.FilterChainProxy        : Secured GET /dashboard/hot-knowledge
Creating a new SqlSession
SqlSession [org.apache.ibatis.session.defaults.DefaultSqlSession@314273f] was not registered for synchronization because synchronization is not active
JDBC Connection [HikariProxyConnection@424703019 wrapping com.mysql.cj.jdbc.ConnectionImpl@249c4e26] will not be managed by Spring
==>  Preparing: SELECT id,title,content,category,cover_image,view_count,status,create_by,create_time,update_time FROM safety_knowledge WHERE (status = ?) ORDER BY view_count DESC LIMIT 5
2026-01-05T04:22:28.316-05:00 DEBUG 4002 --- [hazmat-safety-system] [nio-8080-exec-9] o.s.security.web.FilterChainProxy        : Secured GET /dashboard/pending-plans
2026-01-05T04:22:28.316-05:00 DEBUG 4002 --- [hazmat-safety-system] [nio-8080-exec-7] o.s.security.web.FilterChainProxy        : Secured GET /dashboard/pending-hazards
==> Parameters: 1(Integer)
Creating a new SqlSession
SqlSession [org.apache.ibatis.session.defaults.DefaultSqlSession@780a80a0] was not registered for synchronization because synchronization is not active
Creating a new SqlSession
SqlSession [org.apache.ibatis.session.defaults.DefaultSqlSession@3ffcbcde] was not registered for synchronization because synchronization is not active
<==    Columns: id, title, content, category, cover_image, view_count, status, create_by, create_time, update_time
JDBC Connection [HikariProxyConnection@1065741742 wrapping com.mysql.cj.jdbc.ConnectionImpl@248d3a] will not be managed by Spring
==>  Preparing: SELECT id,title,description,check_type,plan_date,department,status,create_by,create_time,update_time FROM check_plan WHERE (status IN (?,?)) ORDER BY plan_date ASC
<==        Row: 1, 危险化学品安全操作规程, <<BLOB>>, 操作规程, null, 2, 1, null, 2026-01-05 08:59:13, 2026-01-05 08:59:13
==> Parameters: 0(Integer), 1(Integer)
Closing non transactional SqlSession [org.apache.ibatis.session.defaults.DefaultSqlSession@25105759]
Creating a new SqlSession
SqlSession [org.apache.ibatis.session.defaults.DefaultSqlSession@765c4088] was not registered for synchronization because synchronization is not active
JDBC Connection [HikariProxyConnection@1372679045 wrapping com.mysql.cj.jdbc.ConnectionImpl@25842790] will not be managed by Spring
JDBC Connection [HikariProxyConnection@1436326197 wrapping com.mysql.cj.jdbc.ConnectionImpl@1d3cf87a] will not be managed by Spring
==>  Preparing: SELECT COUNT( * ) AS total FROM hazard_report
==>  Preparing: SELECT id,title,description,location,hazard_level,hazard_type,images,reporter_id,reporter_name,report_time,status,handler_id,handler_name,handle_time,handle_result,create_time,update_time FROM hazard_report WHERE (status IN (?,?)) ORDER BY report_time DESC
==> Parameters: 
==> Parameters: 0(Integer), 1(Integer)
<==      Total: 0
<==    Columns: total
<==        Row: 0
<==      Total: 1
Closing non transactional SqlSession [org.apache.ibatis.session.defaults.DefaultSqlSession@780a80a0]
Closing non transactional SqlSession [org.apache.ibatis.session.defaults.DefaultSqlSession@765c4088]
<==      Total: 0
Creating a new SqlSession
SqlSession [org.apache.ibatis.session.defaults.DefaultSqlSession@13bc56c7] was not registered for synchronization because synchronization is not active
Closing non transactional SqlSession [org.apache.ibatis.session.defaults.DefaultSqlSession@3ffcbcde]
JDBC Connection [HikariProxyConnection@133176376 wrapping com.mysql.cj.jdbc.ConnectionImpl@25842790] will not be managed by Spring
==>  Preparing: SELECT COUNT( * ) AS total FROM hazard_report WHERE (status = ?)
==> Parameters: 0(Integer)
<==    Columns: total
<==        Row: 0
<==      Total: 1
<==        Row: 3, 个人防护装备使用指南, <<BLOB>>, 安全知识, null, 1, 1, null, 2026-01-05 08:59:13, 2026-01-05 08:59:13
Closing non transactional SqlSession [org.apache.ibatis.session.defaults.DefaultSqlSession@13bc56c7]
Creating a new SqlSession
SqlSession [org.apache.ibatis.session.defaults.DefaultSqlSession@4063ad65] was not registered for synchronization because synchronization is not active
<==        Row: 2, 化学品泄漏应急处置预案, <<BLOB>>, 应急预案, null, 0, 1, null, 2026-01-05 08:59:13, 2026-01-05 08:59:13
<==      Total: 3
JDBC Connection [HikariProxyConnection@823710144 wrapping com.mysql.cj.jdbc.ConnectionImpl@25842790] will not be managed by Spring
==>  Preparing: SELECT COUNT( * ) AS total FROM safety_knowledge WHERE (status = ?)
==> Parameters: 1(Integer)
Closing non transactional SqlSession [org.apache.ibatis.session.defaults.DefaultSqlSession@314273f]
<==    Columns: total
<==        Row: 3
<==      Total: 1
Closing non transactional SqlSession [org.apache.ibatis.session.defaults.DefaultSqlSession@4063ad65]
Creating a new SqlSession
SqlSession [org.apache.ibatis.session.defaults.DefaultSqlSession@55dae904] was not registered for synchronization because synchronization is not active
JDBC Connection [HikariProxyConnection@135229023 wrapping com.mysql.cj.jdbc.ConnectionImpl@25842790] will not be managed by Spring
==>  Preparing: SELECT COUNT( * ) AS total FROM announcement WHERE (status = ?)
==> Parameters: 1(Integer)
<==    Columns: total
<==        Row: 2
<==      Total: 1
Closing non transactional SqlSession [org.apache.ibatis.session.defaults.DefaultSqlSession@55dae904]
2026-01-05T04:22:33.141-05:00 DEBUG 4002 --- [hazmat-safety-system] [nio-8080-exec-8] o.s.security.web.FilterChainProxy        : Securing POST /hazard
2026-01-05T04:22:33.143-05:00 DEBUG 4002 --- [hazmat-safety-system] [nio-8080-exec-8] o.s.security.web.FilterChainProxy        : Secured POST /hazard
Creating a new SqlSession
SqlSession [org.apache.ibatis.session.defaults.DefaultSqlSession@2fa1075d] was not registered for synchronization because synchronization is not active
JDBC Connection [HikariProxyConnection@1660126793 wrapping com.mysql.cj.jdbc.ConnectionImpl@1d3cf87a] will not be managed by Spring
==>  Preparing: INSERT INTO hazard_report ( title, description, location, hazard_level, images, reporter_id, reporter_name, report_time, status, create_time, update_time ) VALUES ( ?, ?, ?, ?, ?, ?, ?, ?, ?, ?, ? )
==> Parameters: 111(String), 1111111111111(String), 1(String), 一般(String), (String), 2(Long), 111(String), 2026-01-05T04:22:33.149835188(LocalDateTime), 0(Integer), 2026-01-05T04:22:33.151397195(LocalDateTime), 2026-01-05T04:22:33.151465102(LocalDateTime)
<==    Updates: 1
Closing non transactional SqlSession [org.apache.ibatis.session.defaults.DefaultSqlSession@2fa1075d]
2026-01-05T04:22:34.240-05:00 DEBUG 4002 --- [hazmat-safety-system] [nio-8080-exec-6] o.s.security.web.FilterChainProxy        : Securing GET /user/safety-admin/list?pageNum=1&pageSize=10&username=&realName=
2026-01-05T04:22:34.242-05:00 DEBUG 4002 --- [hazmat-safety-system] [nio-8080-exec-6] o.s.security.web.FilterChainProxy        : Secured GET /user/safety-admin/list?pageNum=1&pageSize=10&username=&realName=
Creating a new SqlSession
SqlSession [org.apache.ibatis.session.defaults.DefaultSqlSession@1c734e48] was not registered for synchronization because synchronization is not active
JDBC Connection [HikariProxyConnection@1365958885 wrapping com.mysql.cj.jdbc.ConnectionImpl@248d3a] will not be managed by Spring
==>  Preparing: SELECT COUNT(*) AS total FROM safety_admin
==> Parameters: 
<==    Columns: total
<==        Row: 1
<==      Total: 1
==>  Preparing: SELECT id,username,password,real_name,phone,email,department,avatar,status,create_time,update_time FROM safety_admin ORDER BY create_time DESC LIMIT ?
==> Parameters: 10(Long)
<==    Columns: id, username, password, real_name, phone, email, department, avatar, status, create_time, update_time
<==        Row: 1, safety, $2b$12$tpP2JAqVoWFv0gpHINXCIOzLkBXozPwQJ.bQkP8ISRodVV36ahICW, 安全管理员, 13800000001, safety@example.com, 安全管理部, null, 1, 2026-01-05 08:59:13, 2026-01-05 09:15:26
<==      Total: 1
Closing non transactional SqlSession [org.apache.ibatis.session.defaults.DefaultSqlSession@1c734e48]
2026-01-05T04:22:35.524-05:00 DEBUG 4002 --- [hazmat-safety-system] [nio-8080-exec-1] o.s.security.web.FilterChainProxy        : Securing GET /user/list?pageNum=1&pageSize=10&username=&realName=
2026-01-05T04:22:35.525-05:00 DEBUG 4002 --- [hazmat-safety-system] [nio-8080-exec-1] o.s.security.web.FilterChainProxy        : Secured GET /user/list?pageNum=1&pageSize=10&username=&realName=
Creating a new SqlSession
SqlSession [org.apache.ibatis.session.defaults.DefaultSqlSession@62b3c4af] was not registered for synchronization because synchronization is not active
JDBC Connection [HikariProxyConnection@1403812206 wrapping com.mysql.cj.jdbc.ConnectionImpl@7ac22c1e] will not be managed by Spring
==>  Preparing: SELECT COUNT(*) AS total FROM sys_user
==> Parameters: 
<==    Columns: total
<==        Row: 2
<==      Total: 1
==>  Preparing: SELECT id,username,password,real_name,phone,email,department,avatar,status,create_time,update_time FROM sys_user ORDER BY create_time DESC LIMIT ?
==> Parameters: 10(Long)
<==    Columns: id, username, password, real_name, phone, email, department, avatar, status, create_time, update_time
<==        Row: 2, 111, $2a$10$GPdgYd/3CpGNqJiRw0/4aucro5R/ip4a722Lt60oUygDk2RdirE3., 111, 13686666666, 1111111@qq.com, 1, null, 1, 2026-01-05 04:21:03, 2026-01-05 04:21:03
<==        Row: 1, huyiwen, $2a$10$nhrkfSvgfJCHZJyz2hyDfuhNROwBK397CTqUZVsaADcPHGR.jOsOy, Huyiwen, 17683728423, 17683728423@163.com, 测试部, null, 1, 2026-01-05 04:10:52, 2026-01-05 04:10:52
<==      Total: 2
Closing non transactional SqlSession [org.apache.ibatis.session.defaults.DefaultSqlSession@62b3c4af]
2026-01-05T04:22:37.882-05:00 DEBUG 4002 --- [hazmat-safety-system] [nio-8080-exec-2] o.s.security.web.FilterChainProxy        : Securing GET /hazard/my?pageNum=1&pageSize=10
2026-01-05T04:22:37.883-05:00 DEBUG 4002 --- [hazmat-safety-system] [nio-8080-exec-2] o.s.security.web.FilterChainProxy        : Secured GET /hazard/my?pageNum=1&pageSize=10
Creating a new SqlSession
SqlSession [org.apache.ibatis.session.defaults.DefaultSqlSession@291a820d] was not registered for synchronization because synchronization is not active
JDBC Connection [HikariProxyConnection@1807928040 wrapping com.mysql.cj.jdbc.ConnectionImpl@7ac22c1e] will not be managed by Spring
==>  Preparing: SELECT COUNT(*) AS total FROM hazard_report WHERE (reporter_id = ?)
==> Parameters: 2(Long)
<==    Columns: total
<==        Row: 1
<==      Total: 1
==>  Preparing: SELECT id,title,description,location,hazard_level,hazard_type,images,reporter_id,reporter_name,report_time,status,handler_id,handler_name,handle_time,handle_result,create_time,update_time FROM hazard_report WHERE (reporter_id = ?) ORDER BY report_time DESC LIMIT ?
==> Parameters: 2(Long), 10(Long)
<==    Columns: id, title, description, location, hazard_level, hazard_type, images, reporter_id, reporter_name, report_time, status, handler_id, handler_name, handle_time, handle_result, create_time, update_time
<==        Row: 1, 111, <<BLOB>>, 1, 一般, null, <<BLOB>>, 2, 111, 2026-01-05 04:22:33, 0, null, null, null, <<BLOB>>, 2026-01-05 04:22:33, 2026-01-05 04:22:33
<==      Total: 1
Closing non transactional SqlSession [org.apache.ibatis.session.defaults.DefaultSqlSession@291a820d]
2026-01-05T04:22:40.012-05:00 DEBUG 4002 --- [hazmat-safety-system] [nio-8080-exec-3] o.s.security.web.FilterChainProxy        : Securing GET /dashboard/stats
2026-01-05T04:22:40.013-05:00 DEBUG 4002 --- [hazmat-safety-system] [nio-8080-exec-7] o.s.security.web.FilterChainProxy        : Securing GET /dashboard/pending-plans
2026-01-05T04:22:40.013-05:00 DEBUG 4002 --- [hazmat-safety-system] [io-8080-exec-10] o.s.security.web.FilterChainProxy        : Securing GET /dashboard/hot-knowledge
2026-01-05T04:22:40.013-05:00 DEBUG 4002 --- [hazmat-safety-system] [nio-8080-exec-9] o.s.security.web.FilterChainProxy        : Securing GET /dashboard/announcements
2026-01-05T04:22:40.013-05:00 DEBUG 4002 --- [hazmat-safety-system] [nio-8080-exec-5] o.s.security.web.FilterChainProxy        : Securing GET /dashboard/pending-hazards
2026-01-05T04:22:40.015-05:00 DEBUG 4002 --- [hazmat-safety-system] [nio-8080-exec-9] o.s.security.web.FilterChainProxy        : Secured GET /dashboard/announcements
2026-01-05T04:22:40.015-05:00 DEBUG 4002 --- [hazmat-safety-system] [nio-8080-exec-3] o.s.security.web.FilterChainProxy        : Secured GET /dashboard/stats
2026-01-05T04:22:40.015-05:00 DEBUG 4002 --- [hazmat-safety-system] [io-8080-exec-10] o.s.security.web.FilterChainProxy        : Secured GET /dashboard/hot-knowledge
2026-01-05T04:22:40.016-05:00 DEBUG 4002 --- [hazmat-safety-system] [nio-8080-exec-7] o.s.security.web.FilterChainProxy        : Secured GET /dashboard/pending-plans
2026-01-05T04:22:40.016-05:00 DEBUG 4002 --- [hazmat-safety-system] [nio-8080-exec-5] o.s.security.web.FilterChainProxy        : Secured GET /dashboard/pending-hazards
Creating a new SqlSession
Creating a new SqlSession
Creating a new SqlSession
Creating a new SqlSession
SqlSession [org.apache.ibatis.session.defaults.DefaultSqlSession@4a89ca9] was not registered for synchronization because synchronization is not active
SqlSession [org.apache.ibatis.session.defaults.DefaultSqlSession@48eef627] was not registered for synchronization because synchronization is not active
SqlSession [org.apache.ibatis.session.defaults.DefaultSqlSession@39bc3616] was not registered for synchronization because synchronization is not active
SqlSession [org.apache.ibatis.session.defaults.DefaultSqlSession@4ba47dff] was not registered for synchronization because synchronization is not active
Creating a new SqlSession
SqlSession [org.apache.ibatis.session.defaults.DefaultSqlSession@491f0e21] was not registered for synchronization because synchronization is not active
JDBC Connection [HikariProxyConnection@300167705 wrapping com.mysql.cj.jdbc.ConnectionImpl@1d3cf87a] will not be managed by Spring
JDBC Connection [HikariProxyConnection@671814428 wrapping com.mysql.cj.jdbc.ConnectionImpl@248d3a] will not be managed by Spring
==>  Preparing: SELECT id,title,description,check_type,plan_date,department,status,create_by,create_time,update_time FROM check_plan WHERE (status IN (?,?)) ORDER BY plan_date ASC
JDBC Connection [HikariProxyConnection@1509907477 wrapping com.mysql.cj.jdbc.ConnectionImpl@249c4e26] will not be managed by Spring
==>  Preparing: SELECT id,title,content,type,priority,status,publish_time,create_by,create_time,update_time FROM announcement WHERE (status = ?) ORDER BY priority DESC,publish_time DESC LIMIT 5
==>  Preparing: SELECT COUNT( * ) AS total FROM hazmat_info WHERE (status = ?)
JDBC Connection [HikariProxyConnection@456381377 wrapping com.mysql.cj.jdbc.ConnectionImpl@7ac22c1e] will not be managed by Spring
==>  Preparing: SELECT id,title,content,category,cover_image,view_count,status,create_by,create_time,update_time FROM safety_knowledge WHERE (status = ?) ORDER BY view_count DESC LIMIT 5
==> Parameters: 0(Integer), 1(Integer)
==> Parameters: 1(Integer)
JDBC Connection [HikariProxyConnection@2053929941 wrapping com.mysql.cj.jdbc.ConnectionImpl@25842790] will not be managed by Spring
==>  Preparing: SELECT id,title,description,location,hazard_level,hazard_type,images,reporter_id,reporter_name,report_time,status,handler_id,handler_name,handle_time,handle_result,create_time,update_time FROM hazard_report WHERE (status IN (?,?)) ORDER BY report_time DESC
==> Parameters: 0(Integer), 1(Integer)
==> Parameters: 1(Integer)
==> Parameters: 1(Integer)
<==      Total: 0
<==    Columns: id, title, content, category, cover_image, view_count, status, create_by, create_time, update_time
<==    Columns: id, title, content, type, priority, status, publish_time, create_by, create_time, update_time
<==    Columns: id, title, description, location, hazard_level, hazard_type, images, reporter_id, reporter_name, report_time, status, handler_id, handler_name, handle_time, handle_result, create_time, update_time
Closing non transactional SqlSession [org.apache.ibatis.session.defaults.DefaultSqlSession@4ba47dff]
<==        Row: 1, 危险化学品安全操作规程, <<BLOB>>, 操作规程, null, 2, 1, null, 2026-01-05 08:59:13, 2026-01-05 08:59:13
<==        Row: 1, 111, <<BLOB>>, 1, 一般, null, <<BLOB>>, 2, 111, 2026-01-05 04:22:33, 0, null, null, null, <<BLOB>>, 2026-01-05 04:22:33, 2026-01-05 04:22:33
<==        Row: 1, 企业危化品安全管理系统上线通知, <<BLOB>>, 通知, 1, 1, 2026-01-05 08:59:13, null, 2026-01-05 08:59:13, 2026-01-05 08:59:13
<==        Row: 2, 系统简介, <<BLOB>>, 系统简介, 0, 1, 2026-01-05 08:59:13, null, 2026-01-05 08:59:13, 2026-01-05 08:59:13
<==      Total: 1
<==      Total: 2
<==        Row: 3, 个人防护装备使用指南, <<BLOB>>, 安全知识, null, 1, 1, null, 2026-01-05 08:59:13, 2026-01-05 08:59:13
Closing non transactional SqlSession [org.apache.ibatis.session.defaults.DefaultSqlSession@491f0e21]
Closing non transactional SqlSession [org.apache.ibatis.session.defaults.DefaultSqlSession@4a89ca9]
<==        Row: 2, 化学品泄漏应急处置预案, <<BLOB>>, 应急预案, null, 0, 1, null, 2026-01-05 08:59:13, 2026-01-05 08:59:13
<==      Total: 3
Closing non transactional SqlSession [org.apache.ibatis.session.defaults.DefaultSqlSession@39bc3616]
<==    Columns: total
<==        Row: 5
<==      Total: 1
Closing non transactional SqlSession [org.apache.ibatis.session.defaults.DefaultSqlSession@48eef627]
Creating a new SqlSession
SqlSession [org.apache.ibatis.session.defaults.DefaultSqlSession@9b77fba] was not registered for synchronization because synchronization is not active
JDBC Connection [HikariProxyConnection@911736677 wrapping com.mysql.cj.jdbc.ConnectionImpl@249c4e26] will not be managed by Spring
==>  Preparing: SELECT COUNT( * ) AS total FROM check_plan
==> Parameters: 
<==    Columns: total
<==        Row: 0
<==      Total: 1
Closing non transactional SqlSession [org.apache.ibatis.session.defaults.DefaultSqlSession@9b77fba]
Creating a new SqlSession
SqlSession [org.apache.ibatis.session.defaults.DefaultSqlSession@459a123b] was not registered for synchronization because synchronization is not active
JDBC Connection [HikariProxyConnection@2011361181 wrapping com.mysql.cj.jdbc.ConnectionImpl@249c4e26] will not be managed by Spring
==>  Preparing: SELECT COUNT( * ) AS total FROM check_record
==> Parameters: 
<==    Columns: total
<==        Row: 0
<==      Total: 1
Closing non transactional SqlSession [org.apache.ibatis.session.defaults.DefaultSqlSession@459a123b]
Creating a new SqlSession
SqlSession [org.apache.ibatis.session.defaults.DefaultSqlSession@33739e27] was not registered for synchronization because synchronization is not active
JDBC Connection [HikariProxyConnection@644696504 wrapping com.mysql.cj.jdbc.ConnectionImpl@249c4e26] will not be managed by Spring
==>  Preparing: SELECT COUNT( * ) AS total FROM hazard_report
==> Parameters: 
<==    Columns: total
<==        Row: 1
<==      Total: 1
Closing non transactional SqlSession [org.apache.ibatis.session.defaults.DefaultSqlSession@33739e27]
Creating a new SqlSession
SqlSession [org.apache.ibatis.session.defaults.DefaultSqlSession@4c04fec] was not registered for synchronization because synchronization is not active
JDBC Connection [HikariProxyConnection@728591349 wrapping com.mysql.cj.jdbc.ConnectionImpl@249c4e26] will not be managed by Spring
==>  Preparing: SELECT COUNT( * ) AS total FROM hazard_report WHERE (status = ?)
==> Parameters: 0(Integer)
<==    Columns: total
<==        Row: 1
<==      Total: 1
Closing non transactional SqlSession [org.apache.ibatis.session.defaults.DefaultSqlSession@4c04fec]
Creating a new SqlSession
SqlSession [org.apache.ibatis.session.defaults.DefaultSqlSession@3f6d530a] was not registered for synchronization because synchronization is not active
JDBC Connection [HikariProxyConnection@970245156 wrapping com.mysql.cj.jdbc.ConnectionImpl@249c4e26] will not be managed by Spring
==>  Preparing: SELECT COUNT( * ) AS total FROM safety_knowledge WHERE (status = ?)
==> Parameters: 1(Integer)
<==    Columns: total
<==        Row: 3
<==      Total: 1
Closing non transactional SqlSession [org.apache.ibatis.session.defaults.DefaultSqlSession@3f6d530a]
Creating a new SqlSession
SqlSession [org.apache.ibatis.session.defaults.DefaultSqlSession@10f30e3a] was not registered for synchronization because synchronization is not active
JDBC Connection [HikariProxyConnection@1163127341 wrapping com.mysql.cj.jdbc.ConnectionImpl@249c4e26] will not be managed by Spring
==>  Preparing: SELECT COUNT( * ) AS total FROM announcement WHERE (status = ?)
==> Parameters: 1(Integer)
<==    Columns: total
<==        Row: 2
<==      Total: 1
Closing non transactional SqlSession [org.apache.ibatis.session.defaults.DefaultSqlSession@10f30e3a]
2026-01-05T04:22:46.394-05:00 DEBUG 4002 --- [hazmat-safety-system] [nio-8080-exec-4] o.s.security.web.FilterChainProxy        : Securing GET /knowledge/3
2026-01-05T04:22:46.396-05:00 DEBUG 4002 --- [hazmat-safety-system] [nio-8080-exec-4] o.s.security.web.FilterChainProxy        : Secured GET /knowledge/3
Creating a new SqlSession
SqlSession [org.apache.ibatis.session.defaults.DefaultSqlSession@39764b87] was not registered for synchronization because synchronization is not active
JDBC Connection [HikariProxyConnection@996546404 wrapping com.mysql.cj.jdbc.ConnectionImpl@25842790] will not be managed by Spring
==>  Preparing: SELECT id,title,content,category,cover_image,view_count,status,create_by,create_time,update_time FROM safety_knowledge WHERE id=?
==> Parameters: 3(Long)
<==    Columns: id, title, content, category, cover_image, view_count, status, create_by, create_time, update_time
<==        Row: 3, 个人防护装备使用指南, <<BLOB>>, 安全知识, null, 1, 1, null, 2026-01-05 08:59:13, 2026-01-05 08:59:13
<==      Total: 1
Closing non transactional SqlSession [org.apache.ibatis.session.defaults.DefaultSqlSession@39764b87]
Creating a new SqlSession
SqlSession [org.apache.ibatis.session.defaults.DefaultSqlSession@464a8ed3] was not registered for synchronization because synchronization is not active
JDBC Connection [HikariProxyConnection@1307299822 wrapping com.mysql.cj.jdbc.ConnectionImpl@25842790] will not be managed by Spring
==>  Preparing: UPDATE safety_knowledge SET title=?, content=?, category=?, view_count=?, status=?, create_time=?, update_time=? WHERE id=?
==> Parameters: 个人防护装备使用指南(String), 一、防护装备分类
1. 呼吸防护：防毒面具、空气呼吸器、防尘口罩等。
2. 眼面防护：安全眼镜、防护面罩、防化学飞溅眼罩等。
3. 身体防护：防化服、耐酸碱服、防静电服等。
4. 手部防护：耐酸碱手套、防化手套、绝缘手套等。
5. 足部防护：防化靴、绝缘鞋、防砸鞋等。

二、使用注意事项
1. 使用前检查防护装备是否完好无损。
2. 正确佩戴，确保密封性和防护效果。
3. 使用后及时清洗、消毒、存放。
4. 定期检查、更换过期或损坏的防护装备。(String), 安全知识(String), 2(Integer), 1(Integer), 2026-01-05T08:59:13(LocalDateTime), 2026-01-05T08:59:13(LocalDateTime), 3(Long)
<==    Updates: 1
Closing non transactional SqlSession [org.apache.ibatis.session.defaults.DefaultSqlSession@464a8ed3]
2026-01-05T04:22:48.126-05:00 DEBUG 4002 --- [hazmat-safety-system] [nio-8080-exec-8] o.s.security.web.FilterChainProxy        : Securing GET /dashboard/hot-knowledge
2026-01-05T04:22:48.127-05:00 DEBUG 4002 --- [hazmat-safety-system] [nio-8080-exec-1] o.s.security.web.FilterChainProxy        : Securing GET /dashboard/pending-hazards
2026-01-05T04:22:48.127-05:00 DEBUG 4002 --- [hazmat-safety-system] [nio-8080-exec-6] o.s.security.web.FilterChainProxy        : Securing GET /dashboard/announcements
2026-01-05T04:22:48.127-05:00 DEBUG 4002 --- [hazmat-safety-system] [nio-8080-exec-2] o.s.security.web.FilterChainProxy        : Securing GET /dashboard/stats
2026-01-05T04:22:48.128-05:00 DEBUG 4002 --- [hazmat-safety-system] [nio-8080-exec-8] o.s.security.web.FilterChainProxy        : Secured GET /dashboard/hot-knowledge
2026-01-05T04:22:48.129-05:00 DEBUG 4002 --- [hazmat-safety-system] [nio-8080-exec-2] o.s.security.web.FilterChainProxy        : Secured GET /dashboard/stats
2026-01-05T04:22:48.129-05:00 DEBUG 4002 --- [hazmat-safety-system] [nio-8080-exec-1] o.s.security.web.FilterChainProxy        : Secured GET /dashboard/pending-hazards
Creating a new SqlSession
Creating a new SqlSession
SqlSession [org.apache.ibatis.session.defaults.DefaultSqlSession@39d4e027] was not registered for synchronization because synchronization is not active
SqlSession [org.apache.ibatis.session.defaults.DefaultSqlSession@5dc218cd] was not registered for synchronization because synchronization is not active
2026-01-05T04:22:48.129-05:00 DEBUG 4002 --- [hazmat-safety-system] [nio-8080-exec-6] o.s.security.web.FilterChainProxy        : Secured GET /dashboard/announcements
Creating a new SqlSession
SqlSession [org.apache.ibatis.session.defaults.DefaultSqlSession@4fa0c475] was not registered for synchronization because synchronization is not active
Creating a new SqlSession
SqlSession [org.apache.ibatis.session.defaults.DefaultSqlSession@16daa47c] was not registered for synchronization because synchronization is not active
JDBC Connection [HikariProxyConnection@539630615 wrapping com.mysql.cj.jdbc.ConnectionImpl@7ac22c1e] will not be managed by Spring
==>  Preparing: SELECT COUNT( * ) AS total FROM hazmat_info WHERE (status = ?)
JDBC Connection [HikariProxyConnection@1144344830 wrapping com.mysql.cj.jdbc.ConnectionImpl@248d3a] will not be managed by Spring
JDBC Connection [HikariProxyConnection@1198254234 wrapping com.mysql.cj.jdbc.ConnectionImpl@1d3cf87a] will not be managed by Spring
==>  Preparing: SELECT id,title,description,location,hazard_level,hazard_type,images,reporter_id,reporter_name,report_time,status,handler_id,handler_name,handle_time,handle_result,create_time,update_time FROM hazard_report WHERE (status IN (?,?)) ORDER BY report_time DESC
==>  Preparing: SELECT id,title,content,category,cover_image,view_count,status,create_by,create_time,update_time FROM safety_knowledge WHERE (status = ?) ORDER BY view_count DESC LIMIT 5
==> Parameters: 1(Integer)
==> Parameters: 0(Integer), 1(Integer)
==> Parameters: 1(Integer)
JDBC Connection [HikariProxyConnection@271647626 wrapping com.mysql.cj.jdbc.ConnectionImpl@249c4e26] will not be managed by Spring
==>  Preparing: SELECT id,title,content,type,priority,status,publish_time,create_by,create_time,update_time FROM announcement WHERE (status = ?) ORDER BY priority DESC,publish_time DESC LIMIT 5
==> Parameters: 1(Integer)
<==    Columns: total
<==        Row: 5
<==      Total: 1
Closing non transactional SqlSession [org.apache.ibatis.session.defaults.DefaultSqlSession@5dc218cd]
Creating a new SqlSession
SqlSession [org.apache.ibatis.session.defaults.DefaultSqlSession@626d65e9] was not registered for synchronization because synchronization is not active
<==    Columns: id, title, description, location, hazard_level, hazard_type, images, reporter_id, reporter_name, report_time, status, handler_id, handler_name, handle_time, handle_result, create_time, update_time
<==    Columns: id, title, content, type, priority, status, publish_time, create_by, create_time, update_time
JDBC Connection [HikariProxyConnection@799284505 wrapping com.mysql.cj.jdbc.ConnectionImpl@7ac22c1e] will not be managed by Spring
<==    Columns: id, title, content, category, cover_image, view_count, status, create_by, create_time, update_time
<==        Row: 1, 111, <<BLOB>>, 1, 一般, null, <<BLOB>>, 2, 111, 2026-01-05 04:22:33, 0, null, null, null, <<BLOB>>, 2026-01-05 04:22:33, 2026-01-05 04:22:33
==>  Preparing: SELECT COUNT( * ) AS total FROM check_plan
<==        Row: 1, 企业危化品安全管理系统上线通知, <<BLOB>>, 通知, 1, 1, 2026-01-05 08:59:13, null, 2026-01-05 08:59:13, 2026-01-05 08:59:13
<==        Row: 1, 危险化学品安全操作规程, <<BLOB>>, 操作规程, null, 2, 1, null, 2026-01-05 08:59:13, 2026-01-05 08:59:13
==> Parameters: 
<==      Total: 1
Closing non transactional SqlSession [org.apache.ibatis.session.defaults.DefaultSqlSession@4fa0c475]
<==        Row: 2, 系统简介, <<BLOB>>, 系统简介, 0, 1, 2026-01-05 08:59:13, null, 2026-01-05 08:59:13, 2026-01-05 08:59:13
<==        Row: 3, 个人防护装备使用指南, <<BLOB>>, 安全知识, null, 2, 1, null, 2026-01-05 08:59:13, 2026-01-05 08:59:13
<==      Total: 2
<==    Columns: total
<==        Row: 0
<==        Row: 2, 化学品泄漏应急处置预案, <<BLOB>>, 应急预案, null, 0, 1, null, 2026-01-05 08:59:13, 2026-01-05 08:59:13
Closing non transactional SqlSession [org.apache.ibatis.session.defaults.DefaultSqlSession@16daa47c]
<==      Total: 1
<==      Total: 3
Closing non transactional SqlSession [org.apache.ibatis.session.defaults.DefaultSqlSession@626d65e9]
Creating a new SqlSession
Closing non transactional SqlSession [org.apache.ibatis.session.defaults.DefaultSqlSession@39d4e027]
SqlSession [org.apache.ibatis.session.defaults.DefaultSqlSession@2430e4ec] was not registered for synchronization because synchronization is not active
JDBC Connection [HikariProxyConnection@763076526 wrapping com.mysql.cj.jdbc.ConnectionImpl@7ac22c1e] will not be managed by Spring
==>  Preparing: SELECT COUNT( * ) AS total FROM check_record
==> Parameters: 
<==    Columns: total
<==        Row: 0
<==      Total: 1
Closing non transactional SqlSession [org.apache.ibatis.session.defaults.DefaultSqlSession@2430e4ec]
Creating a new SqlSession
SqlSession [org.apache.ibatis.session.defaults.DefaultSqlSession@eb82d52] was not registered for synchronization because synchronization is not active
JDBC Connection [HikariProxyConnection@764194797 wrapping com.mysql.cj.jdbc.ConnectionImpl@7ac22c1e] will not be managed by Spring
==>  Preparing: SELECT COUNT( * ) AS total FROM hazard_report
==> Parameters: 
<==    Columns: total
<==        Row: 1
<==      Total: 1
Closing non transactional SqlSession [org.apache.ibatis.session.defaults.DefaultSqlSession@eb82d52]
Creating a new SqlSession
SqlSession [org.apache.ibatis.session.defaults.DefaultSqlSession@3ebf9524] was not registered for synchronization because synchronization is not active
JDBC Connection [HikariProxyConnection@1898118428 wrapping com.mysql.cj.jdbc.ConnectionImpl@7ac22c1e] will not be managed by Spring
==>  Preparing: SELECT COUNT( * ) AS total FROM hazard_report WHERE (status = ?)
==> Parameters: 0(Integer)
<==    Columns: total
<==        Row: 1
<==      Total: 1
Closing non transactional SqlSession [org.apache.ibatis.session.defaults.DefaultSqlSession@3ebf9524]
Creating a new SqlSession
SqlSession [org.apache.ibatis.session.defaults.DefaultSqlSession@3bf80817] was not registered for synchronization because synchronization is not active
JDBC Connection [HikariProxyConnection@2032975097 wrapping com.mysql.cj.jdbc.ConnectionImpl@7ac22c1e] will not be managed by Spring
==>  Preparing: SELECT COUNT( * ) AS total FROM safety_knowledge WHERE (status = ?)
==> Parameters: 1(Integer)
2026-01-05T04:22:48.136-05:00 DEBUG 4002 --- [hazmat-safety-system] [nio-8080-exec-7] o.s.security.web.FilterChainProxy        : Securing GET /dashboard/pending-plans
<==    Columns: total
<==        Row: 3
<==      Total: 1
Closing non transactional SqlSession [org.apache.ibatis.session.defaults.DefaultSqlSession@3bf80817]
Creating a new SqlSession
SqlSession [org.apache.ibatis.session.defaults.DefaultSqlSession@68d61168] was not registered for synchronization because synchronization is not active
JDBC Connection [HikariProxyConnection@320148693 wrapping com.mysql.cj.jdbc.ConnectionImpl@7ac22c1e] will not be managed by Spring
==>  Preparing: SELECT COUNT( * ) AS total FROM announcement WHERE (status = ?)
==> Parameters: 1(Integer)
2026-01-05T04:22:48.137-05:00 DEBUG 4002 --- [hazmat-safety-system] [nio-8080-exec-7] o.s.security.web.FilterChainProxy        : Secured GET /dashboard/pending-plans
Creating a new SqlSession
SqlSession [org.apache.ibatis.session.defaults.DefaultSqlSession@6b83a67b] was not registered for synchronization because synchronization is not active
<==    Columns: total
<==        Row: 2
<==      Total: 1
Closing non transactional SqlSession [org.apache.ibatis.session.defaults.DefaultSqlSession@68d61168]
JDBC Connection [HikariProxyConnection@52458865 wrapping com.mysql.cj.jdbc.ConnectionImpl@1d3cf87a] will not be managed by Spring
==>  Preparing: SELECT id,title,description,check_type,plan_date,department,status,create_by,create_time,update_time FROM check_plan WHERE (status IN (?,?)) ORDER BY plan_date ASC
==> Parameters: 0(Integer), 1(Integer)
<==      Total: 0
Closing non transactional SqlSession [org.apache.ibatis.session.defaults.DefaultSqlSession@6b83a67b]
2026-01-05T04:22:58.615-05:00 DEBUG 4002 --- [hazmat-safety-system] [nio-8080-exec-5] o.s.security.web.FilterChainProxy        : Securing GET /hazard/my?pageNum=1&pageSize=10
2026-01-05T04:22:58.617-05:00 DEBUG 4002 --- [hazmat-safety-system] [nio-8080-exec-5] o.s.security.web.FilterChainProxy        : Secured GET /hazard/my?pageNum=1&pageSize=10
Creating a new SqlSession
SqlSession [org.apache.ibatis.session.defaults.DefaultSqlSession@1035a836] was not registered for synchronization because synchronization is not active
JDBC Connection [HikariProxyConnection@943826748 wrapping com.mysql.cj.jdbc.ConnectionImpl@25842790] will not be managed by Spring
==>  Preparing: SELECT COUNT(*) AS total FROM hazard_report WHERE (reporter_id = ?)
==> Parameters: 2(Long)
<==    Columns: total
<==        Row: 1
<==      Total: 1
==>  Preparing: SELECT id,title,description,location,hazard_level,hazard_type,images,reporter_id,reporter_name,report_time,status,handler_id,handler_name,handle_time,handle_result,create_time,update_time FROM hazard_report WHERE (reporter_id = ?) ORDER BY report_time DESC LIMIT ?
==> Parameters: 2(Long), 10(Long)
<==    Columns: id, title, description, location, hazard_level, hazard_type, images, reporter_id, reporter_name, report_time, status, handler_id, handler_name, handle_time, handle_result, create_time, update_time
<==        Row: 1, 111, <<BLOB>>, 1, 一般, null, <<BLOB>>, 2, 111, 2026-01-05 04:22:33, 0, null, null, null, <<BLOB>>, 2026-01-05 04:22:33, 2026-01-05 04:22:33
<==      Total: 1
Closing non transactional SqlSession [org.apache.ibatis.session.defaults.DefaultSqlSession@1035a836]
2026-01-05T04:23:00.448-05:00 DEBUG 4002 --- [hazmat-safety-system] [nio-8080-exec-9] o.s.security.web.FilterChainProxy        : Securing GET /user/safety-admin/list?pageNum=1&pageSize=10&username=&realName=
2026-01-05T04:23:00.450-05:00 DEBUG 4002 --- [hazmat-safety-system] [nio-8080-exec-9] o.s.security.web.FilterChainProxy        : Secured GET /user/safety-admin/list?pageNum=1&pageSize=10&username=&realName=
Creating a new SqlSession
SqlSession [org.apache.ibatis.session.defaults.DefaultSqlSession@61c94c3] was not registered for synchronization because synchronization is not active
JDBC Connection [HikariProxyConnection@913466704 wrapping com.mysql.cj.jdbc.ConnectionImpl@248d3a] will not be managed by Spring
==>  Preparing: SELECT COUNT(*) AS total FROM safety_admin
==> Parameters: 
<==    Columns: total
<==        Row: 1
<==      Total: 1
==>  Preparing: SELECT id,username,password,real_name,phone,email,department,avatar,status,create_time,update_time FROM safety_admin ORDER BY create_time DESC LIMIT ?
==> Parameters: 10(Long)
<==    Columns: id, username, password, real_name, phone, email, department, avatar, status, create_time, update_time
<==        Row: 1, safety, $2b$12$tpP2JAqVoWFv0gpHINXCIOzLkBXozPwQJ.bQkP8ISRodVV36ahICW, 安全管理员, 13800000001, safety@example.com, 安全管理部, null, 1, 2026-01-05 08:59:13, 2026-01-05 09:15:26
<==      Total: 1
Closing non transactional SqlSession [org.apache.ibatis.session.defaults.DefaultSqlSession@61c94c3]
2026-01-05T04:23:01.904-05:00 DEBUG 4002 --- [hazmat-safety-system] [io-8080-exec-10] o.s.security.web.FilterChainProxy        : Securing GET /knowledge/published?pageNum=1&pageSize=9&title=&category=
2026-01-05T04:23:01.906-05:00 DEBUG 4002 --- [hazmat-safety-system] [io-8080-exec-10] o.s.security.web.FilterChainProxy        : Secured GET /knowledge/published?pageNum=1&pageSize=9&title=&category=
Creating a new SqlSession
SqlSession [org.apache.ibatis.session.defaults.DefaultSqlSession@673112cb] was not registered for synchronization because synchronization is not active
JDBC Connection [HikariProxyConnection@978183499 wrapping com.mysql.cj.jdbc.ConnectionImpl@7ac22c1e] will not be managed by Spring
==>  Preparing: SELECT COUNT(*) AS total FROM safety_knowledge WHERE (status = ?)
==> Parameters: 1(Integer)
<==    Columns: total
<==        Row: 3
<==      Total: 1
==>  Preparing: SELECT id,title,content,category,cover_image,view_count,status,create_by,create_time,update_time FROM safety_knowledge WHERE (status = ?) ORDER BY create_time DESC LIMIT ?
==> Parameters: 1(Integer), 9(Long)
<==    Columns: id, title, content, category, cover_image, view_count, status, create_by, create_time, update_time
<==        Row: 1, 危险化学品安全操作规程, <<BLOB>>, 操作规程, null, 2, 1, null, 2026-01-05 08:59:13, 2026-01-05 08:59:13
<==        Row: 2, 化学品泄漏应急处置预案, <<BLOB>>, 应急预案, null, 0, 1, null, 2026-01-05 08:59:13, 2026-01-05 08:59:13
<==        Row: 3, 个人防护装备使用指南, <<BLOB>>, 安全知识, null, 2, 1, null, 2026-01-05 08:59:13, 2026-01-05 08:59:13
<==      Total: 3
Closing non transactional SqlSession [org.apache.ibatis.session.defaults.DefaultSqlSession@673112cb]
2026-01-05T04:23:05.893-05:00 DEBUG 4002 --- [hazmat-safety-system] [nio-8080-exec-3] o.s.security.web.FilterChainProxy        : Securing GET /user/2
2026-01-05T04:23:05.895-05:00 DEBUG 4002 --- [hazmat-safety-system] [nio-8080-exec-3] o.s.security.web.FilterChainProxy        : Secured GET /user/2
Creating a new SqlSession
SqlSession [org.apache.ibatis.session.defaults.DefaultSqlSession@1246ad5a] was not registered for synchronization because synchronization is not active
JDBC Connection [HikariProxyConnection@449639414 wrapping com.mysql.cj.jdbc.ConnectionImpl@249c4e26] will not be managed by Spring
==>  Preparing: SELECT id,username,password,real_name,phone,email,department,avatar,status,create_time,update_time FROM sys_user WHERE id=?
==> Parameters: 2(Long)
<==    Columns: id, username, password, real_name, phone, email, department, avatar, status, create_time, update_time
<==        Row: 2, 111, $2a$10$GPdgYd/3CpGNqJiRw0/4aucro5R/ip4a722Lt60oUygDk2RdirE3., 111, 13686666666, 1111111@qq.com, 1, null, 1, 2026-01-05 04:21:03, 2026-01-05 04:21:03
<==      Total: 1
Closing non transactional SqlSession [org.apache.ibatis.session.defaults.DefaultSqlSession@1246ad5a]
2026-01-05T04:23:07.610-05:00 DEBUG 4002 --- [hazmat-safety-system] [nio-8080-exec-4] o.s.security.web.FilterChainProxy        : Securing GET /dashboard/stats
2026-01-05T04:23:07.611-05:00 DEBUG 4002 --- [hazmat-safety-system] [nio-8080-exec-4] o.s.security.web.FilterChainProxy        : Secured GET /dashboard/stats
2026-01-05T04:23:07.611-05:00 DEBUG 4002 --- [hazmat-safety-system] [nio-8080-exec-1] o.s.security.web.FilterChainProxy        : Securing GET /dashboard/hot-knowledge
2026-01-05T04:23:07.612-05:00 DEBUG 4002 --- [hazmat-safety-system] [nio-8080-exec-6] o.s.security.web.FilterChainProxy        : Securing GET /dashboard/pending-hazards
Creating a new SqlSession
SqlSession [org.apache.ibatis.session.defaults.DefaultSqlSession@490461f5] was not registered for synchronization because synchronization is not active
2026-01-05T04:23:07.612-05:00 DEBUG 4002 --- [hazmat-safety-system] [nio-8080-exec-8] o.s.security.web.FilterChainProxy        : Securing GET /dashboard/pending-plans
2026-01-05T04:23:07.612-05:00 DEBUG 4002 --- [hazmat-safety-system] [nio-8080-exec-2] o.s.security.web.FilterChainProxy        : Securing GET /dashboard/announcements
JDBC Connection [HikariProxyConnection@1537888784 wrapping com.mysql.cj.jdbc.ConnectionImpl@25842790] will not be managed by Spring
==>  Preparing: SELECT COUNT( * ) AS total FROM hazmat_info WHERE (status = ?)
==> Parameters: 1(Integer)
2026-01-05T04:23:07.613-05:00 DEBUG 4002 --- [hazmat-safety-system] [nio-8080-exec-6] o.s.security.web.FilterChainProxy        : Secured GET /dashboard/pending-hazards
2026-01-05T04:23:07.613-05:00 DEBUG 4002 --- [hazmat-safety-system] [nio-8080-exec-1] o.s.security.web.FilterChainProxy        : Secured GET /dashboard/hot-knowledge
2026-01-05T04:23:07.613-05:00 DEBUG 4002 --- [hazmat-safety-system] [nio-8080-exec-8] o.s.security.web.FilterChainProxy        : Secured GET /dashboard/pending-plans
Creating a new SqlSession
2026-01-05T04:23:07.613-05:00 DEBUG 4002 --- [hazmat-safety-system] [nio-8080-exec-2] o.s.security.web.FilterChainProxy        : Secured GET /dashboard/announcements
Creating a new SqlSession
SqlSession [org.apache.ibatis.session.defaults.DefaultSqlSession@2ef0e492] was not registered for synchronization because synchronization is not active
SqlSession [org.apache.ibatis.session.defaults.DefaultSqlSession@202d5c49] was not registered for synchronization because synchronization is not active
Creating a new SqlSession
SqlSession [org.apache.ibatis.session.defaults.DefaultSqlSession@5827566d] was not registered for synchronization because synchronization is not active
<==    Columns: total
<==        Row: 5
Creating a new SqlSession
<==      Total: 1
SqlSession [org.apache.ibatis.session.defaults.DefaultSqlSession@13788293] was not registered for synchronization because synchronization is not active
Closing non transactional SqlSession [org.apache.ibatis.session.defaults.DefaultSqlSession@490461f5]
Creating a new SqlSession
SqlSession [org.apache.ibatis.session.defaults.DefaultSqlSession@67df8a1d] was not registered for synchronization because synchronization is not active
JDBC Connection [HikariProxyConnection@222184666 wrapping com.mysql.cj.jdbc.ConnectionImpl@25842790] will not be managed by Spring
==>  Preparing: SELECT COUNT( * ) AS total FROM check_plan
==> Parameters: 
JDBC Connection [HikariProxyConnection@1841978484 wrapping com.mysql.cj.jdbc.ConnectionImpl@249c4e26] will not be managed by Spring
==>  Preparing: SELECT id,title,description,location,hazard_level,hazard_type,images,reporter_id,reporter_name,report_time,status,handler_id,handler_name,handle_time,handle_result,create_time,update_time FROM hazard_report WHERE (status IN (?,?)) ORDER BY report_time DESC
JDBC Connection [HikariProxyConnection@1181499542 wrapping com.mysql.cj.jdbc.ConnectionImpl@1d3cf87a] will not be managed by Spring
==>  Preparing: SELECT id,title,description,check_type,plan_date,department,status,create_by,create_time,update_time FROM check_plan WHERE (status IN (?,?)) ORDER BY plan_date ASC
JDBC Connection [HikariProxyConnection@1274907845 wrapping com.mysql.cj.jdbc.ConnectionImpl@7ac22c1e] will not be managed by Spring
JDBC Connection [HikariProxyConnection@1776789333 wrapping com.mysql.cj.jdbc.ConnectionImpl@248d3a] will not be managed by Spring
==>  Preparing: SELECT id,title,content,category,cover_image,view_count,status,create_by,create_time,update_time FROM safety_knowledge WHERE (status = ?) ORDER BY view_count DESC LIMIT 5
==>  Preparing: SELECT id,title,content,type,priority,status,publish_time,create_by,create_time,update_time FROM announcement WHERE (status = ?) ORDER BY priority DESC,publish_time DESC LIMIT 5
==> Parameters: 0(Integer), 1(Integer)
==> Parameters: 0(Integer), 1(Integer)
==> Parameters: 1(Integer)
==> Parameters: 1(Integer)
<==    Columns: total
<==        Row: 0
<==      Total: 1
<==      Total: 0
<==    Columns: id, title, content, type, priority, status, publish_time, create_by, create_time, update_time
Closing non transactional SqlSession [org.apache.ibatis.session.defaults.DefaultSqlSession@67df8a1d]
<==    Columns: id, title, description, location, hazard_level, hazard_type, images, reporter_id, reporter_name, report_time, status, handler_id, handler_name, handle_time, handle_result, create_time, update_time
Creating a new SqlSession
Closing non transactional SqlSession [org.apache.ibatis.session.defaults.DefaultSqlSession@5827566d]
SqlSession [org.apache.ibatis.session.defaults.DefaultSqlSession@2792c3d8] was not registered for synchronization because synchronization is not active
<==        Row: 1, 企业危化品安全管理系统上线通知, <<BLOB>>, 通知, 1, 1, 2026-01-05 08:59:13, null, 2026-01-05 08:59:13, 2026-01-05 08:59:13
<==        Row: 1, 111, <<BLOB>>, 1, 一般, null, <<BLOB>>, 2, 111, 2026-01-05 04:22:33, 0, null, null, null, <<BLOB>>, 2026-01-05 04:22:33, 2026-01-05 04:22:33
<==    Columns: id, title, content, category, cover_image, view_count, status, create_by, create_time, update_time
<==        Row: 1, 危险化学品安全操作规程, <<BLOB>>, 操作规程, null, 2, 1, null, 2026-01-05 08:59:13, 2026-01-05 08:59:13
<==        Row: 2, 系统简介, <<BLOB>>, 系统简介, 0, 1, 2026-01-05 08:59:13, null, 2026-01-05 08:59:13, 2026-01-05 08:59:13
JDBC Connection [HikariProxyConnection@1015429717 wrapping com.mysql.cj.jdbc.ConnectionImpl@25842790] will not be managed by Spring
<==      Total: 1
==>  Preparing: SELECT COUNT( * ) AS total FROM check_record
<==      Total: 2
<==        Row: 3, 个人防护装备使用指南, <<BLOB>>, 安全知识, null, 2, 1, null, 2026-01-05 08:59:13, 2026-01-05 08:59:13
==> Parameters: 
Closing non transactional SqlSession [org.apache.ibatis.session.defaults.DefaultSqlSession@2ef0e492]
Closing non transactional SqlSession [org.apache.ibatis.session.defaults.DefaultSqlSession@13788293]
<==        Row: 2, 化学品泄漏应急处置预案, <<BLOB>>, 应急预案, null, 0, 1, null, 2026-01-05 08:59:13, 2026-01-05 08:59:13
<==      Total: 3
Closing non transactional SqlSession [org.apache.ibatis.session.defaults.DefaultSqlSession@202d5c49]
<==    Columns: total
<==        Row: 0
<==      Total: 1
Closing non transactional SqlSession [org.apache.ibatis.session.defaults.DefaultSqlSession@2792c3d8]
Creating a new SqlSession
SqlSession [org.apache.ibatis.session.defaults.DefaultSqlSession@2ae81c0d] was not registered for synchronization because synchronization is not active
JDBC Connection [HikariProxyConnection@458589835 wrapping com.mysql.cj.jdbc.ConnectionImpl@25842790] will not be managed by Spring
==>  Preparing: SELECT COUNT( * ) AS total FROM hazard_report
==> Parameters: 
<==    Columns: total
<==        Row: 1
<==      Total: 1
Closing non transactional SqlSession [org.apache.ibatis.session.defaults.DefaultSqlSession@2ae81c0d]
Creating a new SqlSession
SqlSession [org.apache.ibatis.session.defaults.DefaultSqlSession@582fc585] was not registered for synchronization because synchronization is not active
JDBC Connection [HikariProxyConnection@852337401 wrapping com.mysql.cj.jdbc.ConnectionImpl@25842790] will not be managed by Spring
==>  Preparing: SELECT COUNT( * ) AS total FROM hazard_report WHERE (status = ?)
==> Parameters: 0(Integer)
<==    Columns: total
<==        Row: 1
<==      Total: 1
Closing non transactional SqlSession [org.apache.ibatis.session.defaults.DefaultSqlSession@582fc585]
Creating a new SqlSession
SqlSession [org.apache.ibatis.session.defaults.DefaultSqlSession@71faed03] was not registered for synchronization because synchronization is not active
JDBC Connection [HikariProxyConnection@1465851220 wrapping com.mysql.cj.jdbc.ConnectionImpl@25842790] will not be managed by Spring
==>  Preparing: SELECT COUNT( * ) AS total FROM safety_knowledge WHERE (status = ?)
==> Parameters: 1(Integer)
<==    Columns: total
<==        Row: 3
<==      Total: 1
Closing non transactional SqlSession [org.apache.ibatis.session.defaults.DefaultSqlSession@71faed03]
Creating a new SqlSession
SqlSession [org.apache.ibatis.session.defaults.DefaultSqlSession@55435171] was not registered for synchronization because synchronization is not active
JDBC Connection [HikariProxyConnection@1945578543 wrapping com.mysql.cj.jdbc.ConnectionImpl@25842790] will not be managed by Spring
==>  Preparing: SELECT COUNT( * ) AS total FROM announcement WHERE (status = ?)
==> Parameters: 1(Integer)
<==    Columns: total
<==        Row: 2
<==      Total: 1
Closing non transactional SqlSession [org.apache.ibatis.session.defaults.DefaultSqlSession@55435171]
2026-01-05T04:23:11.769-05:00 DEBUG 4002 --- [hazmat-safety-system] [nio-8080-exec-7] o.s.security.web.FilterChainProxy        : Securing GET /user/list?pageNum=1&pageSize=10&username=&realName=
2026-01-05T04:23:11.770-05:00 DEBUG 4002 --- [hazmat-safety-system] [nio-8080-exec-7] o.s.security.web.FilterChainProxy        : Secured GET /user/list?pageNum=1&pageSize=10&username=&realName=
Creating a new SqlSession
SqlSession [org.apache.ibatis.session.defaults.DefaultSqlSession@11e700e7] was not registered for synchronization because synchronization is not active
JDBC Connection [HikariProxyConnection@1730848422 wrapping com.mysql.cj.jdbc.ConnectionImpl@1d3cf87a] will not be managed by Spring
==>  Preparing: SELECT COUNT(*) AS total FROM sys_user
==> Parameters: 
<==    Columns: total
<==        Row: 2
<==      Total: 1
==>  Preparing: SELECT id,username,password,real_name,phone,email,department,avatar,status,create_time,update_time FROM sys_user ORDER BY create_time DESC LIMIT ?
==> Parameters: 10(Long)
<==    Columns: id, username, password, real_name, phone, email, department, avatar, status, create_time, update_time
<==        Row: 2, 111, $2a$10$GPdgYd/3CpGNqJiRw0/4aucro5R/ip4a722Lt60oUygDk2RdirE3., 111, 13686666666, 1111111@qq.com, 1, null, 1, 2026-01-05 04:21:03, 2026-01-05 04:21:03
<==        Row: 1, huyiwen, $2a$10$nhrkfSvgfJCHZJyz2hyDfuhNROwBK397CTqUZVsaADcPHGR.jOsOy, Huyiwen, 17683728423, 17683728423@163.com, 测试部, null, 1, 2026-01-05 04:10:52, 2026-01-05 04:10:52
<==      Total: 2
Closing non transactional SqlSession [org.apache.ibatis.session.defaults.DefaultSqlSession@11e700e7]
2026-01-05T04:23:45.796-05:00 DEBUG 4002 --- [hazmat-safety-system] [nio-8080-exec-5] o.s.security.web.FilterChainProxy        : Securing GET /hazmat/category/list?pageNum=1&pageSize=10&name=
2026-01-05T04:23:45.798-05:00 DEBUG 4002 --- [hazmat-safety-system] [nio-8080-exec-5] o.s.security.web.FilterChainProxy        : Secured GET /hazmat/category/list?pageNum=1&pageSize=10&name=
Creating a new SqlSession
SqlSession [org.apache.ibatis.session.defaults.DefaultSqlSession@1f45e0df] was not registered for synchronization because synchronization is not active
JDBC Connection [HikariProxyConnection@1938367115 wrapping com.mysql.cj.jdbc.ConnectionImpl@25842790] will not be managed by Spring
==>  Preparing: SELECT COUNT(*) AS total FROM hazmat_category
==> Parameters: 
<==    Columns: total
<==        Row: 8
<==      Total: 1
==>  Preparing: SELECT id,name,code,description,danger_level,parent_id,sort_order,status,create_time,update_time FROM hazmat_category ORDER BY sort_order ASC LIMIT ?
==> Parameters: 10(Long)
<==    Columns: id, name, code, description, danger_level, parent_id, sort_order, status, create_time, update_time
<==        Row: 1, 爆炸品, CAT001, <<BLOB>>, 极高, 0, 1, 1, 2026-01-05 08:59:13, 2026-01-05 08:59:13
<==        Row: 2, 压缩气体和液化气体, CAT002, <<BLOB>>, 高, 0, 2, 1, 2026-01-05 08:59:13, 2026-01-05 08:59:13
<==        Row: 3, 易燃液体, CAT003, <<BLOB>>, 高, 0, 3, 1, 2026-01-05 08:59:13, 2026-01-05 08:59:13
<==        Row: 4, 易燃固体, CAT004, <<BLOB>>, 中, 0, 4, 1, 2026-01-05 08:59:13, 2026-01-05 08:59:13
<==        Row: 5, 氧化剂和有机过氧化物, CAT005, <<BLOB>>, 高, 0, 5, 1, 2026-01-05 08:59:13, 2026-01-05 08:59:13
<==        Row: 6, 毒害品, CAT006, <<BLOB>>, 高, 0, 6, 1, 2026-01-05 08:59:13, 2026-01-05 08:59:13
<==        Row: 7, 腐蚀品, CAT007, <<BLOB>>, 中, 0, 7, 1, 2026-01-05 08:59:13, 2026-01-05 08:59:13
<==        Row: 8, 放射性物品, CAT008, <<BLOB>>, 极高, 0, 8, 1, 2026-01-05 08:59:13, 2026-01-05 08:59:13
<==      Total: 8
Closing non transactional SqlSession [org.apache.ibatis.session.defaults.DefaultSqlSession@1f45e0df]
2026-01-05T04:24:00.968-05:00 DEBUG 4002 --- [hazmat-safety-system] [nio-8080-exec-9] o.s.security.web.FilterChainProxy        : Securing POST /auth/login
2026-01-05T04:24:00.969-05:00 DEBUG 4002 --- [hazmat-safety-system] [nio-8080-exec-9] o.s.s.w.a.AnonymousAuthenticationFilter  : Set SecurityContextHolder to anonymous SecurityContext
2026-01-05T04:24:00.969-05:00 DEBUG 4002 --- [hazmat-safety-system] [nio-8080-exec-9] o.s.security.web.FilterChainProxy        : Secured POST /auth/login
Creating a new SqlSession
SqlSession [org.apache.ibatis.session.defaults.DefaultSqlSession@39d7af2f] was not registered for synchronization because synchronization is not active
JDBC Connection [HikariProxyConnection@480904608 wrapping com.mysql.cj.jdbc.ConnectionImpl@248d3a] will not be managed by Spring
==>  Preparing: SELECT id,username,password,real_name,phone,email,avatar,status,create_time,update_time FROM sys_admin WHERE (username = ?)
==> Parameters: admin(String)
<==    Columns: id, username, password, real_name, phone, email, avatar, status, create_time, update_time
<==        Row: 1, admin, $2b$12$tpP2JAqVoWFv0gpHINXCIOzLkBXozPwQJ.bQkP8ISRodVV36ahICW, 系统管理员, 13800000000, admin@example.com, null, 1, 2026-01-05 08:59:13, 2026-01-05 09:15:26
<==      Total: 1
Closing non transactional SqlSession [org.apache.ibatis.session.defaults.DefaultSqlSession@39d7af2f]
2026-01-05T04:24:03.459-05:00 DEBUG 4002 --- [hazmat-safety-system] [io-8080-exec-10] o.s.security.web.FilterChainProxy        : Securing POST /auth/login
2026-01-05T04:24:03.460-05:00 DEBUG 4002 --- [hazmat-safety-system] [io-8080-exec-10] o.s.s.w.a.AnonymousAuthenticationFilter  : Set SecurityContextHolder to anonymous SecurityContext
2026-01-05T04:24:03.460-05:00 DEBUG 4002 --- [hazmat-safety-system] [io-8080-exec-10] o.s.security.web.FilterChainProxy        : Secured POST /auth/login
Creating a new SqlSession
SqlSession [org.apache.ibatis.session.defaults.DefaultSqlSession@7a28606] was not registered for synchronization because synchronization is not active
JDBC Connection [HikariProxyConnection@1376803844 wrapping com.mysql.cj.jdbc.ConnectionImpl@7ac22c1e] will not be managed by Spring
==>  Preparing: SELECT id,username,password,real_name,phone,email,department,avatar,status,create_time,update_time FROM safety_admin WHERE (username = ?)
==> Parameters: admin(String)
<==      Total: 0
Closing non transactional SqlSession [org.apache.ibatis.session.defaults.DefaultSqlSession@7a28606]
2026-01-05T04:24:15.947-05:00 DEBUG 4002 --- [hazmat-safety-system] [nio-8080-exec-3] o.s.security.web.FilterChainProxy        : Securing POST /auth/login
2026-01-05T04:24:15.948-05:00 DEBUG 4002 --- [hazmat-safety-system] [nio-8080-exec-3] o.s.s.w.a.AnonymousAuthenticationFilter  : Set SecurityContextHolder to anonymous SecurityContext
2026-01-05T04:24:15.948-05:00 DEBUG 4002 --- [hazmat-safety-system] [nio-8080-exec-3] o.s.security.web.FilterChainProxy        : Secured POST /auth/login
Creating a new SqlSession
SqlSession [org.apache.ibatis.session.defaults.DefaultSqlSession@5522808e] was not registered for synchronization because synchronization is not active
JDBC Connection [HikariProxyConnection@1915341581 wrapping com.mysql.cj.jdbc.ConnectionImpl@249c4e26] will not be managed by Spring
==>  Preparing: SELECT id,username,password,real_name,phone,email,department,avatar,status,create_time,update_time FROM safety_admin WHERE (username = ?)
==> Parameters: 111(String)
<==      Total: 0
Closing non transactional SqlSession [org.apache.ibatis.session.defaults.DefaultSqlSession@5522808e]
2026-01-05T04:25:07.496-05:00 DEBUG 4002 --- [hazmat-safety-system] [nio-8080-exec-8] o.s.security.web.FilterChainProxy        : Securing POST /auth/login
2026-01-05T04:25:07.497-05:00 DEBUG 4002 --- [hazmat-safety-system] [nio-8080-exec-8] o.s.s.w.a.AnonymousAuthenticationFilter  : Set SecurityContextHolder to anonymous SecurityContext
2026-01-05T04:25:07.497-05:00 DEBUG 4002 --- [hazmat-safety-system] [nio-8080-exec-8] o.s.security.web.FilterChainProxy        : Secured POST /auth/login
Creating a new SqlSession
SqlSession [org.apache.ibatis.session.defaults.DefaultSqlSession@26111dee] was not registered for synchronization because synchronization is not active
JDBC Connection [HikariProxyConnection@1147646847 wrapping com.mysql.cj.jdbc.ConnectionImpl@1d3cf87a] will not be managed by Spring
==>  Preparing: SELECT id,username,password,real_name,phone,email,avatar,status,create_time,update_time FROM sys_admin WHERE (username = ?)
==> Parameters: admin(String)
<==    Columns: id, username, password, real_name, phone, email, avatar, status, create_time, update_time
<==        Row: 1, admin, $2b$12$tpP2JAqVoWFv0gpHINXCIOzLkBXozPwQJ.bQkP8ISRodVV36ahICW, 系统管理员, 13800000000, admin@example.com, null, 1, 2026-01-05 08:59:13, 2026-01-05 09:15:26
<==      Total: 1
Closing non transactional SqlSession [org.apache.ibatis.session.defaults.DefaultSqlSession@26111dee]
2026-01-05T04:25:09.538-05:00 DEBUG 4002 --- [hazmat-safety-system] [nio-8080-exec-2] o.s.security.web.FilterChainProxy        : Securing POST /auth/login
2026-01-05T04:25:09.538-05:00 DEBUG 4002 --- [hazmat-safety-system] [nio-8080-exec-2] o.s.s.w.a.AnonymousAuthenticationFilter  : Set SecurityContextHolder to anonymous SecurityContext
2026-01-05T04:25:09.539-05:00 DEBUG 4002 --- [hazmat-safety-system] [nio-8080-exec-2] o.s.security.web.FilterChainProxy        : Secured POST /auth/login
Creating a new SqlSession
SqlSession [org.apache.ibatis.session.defaults.DefaultSqlSession@6a64668e] was not registered for synchronization because synchronization is not active
JDBC Connection [HikariProxyConnection@1038032203 wrapping com.mysql.cj.jdbc.ConnectionImpl@7ac22c1e] will not be managed by Spring
==>  Preparing: SELECT id,username,password,real_name,phone,email,department,avatar,status,create_time,update_time FROM sys_user WHERE (username = ?)
==> Parameters: admin(String)
<==      Total: 0
Closing non transactional SqlSession [org.apache.ibatis.session.defaults.DefaultSqlSession@6a64668e]
2026-01-05T04:25:09.590-05:00 DEBUG 4002 --- [hazmat-safety-system] [nio-8080-exec-6] o.s.security.web.FilterChainProxy        : Securing GET /dashboard/stats
2026-01-05T04:25:09.591-05:00 DEBUG 4002 --- [hazmat-safety-system] [nio-8080-exec-6] o.s.security.web.FilterChainProxy        : Secured GET /dashboard/stats
2026-01-05T04:25:09.592-05:00 DEBUG 4002 --- [hazmat-safety-system] [nio-8080-exec-1] o.s.security.web.FilterChainProxy        : Securing GET /dashboard/hot-knowledge
2026-01-05T04:25:09.592-05:00 DEBUG 4002 --- [hazmat-safety-system] [nio-8080-exec-4] o.s.security.web.FilterChainProxy        : Securing GET /dashboard/announcements
2026-01-05T04:25:09.592-05:00 DEBUG 4002 --- [hazmat-safety-system] [nio-8080-exec-7] o.s.security.web.FilterChainProxy        : Securing GET /dashboard/pending-plans
Creating a new SqlSession
SqlSession [org.apache.ibatis.session.defaults.DefaultSqlSession@3e491ada] was not registered for synchronization because synchronization is not active
2026-01-05T04:25:09.593-05:00 DEBUG 4002 --- [hazmat-safety-system] [nio-8080-exec-1] o.s.security.web.FilterChainProxy        : Secured GET /dashboard/hot-knowledge
JDBC Connection [HikariProxyConnection@389332469 wrapping com.mysql.cj.jdbc.ConnectionImpl@249c4e26] will not be managed by Spring
==>  Preparing: SELECT COUNT( * ) AS total FROM hazmat_info WHERE (status = ?)
2026-01-05T04:25:09.593-05:00 DEBUG 4002 --- [hazmat-safety-system] [nio-8080-exec-7] o.s.security.web.FilterChainProxy        : Secured GET /dashboard/pending-plans
Creating a new SqlSession
SqlSession [org.apache.ibatis.session.defaults.DefaultSqlSession@5bbd1f1b] was not registered for synchronization because synchronization is not active
==> Parameters: 1(Integer)
2026-01-05T04:25:09.593-05:00 DEBUG 4002 --- [hazmat-safety-system] [nio-8080-exec-4] o.s.security.web.FilterChainProxy        : Secured GET /dashboard/announcements
Creating a new SqlSession
SqlSession [org.apache.ibatis.session.defaults.DefaultSqlSession@3362ecfa] was not registered for synchronization because synchronization is not active
Creating a new SqlSession
SqlSession [org.apache.ibatis.session.defaults.DefaultSqlSession@1d315ce] was not registered for synchronization because synchronization is not active
JDBC Connection [HikariProxyConnection@297328433 wrapping com.mysql.cj.jdbc.ConnectionImpl@248d3a] will not be managed by Spring
==>  Preparing: SELECT id,title,content,category,cover_image,view_count,status,create_by,create_time,update_time FROM safety_knowledge WHERE (status = ?) ORDER BY view_count DESC LIMIT 5
2026-01-05T04:25:09.594-05:00 DEBUG 4002 --- [hazmat-safety-system] [nio-8080-exec-5] o.s.security.web.FilterChainProxy        : Securing GET /dashboard/pending-hazards
JDBC Connection [HikariProxyConnection@30372774 wrapping com.mysql.cj.jdbc.ConnectionImpl@1d3cf87a] will not be managed by Spring
<==    Columns: total
==>  Preparing: SELECT id,title,description,check_type,plan_date,department,status,create_by,create_time,update_time FROM check_plan WHERE (status IN (?,?)) ORDER BY plan_date ASC
<==        Row: 5
==> Parameters: 1(Integer)
<==      Total: 1
==> Parameters: 0(Integer), 1(Integer)
Closing non transactional SqlSession [org.apache.ibatis.session.defaults.DefaultSqlSession@3e491ada]
Creating a new SqlSession
SqlSession [org.apache.ibatis.session.defaults.DefaultSqlSession@24a9e704] was not registered for synchronization because synchronization is not active
JDBC Connection [HikariProxyConnection@1379972737 wrapping com.mysql.cj.jdbc.ConnectionImpl@249c4e26] will not be managed by Spring
==>  Preparing: SELECT COUNT( * ) AS total FROM check_plan
==> Parameters: 
JDBC Connection [HikariProxyConnection@1322521692 wrapping com.mysql.cj.jdbc.ConnectionImpl@25842790] will not be managed by Spring
==>  Preparing: SELECT id,title,content,type,priority,status,publish_time,create_by,create_time,update_time FROM announcement WHERE (status = ?) ORDER BY priority DESC,publish_time DESC LIMIT 5
2026-01-05T04:25:09.595-05:00 DEBUG 4002 --- [hazmat-safety-system] [nio-8080-exec-5] o.s.security.web.FilterChainProxy        : Secured GET /dashboard/pending-hazards
<==    Columns: id, title, content, category, cover_image, view_count, status, create_by, create_time, update_time
<==      Total: 0
==> Parameters: 1(Integer)
Closing non transactional SqlSession [org.apache.ibatis.session.defaults.DefaultSqlSession@3362ecfa]
<==        Row: 1, 危险化学品安全操作规程, <<BLOB>>, 操作规程, null, 2, 1, null, 2026-01-05 08:59:13, 2026-01-05 08:59:13
Creating a new SqlSession
SqlSession [org.apache.ibatis.session.defaults.DefaultSqlSession@f6a75d] was not registered for synchronization because synchronization is not active
<==    Columns: total
<==        Row: 0
<==      Total: 1
<==        Row: 3, 个人防护装备使用指南, <<BLOB>>, 安全知识, null, 2, 1, null, 2026-01-05 08:59:13, 2026-01-05 08:59:13
Closing non transactional SqlSession [org.apache.ibatis.session.defaults.DefaultSqlSession@24a9e704]
<==        Row: 2, 化学品泄漏应急处置预案, <<BLOB>>, 应急预案, null, 0, 1, null, 2026-01-05 08:59:13, 2026-01-05 08:59:13
Creating a new SqlSession
JDBC Connection [HikariProxyConnection@978403506 wrapping com.mysql.cj.jdbc.ConnectionImpl@7ac22c1e] will not be managed by Spring
SqlSession [org.apache.ibatis.session.defaults.DefaultSqlSession@5be4aa05] was not registered for synchronization because synchronization is not active
<==    Columns: id, title, content, type, priority, status, publish_time, create_by, create_time, update_time
==>  Preparing: SELECT id,title,description,location,hazard_level,hazard_type,images,reporter_id,reporter_name,report_time,status,handler_id,handler_name,handle_time,handle_result,create_time,update_time FROM hazard_report WHERE (status IN (?,?)) ORDER BY report_time DESC
<==      Total: 3
JDBC Connection [HikariProxyConnection@807335866 wrapping com.mysql.cj.jdbc.ConnectionImpl@249c4e26] will not be managed by Spring
<==        Row: 1, 企业危化品安全管理系统上线通知, <<BLOB>>, 通知, 1, 1, 2026-01-05 08:59:13, null, 2026-01-05 08:59:13, 2026-01-05 08:59:13
==> Parameters: 0(Integer), 1(Integer)
Closing non transactional SqlSession [org.apache.ibatis.session.defaults.DefaultSqlSession@5bbd1f1b]
==>  Preparing: SELECT COUNT( * ) AS total FROM check_record
<==        Row: 2, 系统简介, <<BLOB>>, 系统简介, 0, 1, 2026-01-05 08:59:13, null, 2026-01-05 08:59:13, 2026-01-05 08:59:13
<==      Total: 2
<==    Columns: id, title, description, location, hazard_level, hazard_type, images, reporter_id, reporter_name, report_time, status, handler_id, handler_name, handle_time, handle_result, create_time, update_time
Closing non transactional SqlSession [org.apache.ibatis.session.defaults.DefaultSqlSession@1d315ce]
<==        Row: 1, 111, <<BLOB>>, 1, 一般, null, <<BLOB>>, 2, 111, 2026-01-05 04:22:33, 0, null, null, null, <<BLOB>>, 2026-01-05 04:22:33, 2026-01-05 04:22:33
==> Parameters: 
<==      Total: 1
Closing non transactional SqlSession [org.apache.ibatis.session.defaults.DefaultSqlSession@f6a75d]
<==    Columns: total
<==        Row: 0
<==      Total: 1
Closing non transactional SqlSession [org.apache.ibatis.session.defaults.DefaultSqlSession@5be4aa05]
Creating a new SqlSession
SqlSession [org.apache.ibatis.session.defaults.DefaultSqlSession@4caeb562] was not registered for synchronization because synchronization is not active
JDBC Connection [HikariProxyConnection@845449840 wrapping com.mysql.cj.jdbc.ConnectionImpl@249c4e26] will not be managed by Spring
==>  Preparing: SELECT COUNT( * ) AS total FROM hazard_report
==> Parameters: 
<==    Columns: total
<==        Row: 1
<==      Total: 1
Closing non transactional SqlSession [org.apache.ibatis.session.defaults.DefaultSqlSession@4caeb562]
Creating a new SqlSession
SqlSession [org.apache.ibatis.session.defaults.DefaultSqlSession@7febfc0c] was not registered for synchronization because synchronization is not active
JDBC Connection [HikariProxyConnection@1188516662 wrapping com.mysql.cj.jdbc.ConnectionImpl@249c4e26] will not be managed by Spring
==>  Preparing: SELECT COUNT( * ) AS total FROM hazard_report WHERE (status = ?)
==> Parameters: 0(Integer)
<==    Columns: total
<==        Row: 1
<==      Total: 1
Closing non transactional SqlSession [org.apache.ibatis.session.defaults.DefaultSqlSession@7febfc0c]
Creating a new SqlSession
SqlSession [org.apache.ibatis.session.defaults.DefaultSqlSession@25462929] was not registered for synchronization because synchronization is not active
JDBC Connection [HikariProxyConnection@91073041 wrapping com.mysql.cj.jdbc.ConnectionImpl@249c4e26] will not be managed by Spring
==>  Preparing: SELECT COUNT( * ) AS total FROM safety_knowledge WHERE (status = ?)
==> Parameters: 1(Integer)
<==    Columns: total
<==        Row: 3
<==      Total: 1
Closing non transactional SqlSession [org.apache.ibatis.session.defaults.DefaultSqlSession@25462929]
Creating a new SqlSession
SqlSession [org.apache.ibatis.session.defaults.DefaultSqlSession@1afe0c12] was not registered for synchronization because synchronization is not active
JDBC Connection [HikariProxyConnection@241529093 wrapping com.mysql.cj.jdbc.ConnectionImpl@249c4e26] will not be managed by Spring
==>  Preparing: SELECT COUNT( * ) AS total FROM announcement WHERE (status = ?)
==> Parameters: 1(Integer)
<==    Columns: total
<==        Row: 2
<==      Total: 1
Closing non transactional SqlSession [org.apache.ibatis.session.defaults.DefaultSqlSession@1afe0c12]
2026-01-05T04:25:11.577-05:00 DEBUG 4002 --- [hazmat-safety-system] [nio-8080-exec-9] o.s.security.web.FilterChainProxy        : Securing POST /auth/login
2026-01-05T04:25:11.578-05:00 DEBUG 4002 --- [hazmat-safety-system] [nio-8080-exec-9] o.s.s.w.a.AnonymousAuthenticationFilter  : Set SecurityContextHolder to anonymous SecurityContext
2026-01-05T04:25:11.578-05:00 DEBUG 4002 --- [hazmat-safety-system] [nio-8080-exec-9] o.s.security.web.FilterChainProxy        : Secured POST /auth/login
Creating a new SqlSession
SqlSession [org.apache.ibatis.session.defaults.DefaultSqlSession@3ff61798] was not registered for synchronization because synchronization is not active
JDBC Connection [HikariProxyConnection@995916190 wrapping com.mysql.cj.jdbc.ConnectionImpl@248d3a] will not be managed by Spring
==>  Preparing: SELECT id,username,password,real_name,phone,email,avatar,status,create_time,update_time FROM sys_admin WHERE (username = ?)
==> Parameters: admin(String)
<==    Columns: id, username, password, real_name, phone, email, avatar, status, create_time, update_time
<==        Row: 1, admin, $2b$12$tpP2JAqVoWFv0gpHINXCIOzLkBXozPwQJ.bQkP8ISRodVV36ahICW, 系统管理员, 13800000000, admin@example.com, null, 1, 2026-01-05 08:59:13, 2026-01-05 09:15:26
<==      Total: 1
Closing non transactional SqlSession [org.apache.ibatis.session.defaults.DefaultSqlSession@3ff61798]
2026-01-05T04:25:14.005-05:00 DEBUG 4002 --- [hazmat-safety-system] [io-8080-exec-10] o.s.security.web.FilterChainProxy        : Securing GET /dashboard/stats
2026-01-05T04:25:14.008-05:00 DEBUG 4002 --- [hazmat-safety-system] [io-8080-exec-10] o.s.security.web.FilterChainProxy        : Secured GET /dashboard/stats
Creating a new SqlSession
SqlSession [org.apache.ibatis.session.defaults.DefaultSqlSession@7a67478b] was not registered for synchronization because synchronization is not active
2026-01-05T04:25:14.009-05:00 DEBUG 4002 --- [hazmat-safety-system] [nio-8080-exec-3] o.s.security.web.FilterChainProxy        : Securing GET /dashboard/hot-knowledge
JDBC Connection [HikariProxyConnection@1776708727 wrapping com.mysql.cj.jdbc.ConnectionImpl@7ac22c1e] will not be managed by Spring
2026-01-05T04:25:14.010-05:00 DEBUG 4002 --- [hazmat-safety-system] [nio-8080-exec-3] o.s.security.web.FilterChainProxy        : Secured GET /dashboard/hot-knowledge
==>  Preparing: SELECT COUNT( * ) AS total FROM hazmat_info WHERE (status = ?)
==> Parameters: 1(Integer)
Creating a new SqlSession
SqlSession [org.apache.ibatis.session.defaults.DefaultSqlSession@6cf0b06d] was not registered for synchronization because synchronization is not active
2026-01-05T04:25:14.011-05:00 DEBUG 4002 --- [hazmat-safety-system] [nio-8080-exec-8] o.s.security.web.FilterChainProxy        : Securing GET /dashboard/pending-hazards
JDBC Connection [HikariProxyConnection@756509581 wrapping com.mysql.cj.jdbc.ConnectionImpl@249c4e26] will not be managed by Spring
==>  Preparing: SELECT id,title,content,category,cover_image,view_count,status,create_by,create_time,update_time FROM safety_knowledge WHERE (status = ?) ORDER BY view_count DESC LIMIT 5
<==    Columns: total
<==        Row: 5
<==      Total: 1
==> Parameters: 1(Integer)
Closing non transactional SqlSession [org.apache.ibatis.session.defaults.DefaultSqlSession@7a67478b]
Creating a new SqlSession
SqlSession [org.apache.ibatis.session.defaults.DefaultSqlSession@12662100] was not registered for synchronization because synchronization is not active
2026-01-05T04:25:14.012-05:00 DEBUG 4002 --- [hazmat-safety-system] [nio-8080-exec-8] o.s.security.web.FilterChainProxy        : Secured GET /dashboard/pending-hazards
2026-01-05T04:25:14.012-05:00 DEBUG 4002 --- [hazmat-safety-system] [nio-8080-exec-2] o.s.security.web.FilterChainProxy        : Securing GET /dashboard/announcements
Creating a new SqlSession
SqlSession [org.apache.ibatis.session.defaults.DefaultSqlSession@640b1cfe] was not registered for synchronization because synchronization is not active
<==    Columns: id, title, content, category, cover_image, view_count, status, create_by, create_time, update_time
<==        Row: 1, 危险化学品安全操作规程, <<BLOB>>, 操作规程, null, 2, 1, null, 2026-01-05 08:59:13, 2026-01-05 08:59:13
<==        Row: 3, 个人防护装备使用指南, <<BLOB>>, 安全知识, null, 2, 1, null, 2026-01-05 08:59:13, 2026-01-05 08:59:13
<==        Row: 2, 化学品泄漏应急处置预案, <<BLOB>>, 应急预案, null, 0, 1, null, 2026-01-05 08:59:13, 2026-01-05 08:59:13
<==      Total: 3
JDBC Connection [HikariProxyConnection@1247511548 wrapping com.mysql.cj.jdbc.ConnectionImpl@1d3cf87a] will not be managed by Spring
==>  Preparing: SELECT id,title,description,location,hazard_level,hazard_type,images,reporter_id,reporter_name,report_time,status,handler_id,handler_name,handle_time,handle_result,create_time,update_time FROM hazard_report WHERE (status IN (?,?)) ORDER BY report_time DESC
Closing non transactional SqlSession [org.apache.ibatis.session.defaults.DefaultSqlSession@6cf0b06d]
==> Parameters: 0(Integer), 1(Integer)
2026-01-05T04:25:14.013-05:00 DEBUG 4002 --- [hazmat-safety-system] [nio-8080-exec-2] o.s.security.web.FilterChainProxy        : Secured GET /dashboard/announcements
Creating a new SqlSession
SqlSession [org.apache.ibatis.session.defaults.DefaultSqlSession@469c070c] was not registered for synchronization because synchronization is not active
JDBC Connection [HikariProxyConnection@260393287 wrapping com.mysql.cj.jdbc.ConnectionImpl@7ac22c1e] will not be managed by Spring
==>  Preparing: SELECT id,title,content,type,priority,status,publish_time,create_by,create_time,update_time FROM announcement WHERE (status = ?) ORDER BY priority DESC,publish_time DESC LIMIT 5
==> Parameters: 1(Integer)
2026-01-05T04:25:14.014-05:00 DEBUG 4002 --- [hazmat-safety-system] [nio-8080-exec-7] o.s.security.web.FilterChainProxy        : Securing GET /dashboard/pending-plans
JDBC Connection [HikariProxyConnection@1383954392 wrapping com.mysql.cj.jdbc.ConnectionImpl@248d3a] will not be managed by Spring
==>  Preparing: SELECT COUNT( * ) AS total FROM check_plan
<==    Columns: id, title, description, location, hazard_level, hazard_type, images, reporter_id, reporter_name, report_time, status, handler_id, handler_name, handle_time, handle_result, create_time, update_time
<==    Columns: id, title, content, type, priority, status, publish_time, create_by, create_time, update_time
<==        Row: 1, 企业危化品安全管理系统上线通知, <<BLOB>>, 通知, 1, 1, 2026-01-05 08:59:13, null, 2026-01-05 08:59:13, 2026-01-05 08:59:13
<==        Row: 1, 111, <<BLOB>>, 1, 一般, null, <<BLOB>>, 2, 111, 2026-01-05 04:22:33, 0, null, null, null, <<BLOB>>, 2026-01-05 04:22:33, 2026-01-05 04:22:33
<==        Row: 2, 系统简介, <<BLOB>>, 系统简介, 0, 1, 2026-01-05 08:59:13, null, 2026-01-05 08:59:13, 2026-01-05 08:59:13
<==      Total: 2
2026-01-05T04:25:14.015-05:00 DEBUG 4002 --- [hazmat-safety-system] [nio-8080-exec-7] o.s.security.web.FilterChainProxy        : Secured GET /dashboard/pending-plans
<==      Total: 1
Closing non transactional SqlSession [org.apache.ibatis.session.defaults.DefaultSqlSession@469c070c]
==> Parameters: 
Creating a new SqlSession
Closing non transactional SqlSession [org.apache.ibatis.session.defaults.DefaultSqlSession@640b1cfe]
SqlSession [org.apache.ibatis.session.defaults.DefaultSqlSession@66d4aa16] was not registered for synchronization because synchronization is not active
JDBC Connection [HikariProxyConnection@1115004682 wrapping com.mysql.cj.jdbc.ConnectionImpl@1d3cf87a] will not be managed by Spring
==>  Preparing: SELECT id,title,description,check_type,plan_date,department,status,create_by,create_time,update_time FROM check_plan WHERE (status IN (?,?)) ORDER BY plan_date ASC
<==    Columns: total
<==        Row: 0
<==      Total: 1
==> Parameters: 0(Integer), 1(Integer)
Closing non transactional SqlSession [org.apache.ibatis.session.defaults.DefaultSqlSession@12662100]
Creating a new SqlSession
SqlSession [org.apache.ibatis.session.defaults.DefaultSqlSession@6837766] was not registered for synchronization because synchronization is not active
JDBC Connection [HikariProxyConnection@625879191 wrapping com.mysql.cj.jdbc.ConnectionImpl@248d3a] will not be managed by Spring
==>  Preparing: SELECT COUNT( * ) AS total FROM check_record
==> Parameters: 
<==      Total: 0
Closing non transactional SqlSession [org.apache.ibatis.session.defaults.DefaultSqlSession@66d4aa16]
<==    Columns: total
<==        Row: 0
<==      Total: 1
Closing non transactional SqlSession [org.apache.ibatis.session.defaults.DefaultSqlSession@6837766]
Creating a new SqlSession
SqlSession [org.apache.ibatis.session.defaults.DefaultSqlSession@56e846f] was not registered for synchronization because synchronization is not active
JDBC Connection [HikariProxyConnection@416017379 wrapping com.mysql.cj.jdbc.ConnectionImpl@248d3a] will not be managed by Spring
==>  Preparing: SELECT COUNT( * ) AS total FROM hazard_report
==> Parameters: 
<==    Columns: total
<==        Row: 1
<==      Total: 1
Closing non transactional SqlSession [org.apache.ibatis.session.defaults.DefaultSqlSession@56e846f]
Creating a new SqlSession
SqlSession [org.apache.ibatis.session.defaults.DefaultSqlSession@725dddee] was not registered for synchronization because synchronization is not active
JDBC Connection [HikariProxyConnection@65106486 wrapping com.mysql.cj.jdbc.ConnectionImpl@248d3a] will not be managed by Spring
==>  Preparing: SELECT COUNT( * ) AS total FROM hazard_report WHERE (status = ?)
==> Parameters: 0(Integer)
<==    Columns: total
<==        Row: 1
<==      Total: 1
Closing non transactional SqlSession [org.apache.ibatis.session.defaults.DefaultSqlSession@725dddee]
Creating a new SqlSession
SqlSession [org.apache.ibatis.session.defaults.DefaultSqlSession@23d785bb] was not registered for synchronization because synchronization is not active
JDBC Connection [HikariProxyConnection@1064930946 wrapping com.mysql.cj.jdbc.ConnectionImpl@248d3a] will not be managed by Spring
==>  Preparing: SELECT COUNT( * ) AS total FROM safety_knowledge WHERE (status = ?)
==> Parameters: 1(Integer)
<==    Columns: total
<==        Row: 3
<==      Total: 1
Closing non transactional SqlSession [org.apache.ibatis.session.defaults.DefaultSqlSession@23d785bb]
Creating a new SqlSession
SqlSession [org.apache.ibatis.session.defaults.DefaultSqlSession@634d60e6] was not registered for synchronization because synchronization is not active
JDBC Connection [HikariProxyConnection@2091436905 wrapping com.mysql.cj.jdbc.ConnectionImpl@248d3a] will not be managed by Spring
==>  Preparing: SELECT COUNT( * ) AS total FROM announcement WHERE (status = ?)
==> Parameters: 1(Integer)
<==    Columns: total
<==        Row: 2
<==      Total: 1
Closing non transactional SqlSession [org.apache.ibatis.session.defaults.DefaultSqlSession@634d60e6]
2026-01-05T04:25:15.526-05:00 DEBUG 4002 --- [hazmat-safety-system] [nio-8080-exec-1] o.s.security.web.FilterChainProxy        : Securing GET /user/list?pageNum=1&pageSize=10&username=&realName=
2026-01-05T04:25:15.528-05:00 DEBUG 4002 --- [hazmat-safety-system] [nio-8080-exec-1] o.s.security.web.FilterChainProxy        : Secured GET /user/list?pageNum=1&pageSize=10&username=&realName=
Creating a new SqlSession
SqlSession [org.apache.ibatis.session.defaults.DefaultSqlSession@1f917dcd] was not registered for synchronization because synchronization is not active
JDBC Connection [HikariProxyConnection@2071064345 wrapping com.mysql.cj.jdbc.ConnectionImpl@248d3a] will not be managed by Spring
==>  Preparing: SELECT COUNT(*) AS total FROM sys_user
==> Parameters: 
<==    Columns: total
<==        Row: 2
<==      Total: 1
==>  Preparing: SELECT id,username,password,real_name,phone,email,department,avatar,status,create_time,update_time FROM sys_user ORDER BY create_time DESC LIMIT ?
==> Parameters: 10(Long)
<==    Columns: id, username, password, real_name, phone, email, department, avatar, status, create_time, update_time
<==        Row: 2, 111, $2a$10$GPdgYd/3CpGNqJiRw0/4aucro5R/ip4a722Lt60oUygDk2RdirE3., 111, 13686666666, 1111111@qq.com, 1, null, 1, 2026-01-05 04:21:03, 2026-01-05 04:21:03
<==        Row: 1, huyiwen, $2a$10$nhrkfSvgfJCHZJyz2hyDfuhNROwBK397CTqUZVsaADcPHGR.jOsOy, Huyiwen, 17683728423, 17683728423@163.com, 测试部, null, 1, 2026-01-05 04:10:52, 2026-01-05 04:10:52
<==      Total: 2
Closing non transactional SqlSession [org.apache.ibatis.session.defaults.DefaultSqlSession@1f917dcd]
2026-01-05T04:25:17.129-05:00 DEBUG 4002 --- [hazmat-safety-system] [nio-8080-exec-4] o.s.security.web.FilterChainProxy        : Securing GET /user/safety-admin/list?pageNum=1&pageSize=10&username=&realName=
2026-01-05T04:25:17.131-05:00 DEBUG 4002 --- [hazmat-safety-system] [nio-8080-exec-4] o.s.security.web.FilterChainProxy        : Secured GET /user/safety-admin/list?pageNum=1&pageSize=10&username=&realName=
Creating a new SqlSession
SqlSession [org.apache.ibatis.session.defaults.DefaultSqlSession@31051d3e] was not registered for synchronization because synchronization is not active
JDBC Connection [HikariProxyConnection@1190757393 wrapping com.mysql.cj.jdbc.ConnectionImpl@25842790] will not be managed by Spring
==>  Preparing: SELECT COUNT(*) AS total FROM safety_admin
==> Parameters: 
<==    Columns: total
<==        Row: 1
<==      Total: 1
==>  Preparing: SELECT id,username,password,real_name,phone,email,department,avatar,status,create_time,update_time FROM safety_admin ORDER BY create_time DESC LIMIT ?
==> Parameters: 10(Long)
<==    Columns: id, username, password, real_name, phone, email, department, avatar, status, create_time, update_time
<==        Row: 1, safety, $2b$12$tpP2JAqVoWFv0gpHINXCIOzLkBXozPwQJ.bQkP8ISRodVV36ahICW, 安全管理员, 13800000001, safety@example.com, 安全管理部, null, 1, 2026-01-05 08:59:13, 2026-01-05 09:15:26
<==      Total: 1
Closing non transactional SqlSession [org.apache.ibatis.session.defaults.DefaultSqlSession@31051d3e]
2026-01-05T04:25:19.512-05:00 DEBUG 4002 --- [hazmat-safety-system] [nio-8080-exec-5] o.s.security.web.FilterChainProxy        : Securing GET /announcement/list?pageNum=1&pageSize=10&title=&type=
2026-01-05T04:25:19.514-05:00 DEBUG 4002 --- [hazmat-safety-system] [nio-8080-exec-5] o.s.security.web.FilterChainProxy        : Secured GET /announcement/list?pageNum=1&pageSize=10&title=&type=
Creating a new SqlSession
SqlSession [org.apache.ibatis.session.defaults.DefaultSqlSession@108a5139] was not registered for synchronization because synchronization is not active
JDBC Connection [HikariProxyConnection@353845478 wrapping com.mysql.cj.jdbc.ConnectionImpl@7ac22c1e] will not be managed by Spring
==>  Preparing: SELECT COUNT(*) AS total FROM announcement
==> Parameters: 
<==    Columns: total
<==        Row: 2
<==      Total: 1
==>  Preparing: SELECT id,title,content,type,priority,status,publish_time,create_by,create_time,update_time FROM announcement ORDER BY priority DESC,publish_time DESC LIMIT ?
==> Parameters: 10(Long)
<==    Columns: id, title, content, type, priority, status, publish_time, create_by, create_time, update_time
<==        Row: 1, 企业危化品安全管理系统上线通知, <<BLOB>>, 通知, 1, 1, 2026-01-05 08:59:13, null, 2026-01-05 08:59:13, 2026-01-05 08:59:13
<==        Row: 2, 系统简介, <<BLOB>>, 系统简介, 0, 1, 2026-01-05 08:59:13, null, 2026-01-05 08:59:13, 2026-01-05 08:59:13
<==      Total: 2
Closing non transactional SqlSession [org.apache.ibatis.session.defaults.DefaultSqlSession@108a5139]
2026-01-05T04:25:21.152-05:00 DEBUG 4002 --- [hazmat-safety-system] [nio-8080-exec-6] o.s.security.web.FilterChainProxy        : Securing GET /hazard/list?pageNum=1&pageSize=10&title=&hazardLevel=
2026-01-05T04:25:21.154-05:00 DEBUG 4002 --- [hazmat-safety-system] [nio-8080-exec-6] o.s.security.web.FilterChainProxy        : Secured GET /hazard/list?pageNum=1&pageSize=10&title=&hazardLevel=
Creating a new SqlSession
SqlSession [org.apache.ibatis.session.defaults.DefaultSqlSession@6755481a] was not registered for synchronization because synchronization is not active
JDBC Connection [HikariProxyConnection@678032278 wrapping com.mysql.cj.jdbc.ConnectionImpl@249c4e26] will not be managed by Spring
==>  Preparing: SELECT COUNT(*) AS total FROM hazard_report
==> Parameters: 
<==    Columns: total
<==        Row: 1
<==      Total: 1
==>  Preparing: SELECT id,title,description,location,hazard_level,hazard_type,images,reporter_id,reporter_name,report_time,status,handler_id,handler_name,handle_time,handle_result,create_time,update_time FROM hazard_report ORDER BY report_time DESC LIMIT ?
==> Parameters: 10(Long)
<==    Columns: id, title, description, location, hazard_level, hazard_type, images, reporter_id, reporter_name, report_time, status, handler_id, handler_name, handle_time, handle_result, create_time, update_time
<==        Row: 1, 111, <<BLOB>>, 1, 一般, null, <<BLOB>>, 2, 111, 2026-01-05 04:22:33, 0, null, null, null, <<BLOB>>, 2026-01-05 04:22:33, 2026-01-05 04:22:33
<==      Total: 1
Closing non transactional SqlSession [org.apache.ibatis.session.defaults.DefaultSqlSession@6755481a]
2026-01-05T04:25:22.580-05:00 DEBUG 4002 --- [hazmat-safety-system] [nio-8080-exec-9] o.s.security.web.FilterChainProxy        : Securing GET /knowledge/published?pageNum=1&pageSize=9&title=&category=
2026-01-05T04:25:22.581-05:00 DEBUG 4002 --- [hazmat-safety-system] [nio-8080-exec-9] o.s.security.web.FilterChainProxy        : Secured GET /knowledge/published?pageNum=1&pageSize=9&title=&category=
Creating a new SqlSession
SqlSession [org.apache.ibatis.session.defaults.DefaultSqlSession@6d5461ec] was not registered for synchronization because synchronization is not active
JDBC Connection [HikariProxyConnection@987358300 wrapping com.mysql.cj.jdbc.ConnectionImpl@248d3a] will not be managed by Spring
==>  Preparing: SELECT COUNT(*) AS total FROM safety_knowledge WHERE (status = ?)
==> Parameters: 1(Integer)
<==    Columns: total
<==        Row: 3
<==      Total: 1
==>  Preparing: SELECT id,title,content,category,cover_image,view_count,status,create_by,create_time,update_time FROM safety_knowledge WHERE (status = ?) ORDER BY create_time DESC LIMIT ?
==> Parameters: 1(Integer), 9(Long)
<==    Columns: id, title, content, category, cover_image, view_count, status, create_by, create_time, update_time
<==        Row: 1, 危险化学品安全操作规程, <<BLOB>>, 操作规程, null, 2, 1, null, 2026-01-05 08:59:13, 2026-01-05 08:59:13
<==        Row: 2, 化学品泄漏应急处置预案, <<BLOB>>, 应急预案, null, 0, 1, null, 2026-01-05 08:59:13, 2026-01-05 08:59:13
<==        Row: 3, 个人防护装备使用指南, <<BLOB>>, 安全知识, null, 2, 1, null, 2026-01-05 08:59:13, 2026-01-05 08:59:13
<==      Total: 3
Closing non transactional SqlSession [org.apache.ibatis.session.defaults.DefaultSqlSession@6d5461ec]
2026-01-05T04:25:23.199-05:00 DEBUG 4002 --- [hazmat-safety-system] [nio-8080-exec-3] o.s.security.web.FilterChainProxy        : Securing GET /knowledge/list?pageNum=1&pageSize=10&title=&category=
2026-01-05T04:25:23.200-05:00 DEBUG 4002 --- [hazmat-safety-system] [nio-8080-exec-3] o.s.security.web.FilterChainProxy        : Secured GET /knowledge/list?pageNum=1&pageSize=10&title=&category=
Creating a new SqlSession
SqlSession [org.apache.ibatis.session.defaults.DefaultSqlSession@2043ab6a] was not registered for synchronization because synchronization is not active
JDBC Connection [HikariProxyConnection@1602508130 wrapping com.mysql.cj.jdbc.ConnectionImpl@249c4e26] will not be managed by Spring
==>  Preparing: SELECT COUNT(*) AS total FROM safety_knowledge
==> Parameters: 
<==    Columns: total
<==        Row: 3
<==      Total: 1
==>  Preparing: SELECT id,title,content,category,cover_image,view_count,status,create_by,create_time,update_time FROM safety_knowledge ORDER BY create_time DESC LIMIT ?
==> Parameters: 10(Long)
<==    Columns: id, title, content, category, cover_image, view_count, status, create_by, create_time, update_time
<==        Row: 1, 危险化学品安全操作规程, <<BLOB>>, 操作规程, null, 2, 1, null, 2026-01-05 08:59:13, 2026-01-05 08:59:13
<==        Row: 2, 化学品泄漏应急处置预案, <<BLOB>>, 应急预案, null, 0, 1, null, 2026-01-05 08:59:13, 2026-01-05 08:59:13
<==        Row: 3, 个人防护装备使用指南, <<BLOB>>, 安全知识, null, 2, 1, null, 2026-01-05 08:59:13, 2026-01-05 08:59:13
<==      Total: 3
Closing non transactional SqlSession [org.apache.ibatis.session.defaults.DefaultSqlSession@2043ab6a]
2026-01-05T04:25:26.568-05:00 DEBUG 4002 --- [hazmat-safety-system] [nio-8080-exec-2] o.s.security.web.FilterChainProxy        : Securing GET /hazard/list?pageNum=1&pageSize=10&title=&hazardLevel=
2026-01-05T04:25:26.570-05:00 DEBUG 4002 --- [hazmat-safety-system] [nio-8080-exec-2] o.s.security.web.FilterChainProxy        : Secured GET /hazard/list?pageNum=1&pageSize=10&title=&hazardLevel=
Creating a new SqlSession
SqlSession [org.apache.ibatis.session.defaults.DefaultSqlSession@49b943cb] was not registered for synchronization because synchronization is not active
JDBC Connection [HikariProxyConnection@1246833238 wrapping com.mysql.cj.jdbc.ConnectionImpl@7ac22c1e] will not be managed by Spring
==>  Preparing: SELECT COUNT(*) AS total FROM hazard_report
==> Parameters: 
<==    Columns: total
<==        Row: 1
<==      Total: 1
==>  Preparing: SELECT id,title,description,location,hazard_level,hazard_type,images,reporter_id,reporter_name,report_time,status,handler_id,handler_name,handle_time,handle_result,create_time,update_time FROM hazard_report ORDER BY report_time DESC LIMIT ?
==> Parameters: 10(Long)
<==    Columns: id, title, description, location, hazard_level, hazard_type, images, reporter_id, reporter_name, report_time, status, handler_id, handler_name, handle_time, handle_result, create_time, update_time
<==        Row: 1, 111, <<BLOB>>, 1, 一般, null, <<BLOB>>, 2, 111, 2026-01-05 04:22:33, 0, null, null, null, <<BLOB>>, 2026-01-05 04:22:33, 2026-01-05 04:22:33
<==      Total: 1
Closing non transactional SqlSession [org.apache.ibatis.session.defaults.DefaultSqlSession@49b943cb]
2026-01-05T04:25:28.414-05:00 DEBUG 4002 --- [hazmat-safety-system] [nio-8080-exec-8] o.s.security.web.FilterChainProxy        : Securing GET /check/record/list?pageNum=1&pageSize=10&title=
2026-01-05T04:25:28.415-05:00 DEBUG 4002 --- [hazmat-safety-system] [nio-8080-exec-8] o.s.security.web.FilterChainProxy        : Secured GET /check/record/list?pageNum=1&pageSize=10&title=
Creating a new SqlSession
SqlSession [org.apache.ibatis.session.defaults.DefaultSqlSession@368016be] was not registered for synchronization because synchronization is not active
JDBC Connection [HikariProxyConnection@1646408797 wrapping com.mysql.cj.jdbc.ConnectionImpl@1d3cf87a] will not be managed by Spring
==>  Preparing: SELECT COUNT(*) AS total FROM check_record
==> Parameters: 
<==    Columns: total
<==        Row: 0
<==      Total: 1
Closing non transactional SqlSession [org.apache.ibatis.session.defaults.DefaultSqlSession@368016be]
2026-01-05T04:25:29.597-05:00 DEBUG 4002 --- [hazmat-safety-system] [nio-8080-exec-7] o.s.security.web.FilterChainProxy        : Securing GET /check/plan/list?pageNum=1&pageSize=10&title=
2026-01-05T04:25:29.598-05:00 DEBUG 4002 --- [hazmat-safety-system] [nio-8080-exec-7] o.s.security.web.FilterChainProxy        : Secured GET /check/plan/list?pageNum=1&pageSize=10&title=
Creating a new SqlSession
SqlSession [org.apache.ibatis.session.defaults.DefaultSqlSession@23d8daad] was not registered for synchronization because synchronization is not active
JDBC Connection [HikariProxyConnection@428336011 wrapping com.mysql.cj.jdbc.ConnectionImpl@1d3cf87a] will not be managed by Spring
==>  Preparing: SELECT COUNT(*) AS total FROM check_plan
==> Parameters: 
<==    Columns: total
<==        Row: 0
<==      Total: 1
Closing non transactional SqlSession [org.apache.ibatis.session.defaults.DefaultSqlSession@23d8daad]
2026-01-05T04:25:31.390-05:00 DEBUG 4002 --- [hazmat-safety-system] [io-8080-exec-10] o.s.security.web.FilterChainProxy        : Securing GET /check/plan/list?pageNum=1&pageSize=10&title=
2026-01-05T04:25:31.391-05:00 DEBUG 4002 --- [hazmat-safety-system] [io-8080-exec-10] o.s.security.web.FilterChainProxy        : Secured GET /check/plan/list?pageNum=1&pageSize=10&title=
Creating a new SqlSession
SqlSession [org.apache.ibatis.session.defaults.DefaultSqlSession@3135e860] was not registered for synchronization because synchronization is not active
JDBC Connection [HikariProxyConnection@62817076 wrapping com.mysql.cj.jdbc.ConnectionImpl@248d3a] will not be managed by Spring
==>  Preparing: SELECT COUNT(*) AS total FROM check_plan
==> Parameters: 
<==    Columns: total
<==        Row: 0
<==      Total: 1
Closing non transactional SqlSession [org.apache.ibatis.session.defaults.DefaultSqlSession@3135e860]
2026-01-05T04:25:31.603-05:00 DEBUG 4002 --- [hazmat-safety-system] [nio-8080-exec-1] o.s.security.web.FilterChainProxy        : Securing GET /user/admin/1
2026-01-05T04:25:31.605-05:00 DEBUG 4002 --- [hazmat-safety-system] [nio-8080-exec-1] o.s.security.web.FilterChainProxy        : Secured GET /user/admin/1
Creating a new SqlSession
SqlSession [org.apache.ibatis.session.defaults.DefaultSqlSession@5edecb59] was not registered for synchronization because synchronization is not active
JDBC Connection [HikariProxyConnection@1335991033 wrapping com.mysql.cj.jdbc.ConnectionImpl@248d3a] will not be managed by Spring
==>  Preparing: SELECT id,username,password,real_name,phone,email,avatar,status,create_time,update_time FROM sys_admin WHERE id=?
==> Parameters: 1(Long)
<==    Columns: id, username, password, real_name, phone, email, avatar, status, create_time, update_time
<==        Row: 1, admin, $2b$12$tpP2JAqVoWFv0gpHINXCIOzLkBXozPwQJ.bQkP8ISRodVV36ahICW, 系统管理员, 13800000000, admin@example.com, null, 1, 2026-01-05 08:59:13, 2026-01-05 09:15:26
<==      Total: 1
Closing non transactional SqlSession [org.apache.ibatis.session.defaults.DefaultSqlSession@5edecb59]
2026-01-05T04:25:32.113-05:00 DEBUG 4002 --- [hazmat-safety-system] [nio-8080-exec-4] o.s.security.web.FilterChainProxy        : Securing GET /check/record/list?pageNum=1&pageSize=10&title=
2026-01-05T04:25:32.115-05:00 DEBUG 4002 --- [hazmat-safety-system] [nio-8080-exec-4] o.s.security.web.FilterChainProxy        : Secured GET /check/record/list?pageNum=1&pageSize=10&title=
Creating a new SqlSession
SqlSession [org.apache.ibatis.session.defaults.DefaultSqlSession@3de589f7] was not registered for synchronization because synchronization is not active
JDBC Connection [HikariProxyConnection@1367117256 wrapping com.mysql.cj.jdbc.ConnectionImpl@25842790] will not be managed by Spring
==>  Preparing: SELECT COUNT(*) AS total FROM check_record
==> Parameters: 
<==    Columns: total
<==        Row: 0
<==      Total: 1
Closing non transactional SqlSession [org.apache.ibatis.session.defaults.DefaultSqlSession@3de589f7]
2026-01-05T04:25:33.768-05:00 DEBUG 4002 --- [hazmat-safety-system] [nio-8080-exec-5] o.s.security.web.FilterChainProxy        : Securing GET /hazmat/category/list?pageNum=1&pageSize=10&name=
2026-01-05T04:25:33.770-05:00 DEBUG 4002 --- [hazmat-safety-system] [nio-8080-exec-5] o.s.security.web.FilterChainProxy        : Secured GET /hazmat/category/list?pageNum=1&pageSize=10&name=
Creating a new SqlSession
SqlSession [org.apache.ibatis.session.defaults.DefaultSqlSession@164d212d] was not registered for synchronization because synchronization is not active
JDBC Connection [HikariProxyConnection@2029594506 wrapping com.mysql.cj.jdbc.ConnectionImpl@7ac22c1e] will not be managed by Spring
==>  Preparing: SELECT COUNT(*) AS total FROM hazmat_category
==> Parameters: 
<==    Columns: total
<==        Row: 8
<==      Total: 1
==>  Preparing: SELECT id,name,code,description,danger_level,parent_id,sort_order,status,create_time,update_time FROM hazmat_category ORDER BY sort_order ASC LIMIT ?
==> Parameters: 10(Long)
<==    Columns: id, name, code, description, danger_level, parent_id, sort_order, status, create_time, update_time
<==        Row: 1, 爆炸品, CAT001, <<BLOB>>, 极高, 0, 1, 1, 2026-01-05 08:59:13, 2026-01-05 08:59:13
<==        Row: 2, 压缩气体和液化气体, CAT002, <<BLOB>>, 高, 0, 2, 1, 2026-01-05 08:59:13, 2026-01-05 08:59:13
<==        Row: 3, 易燃液体, CAT003, <<BLOB>>, 高, 0, 3, 1, 2026-01-05 08:59:13, 2026-01-05 08:59:13
<==        Row: 4, 易燃固体, CAT004, <<BLOB>>, 中, 0, 4, 1, 2026-01-05 08:59:13, 2026-01-05 08:59:13
<==        Row: 5, 氧化剂和有机过氧化物, CAT005, <<BLOB>>, 高, 0, 5, 1, 2026-01-05 08:59:13, 2026-01-05 08:59:13
<==        Row: 6, 毒害品, CAT006, <<BLOB>>, 高, 0, 6, 1, 2026-01-05 08:59:13, 2026-01-05 08:59:13
<==        Row: 7, 腐蚀品, CAT007, <<BLOB>>, 中, 0, 7, 1, 2026-01-05 08:59:13, 2026-01-05 08:59:13
<==        Row: 8, 放射性物品, CAT008, <<BLOB>>, 极高, 0, 8, 1, 2026-01-05 08:59:13, 2026-01-05 08:59:13
<==      Total: 8
Closing non transactional SqlSession [org.apache.ibatis.session.defaults.DefaultSqlSession@164d212d]
2026-01-05T04:25:37.987-05:00 DEBUG 4002 --- [hazmat-safety-system] [nio-8080-exec-6] o.s.security.web.FilterChainProxy        : Securing GET /dashboard/hot-knowledge
2026-01-05T04:25:37.988-05:00 DEBUG 4002 --- [hazmat-safety-system] [nio-8080-exec-3] o.s.security.web.FilterChainProxy        : Securing GET /dashboard/stats
2026-01-05T04:25:37.988-05:00 DEBUG 4002 --- [hazmat-safety-system] [nio-8080-exec-9] o.s.security.web.FilterChainProxy        : Securing GET /dashboard/pending-plans
2026-01-05T04:25:37.988-05:00 DEBUG 4002 --- [hazmat-safety-system] [nio-8080-exec-2] o.s.security.web.FilterChainProxy        : Securing GET /dashboard/announcements
2026-01-05T04:25:37.988-05:00 DEBUG 4002 --- [hazmat-safety-system] [nio-8080-exec-8] o.s.security.web.FilterChainProxy        : Securing GET /dashboard/pending-hazards
2026-01-05T04:25:37.989-05:00 DEBUG 4002 --- [hazmat-safety-system] [nio-8080-exec-6] o.s.security.web.FilterChainProxy        : Secured GET /dashboard/hot-knowledge
Creating a new SqlSession
SqlSession [org.apache.ibatis.session.defaults.DefaultSqlSession@78e362f] was not registered for synchronization because synchronization is not active
2026-01-05T04:25:37.989-05:00 DEBUG 4002 --- [hazmat-safety-system] [nio-8080-exec-9] o.s.security.web.FilterChainProxy        : Secured GET /dashboard/pending-plans
2026-01-05T04:25:37.989-05:00 DEBUG 4002 --- [hazmat-safety-system] [nio-8080-exec-2] o.s.security.web.FilterChainProxy        : Secured GET /dashboard/announcements
2026-01-05T04:25:37.989-05:00 DEBUG 4002 --- [hazmat-safety-system] [nio-8080-exec-3] o.s.security.web.FilterChainProxy        : Secured GET /dashboard/stats
Creating a new SqlSession
Creating a new SqlSession
SqlSession [org.apache.ibatis.session.defaults.DefaultSqlSession@510509b4] was not registered for synchronization because synchronization is not active
SqlSession [org.apache.ibatis.session.defaults.DefaultSqlSession@19e20947] was not registered for synchronization because synchronization is not active
Creating a new SqlSession
SqlSession [org.apache.ibatis.session.defaults.DefaultSqlSession@27a563e9] was not registered for synchronization because synchronization is not active
JDBC Connection [HikariProxyConnection@1612484619 wrapping com.mysql.cj.jdbc.ConnectionImpl@249c4e26] will not be managed by Spring
==>  Preparing: SELECT id,title,content,category,cover_image,view_count,status,create_by,create_time,update_time FROM safety_knowledge WHERE (status = ?) ORDER BY view_count DESC LIMIT 5
2026-01-05T04:25:37.989-05:00 DEBUG 4002 --- [hazmat-safety-system] [nio-8080-exec-8] o.s.security.web.FilterChainProxy        : Secured GET /dashboard/pending-hazards
JDBC Connection [HikariProxyConnection@613153996 wrapping com.mysql.cj.jdbc.ConnectionImpl@248d3a] will not be managed by Spring
JDBC Connection [HikariProxyConnection@1512215479 wrapping com.mysql.cj.jdbc.ConnectionImpl@7ac22c1e] will not be managed by Spring
==>  Preparing: SELECT id,title,description,check_type,plan_date,department,status,create_by,create_time,update_time FROM check_plan WHERE (status IN (?,?)) ORDER BY plan_date ASC
==> Parameters: 1(Integer)
JDBC Connection [HikariProxyConnection@1526144314 wrapping com.mysql.cj.jdbc.ConnectionImpl@1d3cf87a] will not be managed by Spring
==>  Preparing: SELECT COUNT( * ) AS total FROM hazmat_info WHERE (status = ?)
Creating a new SqlSession
SqlSession [org.apache.ibatis.session.defaults.DefaultSqlSession@5ec4be98] was not registered for synchronization because synchronization is not active
==> Parameters: 0(Integer), 1(Integer)
==> Parameters: 1(Integer)
JDBC Connection [HikariProxyConnection@1863903006 wrapping com.mysql.cj.jdbc.ConnectionImpl@25842790] will not be managed by Spring
==>  Preparing: SELECT id,title,description,location,hazard_level,hazard_type,images,reporter_id,reporter_name,report_time,status,handler_id,handler_name,handle_time,handle_result,create_time,update_time FROM hazard_report WHERE (status IN (?,?)) ORDER BY report_time DESC
==>  Preparing: SELECT id,title,content,type,priority,status,publish_time,create_by,create_time,update_time FROM announcement WHERE (status = ?) ORDER BY priority DESC,publish_time DESC LIMIT 5
==> Parameters: 0(Integer), 1(Integer)
==> Parameters: 1(Integer)
<==      Total: 0
<==    Columns: id, title, content, category, cover_image, view_count, status, create_by, create_time, update_time
Closing non transactional SqlSession [org.apache.ibatis.session.defaults.DefaultSqlSession@510509b4]
<==        Row: 1, 危险化学品安全操作规程, <<BLOB>>, 操作规程, null, 2, 1, null, 2026-01-05 08:59:13, 2026-01-05 08:59:13
<==    Columns: id, title, description, location, hazard_level, hazard_type, images, reporter_id, reporter_name, report_time, status, handler_id, handler_name, handle_time, handle_result, create_time, update_time
<==    Columns: id, title, content, type, priority, status, publish_time, create_by, create_time, update_time
<==        Row: 1, 111, <<BLOB>>, 1, 一般, null, <<BLOB>>, 2, 111, 2026-01-05 04:22:33, 0, null, null, null, <<BLOB>>, 2026-01-05 04:22:33, 2026-01-05 04:22:33
<==        Row: 1, 企业危化品安全管理系统上线通知, <<BLOB>>, 通知, 1, 1, 2026-01-05 08:59:13, null, 2026-01-05 08:59:13, 2026-01-05 08:59:13
<==        Row: 3, 个人防护装备使用指南, <<BLOB>>, 安全知识, null, 2, 1, null, 2026-01-05 08:59:13, 2026-01-05 08:59:13
<==        Row: 2, 化学品泄漏应急处置预案, <<BLOB>>, 应急预案, null, 0, 1, null, 2026-01-05 08:59:13, 2026-01-05 08:59:13
<==      Total: 3
<==      Total: 1
<==        Row: 2, 系统简介, <<BLOB>>, 系统简介, 0, 1, 2026-01-05 08:59:13, null, 2026-01-05 08:59:13, 2026-01-05 08:59:13
Closing non transactional SqlSession [org.apache.ibatis.session.defaults.DefaultSqlSession@78e362f]
<==      Total: 2
Closing non transactional SqlSession [org.apache.ibatis.session.defaults.DefaultSqlSession@5ec4be98]
Closing non transactional SqlSession [org.apache.ibatis.session.defaults.DefaultSqlSession@19e20947]
<==    Columns: total
<==        Row: 5
<==      Total: 1
Closing non transactional SqlSession [org.apache.ibatis.session.defaults.DefaultSqlSession@27a563e9]
Creating a new SqlSession
SqlSession [org.apache.ibatis.session.defaults.DefaultSqlSession@4847b262] was not registered for synchronization because synchronization is not active
JDBC Connection [HikariProxyConnection@1148267176 wrapping com.mysql.cj.jdbc.ConnectionImpl@1d3cf87a] will not be managed by Spring
==>  Preparing: SELECT COUNT( * ) AS total FROM check_plan
==> Parameters: 
<==    Columns: total
<==        Row: 0
<==      Total: 1
Closing non transactional SqlSession [org.apache.ibatis.session.defaults.DefaultSqlSession@4847b262]
Creating a new SqlSession
SqlSession [org.apache.ibatis.session.defaults.DefaultSqlSession@3cdbe066] was not registered for synchronization because synchronization is not active
JDBC Connection [HikariProxyConnection@1232769341 wrapping com.mysql.cj.jdbc.ConnectionImpl@1d3cf87a] will not be managed by Spring
==>  Preparing: SELECT COUNT( * ) AS total FROM check_record
==> Parameters: 
<==    Columns: total
<==        Row: 0
<==      Total: 1
Closing non transactional SqlSession [org.apache.ibatis.session.defaults.DefaultSqlSession@3cdbe066]
Creating a new SqlSession
SqlSession [org.apache.ibatis.session.defaults.DefaultSqlSession@4dd9bcea] was not registered for synchronization because synchronization is not active
JDBC Connection [HikariProxyConnection@786607591 wrapping com.mysql.cj.jdbc.ConnectionImpl@1d3cf87a] will not be managed by Spring
==>  Preparing: SELECT COUNT( * ) AS total FROM hazard_report
==> Parameters: 
<==    Columns: total
<==        Row: 1
<==      Total: 1
Closing non transactional SqlSession [org.apache.ibatis.session.defaults.DefaultSqlSession@4dd9bcea]
Creating a new SqlSession
SqlSession [org.apache.ibatis.session.defaults.DefaultSqlSession@29b3c788] was not registered for synchronization because synchronization is not active
JDBC Connection [HikariProxyConnection@697110712 wrapping com.mysql.cj.jdbc.ConnectionImpl@1d3cf87a] will not be managed by Spring
==>  Preparing: SELECT COUNT( * ) AS total FROM hazard_report WHERE (status = ?)
==> Parameters: 0(Integer)
<==    Columns: total
<==        Row: 1
<==      Total: 1
Closing non transactional SqlSession [org.apache.ibatis.session.defaults.DefaultSqlSession@29b3c788]
Creating a new SqlSession
SqlSession [org.apache.ibatis.session.defaults.DefaultSqlSession@40764a19] was not registered for synchronization because synchronization is not active
JDBC Connection [HikariProxyConnection@2001623576 wrapping com.mysql.cj.jdbc.ConnectionImpl@1d3cf87a] will not be managed by Spring
==>  Preparing: SELECT COUNT( * ) AS total FROM safety_knowledge WHERE (status = ?)
==> Parameters: 1(Integer)
<==    Columns: total
<==        Row: 3
<==      Total: 1
Closing non transactional SqlSession [org.apache.ibatis.session.defaults.DefaultSqlSession@40764a19]
Creating a new SqlSession
SqlSession [org.apache.ibatis.session.defaults.DefaultSqlSession@7c990b77] was not registered for synchronization because synchronization is not active
JDBC Connection [HikariProxyConnection@248361087 wrapping com.mysql.cj.jdbc.ConnectionImpl@1d3cf87a] will not be managed by Spring
==>  Preparing: SELECT COUNT( * ) AS total FROM announcement WHERE (status = ?)
==> Parameters: 1(Integer)
<==    Columns: total
<==        Row: 2
<==      Total: 1
Closing non transactional SqlSession [org.apache.ibatis.session.defaults.DefaultSqlSession@7c990b77]
2026-01-05T04:25:44.135-05:00 DEBUG 4002 --- [hazmat-safety-system] [nio-8080-exec-7] o.s.security.web.FilterChainProxy        : Securing GET /user/list?pageNum=1&pageSize=10&username=&realName=
2026-01-05T04:25:44.136-05:00 DEBUG 4002 --- [hazmat-safety-system] [nio-8080-exec-7] o.s.security.web.FilterChainProxy        : Secured GET /user/list?pageNum=1&pageSize=10&username=&realName=
Creating a new SqlSession
SqlSession [org.apache.ibatis.session.defaults.DefaultSqlSession@662fcda6] was not registered for synchronization because synchronization is not active
JDBC Connection [HikariProxyConnection@1373118632 wrapping com.mysql.cj.jdbc.ConnectionImpl@1d3cf87a] will not be managed by Spring
==>  Preparing: SELECT COUNT(*) AS total FROM sys_user
==> Parameters: 
<==    Columns: total
<==        Row: 2
<==      Total: 1
==>  Preparing: SELECT id,username,password,real_name,phone,email,department,avatar,status,create_time,update_time FROM sys_user ORDER BY create_time DESC LIMIT ?
==> Parameters: 10(Long)
<==    Columns: id, username, password, real_name, phone, email, department, avatar, status, create_time, update_time
<==        Row: 2, 111, $2a$10$GPdgYd/3CpGNqJiRw0/4aucro5R/ip4a722Lt60oUygDk2RdirE3., 111, 13686666666, 1111111@qq.com, 1, null, 1, 2026-01-05 04:21:03, 2026-01-05 04:21:03
<==        Row: 1, huyiwen, $2a$10$nhrkfSvgfJCHZJyz2hyDfuhNROwBK397CTqUZVsaADcPHGR.jOsOy, Huyiwen, 17683728423, 17683728423@163.com, 测试部, null, 1, 2026-01-05 04:10:52, 2026-01-05 04:10:52
<==      Total: 2
Closing non transactional SqlSession [org.apache.ibatis.session.defaults.DefaultSqlSession@662fcda6]
2026-01-05T04:25:51.043-05:00 DEBUG 4002 --- [hazmat-safety-system] [io-8080-exec-10] o.s.security.web.FilterChainProxy        : Securing GET /user/safety-admin/list?pageNum=1&pageSize=10&username=&realName=
2026-01-05T04:25:51.044-05:00 DEBUG 4002 --- [hazmat-safety-system] [io-8080-exec-10] o.s.security.web.FilterChainProxy        : Secured GET /user/safety-admin/list?pageNum=1&pageSize=10&username=&realName=
Creating a new SqlSession
SqlSession [org.apache.ibatis.session.defaults.DefaultSqlSession@200234b1] was not registered for synchronization because synchronization is not active
JDBC Connection [HikariProxyConnection@1367639288 wrapping com.mysql.cj.jdbc.ConnectionImpl@248d3a] will not be managed by Spring
==>  Preparing: SELECT COUNT(*) AS total FROM safety_admin
==> Parameters: 
<==    Columns: total
<==        Row: 1
<==      Total: 1
==>  Preparing: SELECT id,username,password,real_name,phone,email,department,avatar,status,create_time,update_time FROM safety_admin ORDER BY create_time DESC LIMIT ?
==> Parameters: 10(Long)
<==    Columns: id, username, password, real_name, phone, email, department, avatar, status, create_time, update_time
<==        Row: 1, safety, $2b$12$tpP2JAqVoWFv0gpHINXCIOzLkBXozPwQJ.bQkP8ISRodVV36ahICW, 安全管理员, 13800000001, safety@example.com, 安全管理部, null, 1, 2026-01-05 08:59:13, 2026-01-05 09:15:26
<==      Total: 1
Closing non transactional SqlSession [org.apache.ibatis.session.defaults.DefaultSqlSession@200234b1]
2026-01-05T04:26:03.427-05:00 DEBUG 4002 --- [hazmat-safety-system] [nio-8080-exec-1] o.s.security.web.FilterChainProxy        : Securing GET /user/list?pageNum=1&pageSize=10&username=&realName=
2026-01-05T04:26:03.428-05:00 DEBUG 4002 --- [hazmat-safety-system] [nio-8080-exec-1] o.s.security.web.FilterChainProxy        : Secured GET /user/list?pageNum=1&pageSize=10&username=&realName=
Creating a new SqlSession
SqlSession [org.apache.ibatis.session.defaults.DefaultSqlSession@4400c057] was not registered for synchronization because synchronization is not active
JDBC Connection [HikariProxyConnection@790193843 wrapping com.mysql.cj.jdbc.ConnectionImpl@248d3a] will not be managed by Spring
==>  Preparing: SELECT COUNT(*) AS total FROM sys_user
==> Parameters: 
<==    Columns: total
<==        Row: 2
<==      Total: 1
==>  Preparing: SELECT id,username,password,real_name,phone,email,department,avatar,status,create_time,update_time FROM sys_user ORDER BY create_time DESC LIMIT ?
==> Parameters: 10(Long)
<==    Columns: id, username, password, real_name, phone, email, department, avatar, status, create_time, update_time
<==        Row: 2, 111, $2a$10$GPdgYd/3CpGNqJiRw0/4aucro5R/ip4a722Lt60oUygDk2RdirE3., 111, 13686666666, 1111111@qq.com, 1, null, 1, 2026-01-05 04:21:03, 2026-01-05 04:21:03
<==        Row: 1, huyiwen, $2a$10$nhrkfSvgfJCHZJyz2hyDfuhNROwBK397CTqUZVsaADcPHGR.jOsOy, Huyiwen, 17683728423, 17683728423@163.com, 测试部, null, 1, 2026-01-05 04:10:52, 2026-01-05 04:10:52
<==      Total: 2
Closing non transactional SqlSession [org.apache.ibatis.session.defaults.DefaultSqlSession@4400c057]
2026-01-05T04:26:05.477-05:00 DEBUG 4002 --- [hazmat-safety-system] [nio-8080-exec-4] o.s.security.web.FilterChainProxy        : Securing GET /announcement/list?pageNum=1&pageSize=10&title=&type=
2026-01-05T04:26:05.479-05:00 DEBUG 4002 --- [hazmat-safety-system] [nio-8080-exec-4] o.s.security.web.FilterChainProxy        : Secured GET /announcement/list?pageNum=1&pageSize=10&title=&type=
Creating a new SqlSession
SqlSession [org.apache.ibatis.session.defaults.DefaultSqlSession@17c3721d] was not registered for synchronization because synchronization is not active
JDBC Connection [HikariProxyConnection@655178264 wrapping com.mysql.cj.jdbc.ConnectionImpl@25842790] will not be managed by Spring
==>  Preparing: SELECT COUNT(*) AS total FROM announcement
==> Parameters: 
<==    Columns: total
<==        Row: 2
<==      Total: 1
==>  Preparing: SELECT id,title,content,type,priority,status,publish_time,create_by,create_time,update_time FROM announcement ORDER BY priority DESC,publish_time DESC LIMIT ?
==> Parameters: 10(Long)
<==    Columns: id, title, content, type, priority, status, publish_time, create_by, create_time, update_time
<==        Row: 1, 企业危化品安全管理系统上线通知, <<BLOB>>, 通知, 1, 1, 2026-01-05 08:59:13, null, 2026-01-05 08:59:13, 2026-01-05 08:59:13
<==        Row: 2, 系统简介, <<BLOB>>, 系统简介, 0, 1, 2026-01-05 08:59:13, null, 2026-01-05 08:59:13, 2026-01-05 08:59:13
<==      Total: 2
Closing non transactional SqlSession [org.apache.ibatis.session.defaults.DefaultSqlSession@17c3721d]
2026-01-05T04:30:58.500-05:00 DEBUG 4002 --- [hazmat-safety-system] [nio-8080-exec-5] o.s.security.web.FilterChainProxy        : Securing GET /dashboard/pending-plans
2026-01-05T04:30:58.501-05:00 DEBUG 4002 --- [hazmat-safety-system] [nio-8080-exec-9] o.s.security.web.FilterChainProxy        : Securing GET /dashboard/hot-knowledge
2026-01-05T04:30:58.502-05:00 DEBUG 4002 --- [hazmat-safety-system] [nio-8080-exec-5] o.s.security.web.FilterChainProxy        : Secured GET /dashboard/pending-plans
2026-01-05T04:30:58.502-05:00 DEBUG 4002 --- [hazmat-safety-system] [nio-8080-exec-9] o.s.security.web.FilterChainProxy        : Secured GET /dashboard/hot-knowledge
Creating a new SqlSession
Creating a new SqlSession
SqlSession [org.apache.ibatis.session.defaults.DefaultSqlSession@23be5fee] was not registered for synchronization because synchronization is not active
SqlSession [org.apache.ibatis.session.defaults.DefaultSqlSession@40df1a9d] was not registered for synchronization because synchronization is not active
JDBC Connection [HikariProxyConnection@306903396 wrapping com.mysql.cj.jdbc.ConnectionImpl@7ac22c1e] will not be managed by Spring
==>  Preparing: SELECT id,title,description,check_type,plan_date,department,status,create_by,create_time,update_time FROM check_plan WHERE (status IN (?,?)) ORDER BY plan_date ASC
==> Parameters: 0(Integer), 1(Integer)
JDBC Connection [HikariProxyConnection@971957147 wrapping com.mysql.cj.jdbc.ConnectionImpl@248d3a] will not be managed by Spring
==>  Preparing: SELECT id,title,content,category,cover_image,view_count,status,create_by,create_time,update_time FROM safety_knowledge WHERE (status = ?) ORDER BY view_count DESC LIMIT 5
==> Parameters: 1(Integer)
<==      Total: 0
Closing non transactional SqlSession [org.apache.ibatis.session.defaults.DefaultSqlSession@23be5fee]
<==    Columns: id, title, content, category, cover_image, view_count, status, create_by, create_time, update_time
<==        Row: 1, 危险化学品安全操作规程, <<BLOB>>, 操作规程, null, 2, 1, null, 2026-01-05 08:59:13, 2026-01-05 08:59:13
<==        Row: 3, 个人防护装备使用指南, <<BLOB>>, 安全知识, null, 2, 1, null, 2026-01-05 08:59:13, 2026-01-05 08:59:13
<==        Row: 2, 化学品泄漏应急处置预案, <<BLOB>>, 应急预案, null, 0, 1, null, 2026-01-05 08:59:13, 2026-01-05 08:59:13
<==      Total: 3
Closing non transactional SqlSession [org.apache.ibatis.session.defaults.DefaultSqlSession@40df1a9d]
2026-01-05T04:30:58.513-05:00 DEBUG 4002 --- [hazmat-safety-system] [nio-8080-exec-8] o.s.security.web.FilterChainProxy        : Securing GET /dashboard/announcements
2026-01-05T04:30:58.514-05:00 DEBUG 4002 --- [hazmat-safety-system] [nio-8080-exec-8] o.s.security.web.FilterChainProxy        : Secured GET /dashboard/announcements
Creating a new SqlSession
SqlSession [org.apache.ibatis.session.defaults.DefaultSqlSession@4ff9d409] was not registered for synchronization because synchronization is not active
JDBC Connection [HikariProxyConnection@875725584 wrapping com.mysql.cj.jdbc.ConnectionImpl@25842790] will not be managed by Spring
==>  Preparing: SELECT id,title,content,type,priority,status,publish_time,create_by,create_time,update_time FROM announcement WHERE (status = ?) ORDER BY priority DESC,publish_time DESC LIMIT 5
==> Parameters: 1(Integer)
<==    Columns: id, title, content, type, priority, status, publish_time, create_by, create_time, update_time
<==        Row: 1, 企业危化品安全管理系统上线通知, <<BLOB>>, 通知, 1, 1, 2026-01-05 08:59:13, null, 2026-01-05 08:59:13, 2026-01-05 08:59:13
<==        Row: 2, 系统简介, <<BLOB>>, 系统简介, 0, 1, 2026-01-05 08:59:13, null, 2026-01-05 08:59:13, 2026-01-05 08:59:13
<==      Total: 2
Closing non transactional SqlSession [org.apache.ibatis.session.defaults.DefaultSqlSession@4ff9d409]
2026-01-05T04:30:58.524-05:00 DEBUG 4002 --- [hazmat-safety-system] [nio-8080-exec-2] o.s.security.web.FilterChainProxy        : Securing GET /dashboard/pending-hazards
2026-01-05T04:30:58.524-05:00 DEBUG 4002 --- [hazmat-safety-system] [nio-8080-exec-6] o.s.security.web.FilterChainProxy        : Securing GET /dashboard/stats
2026-01-05T04:30:58.526-05:00 DEBUG 4002 --- [hazmat-safety-system] [nio-8080-exec-6] o.s.security.web.FilterChainProxy        : Secured GET /dashboard/stats
2026-01-05T04:30:58.526-05:00 DEBUG 4002 --- [hazmat-safety-system] [nio-8080-exec-2] o.s.security.web.FilterChainProxy        : Secured GET /dashboard/pending-hazards
Creating a new SqlSession
SqlSession [org.apache.ibatis.session.defaults.DefaultSqlSession@69ec3751] was not registered for synchronization because synchronization is not active
Creating a new SqlSession
SqlSession [org.apache.ibatis.session.defaults.DefaultSqlSession@7cefc63a] was not registered for synchronization because synchronization is not active
JDBC Connection [HikariProxyConnection@1968062673 wrapping com.mysql.cj.jdbc.ConnectionImpl@7ac22c1e] will not be managed by Spring
==>  Preparing: SELECT id,title,description,location,hazard_level,hazard_type,images,reporter_id,reporter_name,report_time,status,handler_id,handler_name,handle_time,handle_result,create_time,update_time FROM hazard_report WHERE (status IN (?,?)) ORDER BY report_time DESC
JDBC Connection [HikariProxyConnection@522541837 wrapping com.mysql.cj.jdbc.ConnectionImpl@249c4e26] will not be managed by Spring
==>  Preparing: SELECT COUNT( * ) AS total FROM hazmat_info WHERE (status = ?)
==> Parameters: 0(Integer), 1(Integer)
==> Parameters: 1(Integer)
<==    Columns: id, title, description, location, hazard_level, hazard_type, images, reporter_id, reporter_name, report_time, status, handler_id, handler_name, handle_time, handle_result, create_time, update_time
<==        Row: 1, 111, <<BLOB>>, 1, 一般, null, <<BLOB>>, 2, 111, 2026-01-05 04:22:33, 0, null, null, null, <<BLOB>>, 2026-01-05 04:22:33, 2026-01-05 04:22:33
<==    Columns: total
<==        Row: 5
<==      Total: 1
Closing non transactional SqlSession [org.apache.ibatis.session.defaults.DefaultSqlSession@69ec3751]
<==      Total: 1
Creating a new SqlSession
SqlSession [org.apache.ibatis.session.defaults.DefaultSqlSession@6a09c5f2] was not registered for synchronization because synchronization is not active
Closing non transactional SqlSession [org.apache.ibatis.session.defaults.DefaultSqlSession@7cefc63a]
JDBC Connection [HikariProxyConnection@1658265949 wrapping com.mysql.cj.jdbc.ConnectionImpl@249c4e26] will not be managed by Spring
==>  Preparing: SELECT COUNT( * ) AS total FROM check_plan
==> Parameters: 
<==    Columns: total
<==        Row: 0
<==      Total: 1
Closing non transactional SqlSession [org.apache.ibatis.session.defaults.DefaultSqlSession@6a09c5f2]
Creating a new SqlSession
SqlSession [org.apache.ibatis.session.defaults.DefaultSqlSession@243069ac] was not registered for synchronization because synchronization is not active
JDBC Connection [HikariProxyConnection@3284621 wrapping com.mysql.cj.jdbc.ConnectionImpl@249c4e26] will not be managed by Spring
==>  Preparing: SELECT COUNT( * ) AS total FROM check_record
==> Parameters: 
<==    Columns: total
<==        Row: 0
<==      Total: 1
Closing non transactional SqlSession [org.apache.ibatis.session.defaults.DefaultSqlSession@243069ac]
Creating a new SqlSession
SqlSession [org.apache.ibatis.session.defaults.DefaultSqlSession@731abc6b] was not registered for synchronization because synchronization is not active
JDBC Connection [HikariProxyConnection@1421919917 wrapping com.mysql.cj.jdbc.ConnectionImpl@249c4e26] will not be managed by Spring
==>  Preparing: SELECT COUNT( * ) AS total FROM hazard_report
==> Parameters: 
<==    Columns: total
<==        Row: 1
<==      Total: 1
Closing non transactional SqlSession [org.apache.ibatis.session.defaults.DefaultSqlSession@731abc6b]
Creating a new SqlSession
SqlSession [org.apache.ibatis.session.defaults.DefaultSqlSession@3f8972b1] was not registered for synchronization because synchronization is not active
JDBC Connection [HikariProxyConnection@433486031 wrapping com.mysql.cj.jdbc.ConnectionImpl@249c4e26] will not be managed by Spring
==>  Preparing: SELECT COUNT( * ) AS total FROM hazard_report WHERE (status = ?)
==> Parameters: 0(Integer)
<==    Columns: total
<==        Row: 1
<==      Total: 1
Closing non transactional SqlSession [org.apache.ibatis.session.defaults.DefaultSqlSession@3f8972b1]
Creating a new SqlSession
SqlSession [org.apache.ibatis.session.defaults.DefaultSqlSession@3cf6d55a] was not registered for synchronization because synchronization is not active
JDBC Connection [HikariProxyConnection@1209939087 wrapping com.mysql.cj.jdbc.ConnectionImpl@249c4e26] will not be managed by Spring
==>  Preparing: SELECT COUNT( * ) AS total FROM safety_knowledge WHERE (status = ?)
==> Parameters: 1(Integer)
<==    Columns: total
<==        Row: 3
<==      Total: 1
Closing non transactional SqlSession [org.apache.ibatis.session.defaults.DefaultSqlSession@3cf6d55a]
Creating a new SqlSession
SqlSession [org.apache.ibatis.session.defaults.DefaultSqlSession@20105771] was not registered for synchronization because synchronization is not active
JDBC Connection [HikariProxyConnection@717621804 wrapping com.mysql.cj.jdbc.ConnectionImpl@249c4e26] will not be managed by Spring
==>  Preparing: SELECT COUNT( * ) AS total FROM announcement WHERE (status = ?)
==> Parameters: 1(Integer)
<==    Columns: total
<==        Row: 2
<==      Total: 1
Closing non transactional SqlSession [org.apache.ibatis.session.defaults.DefaultSqlSession@20105771]
2026-01-05T04:31:55.224-05:00 DEBUG 4002 --- [hazmat-safety-system] [nio-8080-exec-3] o.s.security.web.FilterChainProxy        : Securing POST /auth/login
2026-01-05T04:31:55.225-05:00 DEBUG 4002 --- [hazmat-safety-system] [nio-8080-exec-3] o.s.s.w.a.AnonymousAuthenticationFilter  : Set SecurityContextHolder to anonymous SecurityContext
2026-01-05T04:31:55.225-05:00 DEBUG 4002 --- [hazmat-safety-system] [nio-8080-exec-3] o.s.security.web.FilterChainProxy        : Secured POST /auth/login
Creating a new SqlSession
SqlSession [org.apache.ibatis.session.defaults.DefaultSqlSession@13f9393] was not registered for synchronization because synchronization is not active
JDBC Connection [HikariProxyConnection@902427248 wrapping com.mysql.cj.jdbc.ConnectionImpl@1d3cf87a] will not be managed by Spring
==>  Preparing: SELECT id,username,password,real_name,phone,email,department,avatar,status,create_time,update_time FROM safety_admin WHERE (username = ?)
==> Parameters: safety(String)
<==    Columns: id, username, password, real_name, phone, email, department, avatar, status, create_time, update_time
<==        Row: 1, safety, $2b$12$tpP2JAqVoWFv0gpHINXCIOzLkBXozPwQJ.bQkP8ISRodVV36ahICW, 安全管理员, 13800000001, safety@example.com, 安全管理部, null, 1, 2026-01-05 08:59:13, 2026-01-05 09:15:26
<==      Total: 1
Closing non transactional SqlSession [org.apache.ibatis.session.defaults.DefaultSqlSession@13f9393]
2026-01-05T04:31:55.953-05:00 DEBUG 4002 --- [hazmat-safety-system] [nio-8080-exec-7] o.s.security.web.FilterChainProxy        : Securing GET /dashboard/stats
2026-01-05T04:31:55.955-05:00 DEBUG 4002 --- [hazmat-safety-system] [nio-8080-exec-7] o.s.security.web.FilterChainProxy        : Secured GET /dashboard/stats
2026-01-05T04:31:55.955-05:00 DEBUG 4002 --- [hazmat-safety-system] [io-8080-exec-10] o.s.security.web.FilterChainProxy        : Securing GET /dashboard/announcements
2026-01-05T04:31:55.955-05:00 DEBUG 4002 --- [hazmat-safety-system] [nio-8080-exec-1] o.s.security.web.FilterChainProxy        : Securing GET /dashboard/hot-knowledge
Creating a new SqlSession
SqlSession [org.apache.ibatis.session.defaults.DefaultSqlSession@4c268d55] was not registered for synchronization because synchronization is not active
2026-01-05T04:31:55.956-05:00 DEBUG 4002 --- [hazmat-safety-system] [nio-8080-exec-1] o.s.security.web.FilterChainProxy        : Secured GET /dashboard/hot-knowledge
Creating a new SqlSession
SqlSession [org.apache.ibatis.session.defaults.DefaultSqlSession@20ed8f4b] was not registered for synchronization because synchronization is not active
JDBC Connection [HikariProxyConnection@1312731641 wrapping com.mysql.cj.jdbc.ConnectionImpl@1d3cf87a] will not be managed by Spring
==>  Preparing: SELECT COUNT( * ) AS total FROM hazmat_info WHERE (status = ?)
==> Parameters: 1(Integer)
2026-01-05T04:31:55.957-05:00 DEBUG 4002 --- [hazmat-safety-system] [io-8080-exec-10] o.s.security.web.FilterChainProxy        : Secured GET /dashboard/announcements
Creating a new SqlSession
SqlSession [org.apache.ibatis.session.defaults.DefaultSqlSession@d8fc207] was not registered for synchronization because synchronization is not active
<==    Columns: total
<==        Row: 5
<==      Total: 1
Closing non transactional SqlSession [org.apache.ibatis.session.defaults.DefaultSqlSession@4c268d55]
JDBC Connection [HikariProxyConnection@2019111946 wrapping com.mysql.cj.jdbc.ConnectionImpl@7ac22c1e] will not be managed by Spring
Creating a new SqlSession
SqlSession [org.apache.ibatis.session.defaults.DefaultSqlSession@674bf38] was not registered for synchronization because synchronization is not active
==>  Preparing: SELECT id,title,content,type,priority,status,publish_time,create_by,create_time,update_time FROM announcement WHERE (status = ?) ORDER BY priority DESC,publish_time DESC LIMIT 5
JDBC Connection [HikariProxyConnection@2126562950 wrapping com.mysql.cj.jdbc.ConnectionImpl@1d3cf87a] will not be managed by Spring
==>  Preparing: SELECT COUNT( * ) AS total FROM check_plan
==> Parameters: 
==> Parameters: 1(Integer)
JDBC Connection [HikariProxyConnection@1143298331 wrapping com.mysql.cj.jdbc.ConnectionImpl@248d3a] will not be managed by Spring
==>  Preparing: SELECT id,title,content,category,cover_image,view_count,status,create_by,create_time,update_time FROM safety_knowledge WHERE (status = ?) ORDER BY view_count DESC LIMIT 5
==> Parameters: 1(Integer)
<==    Columns: total
<==        Row: 0
<==      Total: 1
Closing non transactional SqlSession [org.apache.ibatis.session.defaults.DefaultSqlSession@674bf38]
Creating a new SqlSession
SqlSession [org.apache.ibatis.session.defaults.DefaultSqlSession@36a4da9e] was not registered for synchronization because synchronization is not active
JDBC Connection [HikariProxyConnection@352992781 wrapping com.mysql.cj.jdbc.ConnectionImpl@1d3cf87a] will not be managed by Spring
==>  Preparing: SELECT COUNT( * ) AS total FROM check_record
==> Parameters: 
<==    Columns: id, title, content, category, cover_image, view_count, status, create_by, create_time, update_time
<==    Columns: total
<==        Row: 0
<==      Total: 1
<==        Row: 1, 危险化学品安全操作规程, <<BLOB>>, 操作规程, null, 2, 1, null, 2026-01-05 08:59:13, 2026-01-05 08:59:13
Closing non transactional SqlSession [org.apache.ibatis.session.defaults.DefaultSqlSession@36a4da9e]
Creating a new SqlSession
<==    Columns: id, title, content, type, priority, status, publish_time, create_by, create_time, update_time
SqlSession [org.apache.ibatis.session.defaults.DefaultSqlSession@78d78643] was not registered for synchronization because synchronization is not active
<==        Row: 3, 个人防护装备使用指南, <<BLOB>>, 安全知识, null, 2, 1, null, 2026-01-05 08:59:13, 2026-01-05 08:59:13
JDBC Connection [HikariProxyConnection@1748485101 wrapping com.mysql.cj.jdbc.ConnectionImpl@1d3cf87a] will not be managed by Spring
==>  Preparing: SELECT COUNT( * ) AS total FROM hazard_report
<==        Row: 2, 化学品泄漏应急处置预案, <<BLOB>>, 应急预案, null, 0, 1, null, 2026-01-05 08:59:13, 2026-01-05 08:59:13
<==        Row: 1, 企业危化品安全管理系统上线通知, <<BLOB>>, 通知, 1, 1, 2026-01-05 08:59:13, null, 2026-01-05 08:59:13, 2026-01-05 08:59:13
<==      Total: 3
==> Parameters: 
<==        Row: 2, 系统简介, <<BLOB>>, 系统简介, 0, 1, 2026-01-05 08:59:13, null, 2026-01-05 08:59:13, 2026-01-05 08:59:13
Closing non transactional SqlSession [org.apache.ibatis.session.defaults.DefaultSqlSession@20ed8f4b]
<==      Total: 2
Closing non transactional SqlSession [org.apache.ibatis.session.defaults.DefaultSqlSession@d8fc207]
<==    Columns: total
<==        Row: 1
<==      Total: 1
Closing non transactional SqlSession [org.apache.ibatis.session.defaults.DefaultSqlSession@78d78643]
Creating a new SqlSession
SqlSession [org.apache.ibatis.session.defaults.DefaultSqlSession@70254923] was not registered for synchronization because synchronization is not active
JDBC Connection [HikariProxyConnection@881081594 wrapping com.mysql.cj.jdbc.ConnectionImpl@1d3cf87a] will not be managed by Spring
==>  Preparing: SELECT COUNT( * ) AS total FROM hazard_report WHERE (status = ?)
==> Parameters: 0(Integer)
<==    Columns: total
<==        Row: 1
<==      Total: 1
Closing non transactional SqlSession [org.apache.ibatis.session.defaults.DefaultSqlSession@70254923]
Creating a new SqlSession
SqlSession [org.apache.ibatis.session.defaults.DefaultSqlSession@5815b31] was not registered for synchronization because synchronization is not active
JDBC Connection [HikariProxyConnection@1605854963 wrapping com.mysql.cj.jdbc.ConnectionImpl@1d3cf87a] will not be managed by Spring
==>  Preparing: SELECT COUNT( * ) AS total FROM safety_knowledge WHERE (status = ?)
==> Parameters: 1(Integer)
<==    Columns: total
<==        Row: 3
<==      Total: 1
Closing non transactional SqlSession [org.apache.ibatis.session.defaults.DefaultSqlSession@5815b31]
Creating a new SqlSession
SqlSession [org.apache.ibatis.session.defaults.DefaultSqlSession@7d4581be] was not registered for synchronization because synchronization is not active
JDBC Connection [HikariProxyConnection@1913783796 wrapping com.mysql.cj.jdbc.ConnectionImpl@1d3cf87a] will not be managed by Spring
==>  Preparing: SELECT COUNT( * ) AS total FROM announcement WHERE (status = ?)
==> Parameters: 1(Integer)
2026-01-05T04:31:55.963-05:00 DEBUG 4002 --- [hazmat-safety-system] [nio-8080-exec-4] o.s.security.web.FilterChainProxy        : Securing GET /dashboard/pending-plans
<==    Columns: total
<==        Row: 2
<==      Total: 1
Closing non transactional SqlSession [org.apache.ibatis.session.defaults.DefaultSqlSession@7d4581be]
2026-01-05T04:31:55.963-05:00 DEBUG 4002 --- [hazmat-safety-system] [nio-8080-exec-5] o.s.security.web.FilterChainProxy        : Securing GET /dashboard/pending-hazards
2026-01-05T04:31:55.964-05:00 DEBUG 4002 --- [hazmat-safety-system] [nio-8080-exec-5] o.s.security.web.FilterChainProxy        : Secured GET /dashboard/pending-hazards
2026-01-05T04:31:55.964-05:00 DEBUG 4002 --- [hazmat-safety-system] [nio-8080-exec-4] o.s.security.web.FilterChainProxy        : Secured GET /dashboard/pending-plans
Creating a new SqlSession
SqlSession [org.apache.ibatis.session.defaults.DefaultSqlSession@354a340d] was not registered for synchronization because synchronization is not active
JDBC Connection [HikariProxyConnection@1683643493 wrapping com.mysql.cj.jdbc.ConnectionImpl@7ac22c1e] will not be managed by Spring
==>  Preparing: SELECT id,title,description,location,hazard_level,hazard_type,images,reporter_id,reporter_name,report_time,status,handler_id,handler_name,handle_time,handle_result,create_time,update_time FROM hazard_report WHERE (status IN (?,?)) ORDER BY report_time DESC
Creating a new SqlSession
SqlSession [org.apache.ibatis.session.defaults.DefaultSqlSession@2f7638d7] was not registered for synchronization because synchronization is not active
==> Parameters: 0(Integer), 1(Integer)
JDBC Connection [HikariProxyConnection@1642400475 wrapping com.mysql.cj.jdbc.ConnectionImpl@25842790] will not be managed by Spring
==>  Preparing: SELECT id,title,description,check_type,plan_date,department,status,create_by,create_time,update_time FROM check_plan WHERE (status IN (?,?)) ORDER BY plan_date ASC
<==    Columns: id, title, description, location, hazard_level, hazard_type, images, reporter_id, reporter_name, report_time, status, handler_id, handler_name, handle_time, handle_result, create_time, update_time
<==        Row: 1, 111, <<BLOB>>, 1, 一般, null, <<BLOB>>, 2, 111, 2026-01-05 04:22:33, 0, null, null, null, <<BLOB>>, 2026-01-05 04:22:33, 2026-01-05 04:22:33
==> Parameters: 0(Integer), 1(Integer)
<==      Total: 1
Closing non transactional SqlSession [org.apache.ibatis.session.defaults.DefaultSqlSession@354a340d]
<==      Total: 0
Closing non transactional SqlSession [org.apache.ibatis.session.defaults.DefaultSqlSession@2f7638d7]
2026-01-05T04:32:53.376-05:00 DEBUG 4002 --- [hazmat-safety-system] [nio-8080-exec-9] o.s.security.web.FilterChainProxy        : Securing POST /auth/login
2026-01-05T04:32:53.377-05:00 DEBUG 4002 --- [hazmat-safety-system] [nio-8080-exec-9] o.s.s.w.a.AnonymousAuthenticationFilter  : Set SecurityContextHolder to anonymous SecurityContext
2026-01-05T04:32:53.377-05:00 DEBUG 4002 --- [hazmat-safety-system] [nio-8080-exec-9] o.s.security.web.FilterChainProxy        : Secured POST /auth/login
Creating a new SqlSession
SqlSession [org.apache.ibatis.session.defaults.DefaultSqlSession@6cc753a2] was not registered for synchronization because synchronization is not active
JDBC Connection [HikariProxyConnection@1425323861 wrapping com.mysql.cj.jdbc.ConnectionImpl@248d3a] will not be managed by Spring
==>  Preparing: SELECT id,username,password,real_name,phone,email,department,avatar,status,create_time,update_time FROM safety_admin WHERE (username = ?)
==> Parameters: safety(String)
<==    Columns: id, username, password, real_name, phone, email, department, avatar, status, create_time, update_time
<==        Row: 1, safety, $2b$12$tpP2JAqVoWFv0gpHINXCIOzLkBXozPwQJ.bQkP8ISRodVV36ahICW, 安全管理员, 13800000001, safety@example.com, 安全管理部, null, 1, 2026-01-05 08:59:13, 2026-01-05 09:15:26
<==      Total: 1
Closing non transactional SqlSession [org.apache.ibatis.session.defaults.DefaultSqlSession@6cc753a2]
